week,task_id,percent_complete,actual_cost_ngn
1,A1,100,457000
1,A2,25,393000
1,C1,25,389000
1,D1,7,177000
2,A1,100,457000
2,A2,88,1375000
2,C1,88,1363000
2,D1,24,621000
3,A1,100,457000
3,A2,100,1571000
3,A3,12,492000
3,B1,44,1030000
3,C1,100,1557000
3,C2,40,3224000
3,C4,33,1045000
3,D1,41,1065000
3,E1,50,399000
4,A1,100,457000
4,A2,100,1571000
4,A3,27,1108000
4,B1,100,2318000
4,C1,100,1557000
4,C2,90,7254000
4,C4,75,2352000
4,D1,59,1508000
4,E1,100,799000
5,A1,100,457000
5,A2,100,1571000
5,A3,42,1724000
5,B1,100,2318000
5,B2,16,4770000
5,B3,83,559000
5,C1,100,1557000
5,C2,100,8060000
5,C4,100,3136000
5,D1,76,1952000
5,E1,100,799000
6,A1,100,457000
6,A2,100,1571000
6,A3,58,2339000
6,B1,100,2318000
6,B2,32,9540000
6,B3,100,670000
6,B4,11,2352000
6,C1,100,1557000
6,C2,100,8060000
6,C4,100,3136000
6,D1,93,2395000
6,E1,100,799000
7,A1,100,457000
7,A2,100,1571000
7,A3,73,2955000
7,B1,100,2318000
7,B2,48,14310000
7,B3,100,670000
7,B4,24,5292000
7,C1,100,1557000
7,C2,100,8060000
7,C4,100,3136000
7,D1,100,2573000
7,D2,14,319000
7,E1,100,799000
8,A1,100,457000
8,A2,100,1571000
8,A3,88,3570000
8,B1,100,2318000
8,B2,65,19080000
8,B3,100,670000
8,B4,37,8232000
8,C1,100,1557000
8,C2,100,8060000
8,C4,100,3136000
8,D1,100,2573000
8,D2,38,850000
8,E1,100,799000
9,A1,100,457000
9,A2,100,1571000
9,A3,100,4063000
9,B1,100,2318000
9,B2,81,23850000
9,B3,100,670000
9,B4,50,11172000
9,C1,100,1557000
9,C2,100,8060000
9,C4,100,3136000
9,D1,100,2573000
9,D2,62,1381000
9,E1,100,799000
10,A1,100,457000
10,A2,100,1571000
10,A3,100,4063000
10,B1,100,2318000
10,B2,97,28620000
10,B3,100,670000
10,B4,63,14112000
10,C1,100,1557000
10,C2,100,8060000
10,C4,100,3136000
10,D1,100,2573000
10,D2,86,1913000
10,E1,100,799000
