customer_id,signup_date,state,age_band,acquisition_channel,kyc_tier
PS-00001,2024-11-28,Delta,35-44,Referral,1
PS-00002,2025-12-20,Oyo,55+,Referral,2
PS-00003,2025-03-31,Delta,35-44,Referral,1
PS-00004,2025-04-21,Enugu,35-44,Referral,1
PS-00005,2025-05-03,Rivers,18-24,Referral,1
PS-00006,2025-04-11,FCT,25-34,Organic,2
PS-00007,2025-06-24,Lagos,45-54,Agent,1
PS-00008,2025-07-05,Rivers,25-34,Organic,1
PS-00009,2025-10-22,Lagos,25-34,Social ads,2
PS-00010,2025-11-04,FCT,25-34,Social ads,3
PS-00011,2026-02-02,Kano,35-44,Referral,3
PS-00012,2024-11-06,Rivers,18-24,Referral,1
PS-00013,2025-09-28,Lagos,35-44,Social ads,3
PS-00014,2025-12-04,Oyo,18-24,Referral,1
PS-00015,2026-02-25,Kaduna,45-54,Agent,2
PS-00016,2025-02-18,Lagos,25-34,Agent,2
PS-00017,2025-05-05,Rivers,25-34,Social ads,2
PS-00018,2024-12-28,Ogun,25-34,Referral,3
PS-00019,2026-01-27,Enugu,18-24,Agent,1
PS-00020,2025-04-13,Delta,35-44,Social ads,2
PS-00021,2025-08-21,Enugu,18-24,Social ads,2
PS-00022,2024-12-16,Lagos,25-34,Social ads,1
PS-00023,2025-04-21,Kano,35-44,Social ads,3
PS-00024,2025-01-04,Oyo,25-34,Referral,2
PS-00025,2024-12-10,FCT,55+,Referral,2
PS-00026,2025-11-17,FCT,35-44,Agent,1
PS-00027,2024-11-16,Delta,35-44,Social ads,2
PS-00028,2024-06-06,Anambra,25-34,Social ads,2
PS-00029,2025-06-03,Anambra,18-24,Social ads,3
PS-00030,2025-11-29,Lagos,25-34,Organic,1
PS-00031,2025-05-28,Kano,18-24,Agent,3
PS-00032,2025-09-11,Lagos,18-24,Referral,2
PS-00033,2024-06-05,Lagos,25-34,Agent,1
PS-00034,2026-01-12,Enugu,25-34,Referral,3
PS-00035,2024-09-12,Lagos,35-44,Social ads,2
PS-00036,2025-07-05,Delta,25-34,Referral,2
PS-00037,2025-07-09,FCT,18-24,Organic,2
PS-00038,2025-10-30,Enugu,18-24,Social ads,3
PS-00039,2025-07-28,Rivers,18-24,Agent,3
PS-00040,2025-12-21,FCT,25-34,Referral,1
PS-00041,2025-01-23,Kaduna,18-24,Organic,1
PS-00042,2025-12-12,Ogun,35-44,Agent,2
PS-00043,2025-04-30,Ogun,25-34,Social ads,1
PS-00044,2024-10-11,FCT,25-34,Social ads,1
PS-00045,2025-04-26,Lagos,25-34,Agent,3
PS-00046,2024-11-27,FCT,25-34,Social ads,3
PS-00047,2025-10-25,Lagos,18-24,Referral,2
PS-00048,2025-05-04,Kano,18-24,Agent,3
PS-00049,2025-07-30,Rivers,18-24,Agent,2
PS-00050,2026-02-24,Lagos,18-24,Referral,1
PS-00051,2025-02-12,FCT,55+,Organic,1
PS-00052,2025-12-24,Rivers,55+,Social ads,2
PS-00053,2024-11-28,Delta,18-24,Referral,1
PS-00054,2025-10-03,Rivers,25-34,Agent,2
PS-00055,2025-02-17,FCT,45-54,Social ads,2
PS-00056,2025-06-24,Oyo,25-34,Social ads,2
PS-00057,2025-10-31,Rivers,45-54,Referral,3
PS-00058,2025-05-20,Kaduna,18-24,Referral,1
PS-00059,2025-12-25,Kaduna,35-44,Social ads,2
PS-00060,2025-02-18,Enugu,45-54,Referral,3
PS-00061,2025-12-24,Oyo,25-34,Referral,2
PS-00062,2024-12-07,Delta,25-34,Agent,2
PS-00063,2025-08-10,Ogun,35-44,Agent,2
PS-00064,2024-10-14,Lagos,18-24,Agent,3
PS-00065,2025-10-14,Enugu,25-34,Social ads,2
PS-00066,2024-10-29,Delta,18-24,Agent,3
PS-00067,2024-11-26,FCT,35-44,Social ads,3
PS-00068,2025-01-05,Kaduna,25-34,Social ads,3
PS-00069,2026-01-11,Kaduna,18-24,Agent,2
PS-00070,2025-02-04,Rivers,25-34,Referral,1
PS-00071,2024-10-04,FCT,35-44,Referral,1
PS-00072,2025-07-22,Rivers,25-34,Agent,3
PS-00073,2026-01-14,Lagos,25-34,Agent,2
PS-00074,2024-12-08,Oyo,35-44,Social ads,2
PS-00075,2024-12-03,Kaduna,18-24,Agent,2
PS-00076,2024-10-15,Anambra,18-24,Agent,2
PS-00077,2026-02-18,FCT,18-24,Social ads,1
PS-00078,2024-11-07,Delta,35-44,Referral,1
PS-00079,2025-01-25,Kaduna,18-24,Agent,2
PS-00080,2025-11-05,Kano,35-44,Agent,2
PS-00081,2024-12-08,Lagos,25-34,Social ads,2
PS-00082,2025-04-30,Lagos,25-34,Agent,2
PS-00083,2025-02-26,Kaduna,45-54,Organic,3
PS-00084,2025-05-18,Kano,35-44,Agent,1
PS-00085,2025-08-26,Kano,18-24,Social ads,1
PS-00086,2024-07-21,Kano,25-34,Agent,1
PS-00087,2024-11-18,Lagos,25-34,Agent,3
PS-00088,2025-03-14,Lagos,45-54,Organic,3
PS-00089,2025-03-30,Kaduna,45-54,Social ads,3
PS-00090,2025-08-14,Delta,35-44,Organic,2
PS-00091,2025-01-09,Anambra,25-34,Social ads,1
PS-00092,2025-09-25,Ogun,25-34,Agent,3
PS-00093,2025-04-22,Lagos,35-44,Agent,1
PS-00094,2025-09-10,Ogun,55+,Referral,3
PS-00095,2024-11-17,FCT,18-24,Referral,2
PS-00096,2025-12-20,Lagos,35-44,Organic,1
PS-00097,2025-04-30,Kano,18-24,Referral,2
PS-00098,2024-07-21,Ogun,25-34,Social ads,2
PS-00099,2025-12-28,Ogun,35-44,Organic,3
PS-00100,2025-08-01,Oyo,25-34,Agent,1
PS-00101,2024-10-22,Kano,55+,Agent,2
PS-00102,2025-06-05,Lagos,18-24,Referral,3
PS-00103,2024-12-24,Ogun,35-44,Social ads,3
PS-00104,2025-07-11,Oyo,25-34,Social ads,1
PS-00105,2024-12-20,Anambra,25-34,Organic,3
PS-00106,2024-10-08,Lagos,25-34,Agent,3
PS-00107,2024-06-02,FCT,25-34,Referral,2
PS-00108,2024-07-04,Enugu,18-24,Social ads,2
PS-00109,2025-05-15,FCT,25-34,Organic,2
PS-00110,2024-09-18,Anambra,35-44,Social ads,2
PS-00111,2025-03-22,Lagos,35-44,Agent,1
PS-00112,2025-12-31,Delta,18-24,Referral,2
PS-00113,2025-10-25,Lagos,18-24,Referral,2
PS-00114,2026-01-02,Enugu,25-34,Agent,2
PS-00115,2025-10-11,Lagos,35-44,Agent,2
PS-00116,2025-11-08,FCT,25-34,Agent,1
PS-00117,2024-10-31,Ogun,18-24,Agent,2
PS-00118,2026-02-09,FCT,18-24,Agent,3
PS-00119,2024-12-10,Lagos,35-44,Referral,3
PS-00120,2025-08-21,FCT,55+,Agent,2
PS-00121,2026-01-28,Kano,25-34,Agent,2
PS-00122,2024-06-04,Delta,18-24,Agent,3
PS-00123,2024-09-09,Lagos,25-34,Referral,1
PS-00124,2025-06-05,Delta,18-24,Organic,2
PS-00125,2024-12-04,Delta,25-34,Social ads,1
PS-00126,2025-05-20,Rivers,35-44,Organic,2
PS-00127,2024-08-26,Ogun,35-44,Agent,3
PS-00128,2025-10-21,Rivers,45-54,Referral,1
PS-00129,2025-07-31,Lagos,25-34,Referral,3
PS-00130,2025-02-15,Kano,35-44,Referral,1
PS-00131,2024-12-05,Kano,18-24,Agent,2
PS-00132,2025-06-30,Delta,25-34,Agent,2
PS-00133,2025-04-22,Kano,25-34,Agent,3
PS-00134,2024-08-09,Rivers,25-34,Referral,1
PS-00135,2025-10-03,Delta,35-44,Agent,1
PS-00136,2025-09-26,Rivers,18-24,Organic,2
PS-00137,2025-12-16,Rivers,35-44,Social ads,2
PS-00138,2024-11-02,Rivers,25-34,Agent,1
PS-00139,2025-05-13,Kaduna,45-54,Agent,2
PS-00140,2024-07-15,Lagos,18-24,Social ads,1
PS-00141,2025-10-25,Kaduna,25-34,Organic,2
PS-00142,2025-05-06,Anambra,25-34,Referral,2
PS-00143,2025-02-06,Lagos,18-24,Agent,2
PS-00144,2025-05-01,Lagos,25-34,Organic,2
PS-00145,2024-11-18,Lagos,45-54,Social ads,1
PS-00146,2025-02-12,Delta,45-54,Agent,1
PS-00147,2025-07-03,FCT,25-34,Social ads,1
PS-00148,2024-06-20,Lagos,25-34,Agent,1
PS-00149,2025-02-03,Rivers,25-34,Agent,3
PS-00150,2025-03-02,Anambra,35-44,Social ads,1
PS-00151,2026-01-08,Delta,25-34,Organic,3
PS-00152,2024-07-18,Oyo,45-54,Social ads,2
PS-00153,2025-04-06,Delta,18-24,Organic,2
PS-00154,2025-01-13,Lagos,25-34,Organic,1
PS-00155,2024-06-20,Lagos,45-54,Social ads,2
PS-00156,2024-10-09,Ogun,18-24,Referral,2
PS-00157,2025-12-01,Rivers,25-34,Agent,1
PS-00158,2025-11-21,Lagos,25-34,Organic,3
PS-00159,2025-04-09,Lagos,25-34,Social ads,1
PS-00160,2026-01-07,Lagos,45-54,Agent,2
PS-00161,2024-07-03,Enugu,25-34,Referral,3
PS-00162,2025-12-19,Lagos,35-44,Social ads,1
PS-00163,2024-09-06,Enugu,55+,Social ads,2
PS-00164,2025-04-09,FCT,35-44,Referral,2
PS-00165,2024-09-07,Oyo,35-44,Referral,1
PS-00166,2024-08-19,Lagos,18-24,Agent,1
PS-00167,2025-05-23,Oyo,35-44,Social ads,2
PS-00168,2025-07-01,Lagos,25-34,Referral,2
PS-00169,2026-01-05,Oyo,25-34,Agent,1
PS-00170,2024-09-21,Rivers,25-34,Agent,1
PS-00171,2025-07-31,Ogun,25-34,Organic,3
PS-00172,2025-10-29,Ogun,25-34,Agent,2
PS-00173,2025-09-20,Rivers,25-34,Organic,1
PS-00174,2025-05-12,Lagos,35-44,Agent,1
PS-00175,2025-06-14,Ogun,18-24,Social ads,3
PS-00176,2025-01-02,FCT,35-44,Organic,2
PS-00177,2026-01-07,Enugu,35-44,Agent,2
PS-00178,2025-05-27,Oyo,25-34,Agent,2
PS-00179,2025-11-14,Rivers,45-54,Social ads,2
PS-00180,2025-09-22,Kano,18-24,Referral,1
PS-00181,2025-04-04,Anambra,25-34,Referral,2
PS-00182,2025-01-01,Lagos,18-24,Social ads,2
PS-00183,2024-07-22,Kano,45-54,Agent,3
PS-00184,2025-04-29,Ogun,35-44,Social ads,2
PS-00185,2026-01-30,Rivers,18-24,Agent,2
PS-00186,2025-02-14,Kaduna,35-44,Organic,2
PS-00187,2024-10-14,FCT,25-34,Organic,2
PS-00188,2024-09-25,Delta,45-54,Agent,2
PS-00189,2025-03-18,Oyo,25-34,Referral,3
PS-00190,2025-04-13,Kaduna,18-24,Social ads,1
PS-00191,2024-11-30,Kaduna,18-24,Organic,1
PS-00192,2025-08-14,Oyo,35-44,Social ads,3
PS-00193,2025-01-28,Lagos,25-34,Agent,1
PS-00194,2025-11-11,Lagos,25-34,Organic,3
PS-00195,2025-10-06,Kano,25-34,Social ads,2
PS-00196,2024-08-28,Lagos,25-34,Social ads,2
PS-00197,2025-05-04,Kano,55+,Referral,2
PS-00198,2025-02-19,FCT,25-34,Agent,2
PS-00199,2024-10-06,Anambra,35-44,Social ads,2
PS-00200,2024-06-02,Delta,45-54,Agent,3
PS-00201,2026-02-05,Kano,18-24,Agent,2
PS-00202,2026-02-13,Kaduna,25-34,Agent,2
PS-00203,2026-02-14,Enugu,35-44,Agent,2
PS-00204,2024-12-27,Kano,18-24,Agent,2
PS-00205,2025-02-08,Oyo,35-44,Agent,3
PS-00206,2025-02-17,Rivers,25-34,Agent,2
PS-00207,2025-09-08,Ogun,18-24,Agent,3
PS-00208,2025-12-25,Oyo,18-24,Social ads,1
PS-00209,2025-03-10,Anambra,18-24,Agent,1
PS-00210,2024-12-01,FCT,35-44,Agent,1
PS-00211,2026-02-18,Anambra,35-44,Organic,1
PS-00212,2025-02-19,Rivers,25-34,Agent,2
PS-00213,2024-06-29,Lagos,45-54,Referral,2
PS-00214,2025-10-17,Lagos,25-34,Referral,2
PS-00215,2024-07-15,Lagos,25-34,Referral,1
PS-00216,2024-11-19,Rivers,25-34,Agent,1
PS-00217,2024-09-05,Lagos,25-34,Referral,2
PS-00218,2024-09-05,Enugu,25-34,Social ads,1
PS-00219,2025-01-09,Ogun,18-24,Referral,1
PS-00220,2025-06-02,FCT,45-54,Agent,1
PS-00221,2025-01-01,Enugu,18-24,Social ads,2
PS-00222,2025-03-04,Enugu,45-54,Organic,2
PS-00223,2025-12-24,Kano,35-44,Agent,1
PS-00224,2024-06-12,Delta,25-34,Social ads,1
PS-00225,2025-01-24,Rivers,25-34,Social ads,1
PS-00226,2025-01-02,Lagos,25-34,Social ads,3
PS-00227,2024-06-27,Delta,55+,Organic,3
PS-00228,2025-04-23,FCT,25-34,Referral,1
PS-00229,2025-03-29,Oyo,25-34,Organic,1
PS-00230,2026-02-04,Rivers,25-34,Agent,2
PS-00231,2025-05-19,FCT,18-24,Referral,2
PS-00232,2025-11-06,Ogun,25-34,Referral,3
PS-00233,2024-08-29,Rivers,25-34,Agent,2
PS-00234,2024-10-31,Lagos,35-44,Social ads,1
PS-00235,2024-11-25,Delta,25-34,Referral,1
PS-00236,2025-04-01,Delta,55+,Organic,2
PS-00237,2024-11-28,Kaduna,45-54,Agent,1
PS-00238,2025-01-29,Lagos,18-24,Agent,3
PS-00239,2024-06-05,Kaduna,25-34,Agent,3
PS-00240,2025-06-14,Oyo,25-34,Agent,2
PS-00241,2025-03-07,Enugu,45-54,Agent,2
PS-00242,2024-07-11,Lagos,55+,Referral,2
PS-00243,2026-01-01,Rivers,25-34,Organic,1
PS-00244,2024-09-09,FCT,18-24,Organic,1
PS-00245,2024-06-27,Delta,35-44,Organic,3
PS-00246,2024-09-12,Lagos,35-44,Agent,3
PS-00247,2025-04-24,FCT,25-34,Agent,2
PS-00248,2025-09-22,FCT,25-34,Agent,2
PS-00249,2025-08-25,Lagos,25-34,Agent,2
PS-00250,2025-06-24,Rivers,35-44,Social ads,3
PS-00251,2025-03-29,FCT,35-44,Referral,3
PS-00252,2025-06-26,Delta,18-24,Referral,3
PS-00253,2025-03-29,Lagos,35-44,Social ads,1
PS-00254,2025-11-15,Delta,18-24,Referral,2
PS-00255,2025-03-13,Rivers,25-34,Organic,1
PS-00256,2024-12-27,Lagos,25-34,Agent,2
PS-00257,2024-06-22,Oyo,25-34,Agent,2
PS-00258,2025-11-05,Rivers,18-24,Organic,1
PS-00259,2025-06-28,Rivers,35-44,Organic,1
PS-00260,2025-05-18,Ogun,35-44,Referral,3
PS-00261,2025-12-23,Kaduna,18-24,Social ads,1
PS-00262,2025-12-22,Lagos,35-44,Agent,1
PS-00263,2024-12-20,Lagos,35-44,Agent,1
PS-00264,2025-03-22,Anambra,45-54,Organic,2
PS-00265,2025-05-24,Rivers,18-24,Organic,3
PS-00266,2025-11-11,Anambra,55+,Organic,3
PS-00267,2024-06-22,Lagos,45-54,Organic,3
PS-00268,2025-07-27,Lagos,45-54,Agent,1
PS-00269,2025-08-08,Lagos,25-34,Agent,2
PS-00270,2025-06-02,Lagos,55+,Social ads,3
PS-00271,2026-02-19,Lagos,25-34,Organic,1
PS-00272,2026-01-16,Lagos,25-34,Social ads,2
PS-00273,2025-10-26,Kano,45-54,Referral,1
PS-00274,2025-10-22,Kaduna,18-24,Social ads,1
PS-00275,2025-02-25,Kano,18-24,Organic,3
PS-00276,2025-02-08,FCT,35-44,Social ads,1
PS-00277,2025-04-09,Lagos,35-44,Social ads,1
PS-00278,2024-12-20,Oyo,45-54,Referral,2
PS-00279,2026-02-22,Kano,25-34,Social ads,2
PS-00280,2026-02-10,Oyo,35-44,Agent,2
PS-00281,2024-08-11,FCT,25-34,Agent,3
PS-00282,2026-02-26,Enugu,35-44,Referral,2
PS-00283,2026-02-21,Enugu,25-34,Organic,3
PS-00284,2026-02-01,Oyo,25-34,Organic,3
PS-00285,2026-02-02,Kano,45-54,Social ads,2
PS-00286,2025-09-15,FCT,25-34,Agent,1
PS-00287,2025-07-18,Lagos,18-24,Referral,1
PS-00288,2025-06-22,Lagos,35-44,Agent,2
PS-00289,2024-08-10,Oyo,35-44,Social ads,3
PS-00290,2025-09-07,Delta,35-44,Organic,3
PS-00291,2025-05-12,Lagos,45-54,Organic,3
PS-00292,2025-11-11,Oyo,25-34,Agent,2
PS-00293,2025-05-17,Enugu,25-34,Social ads,2
PS-00294,2025-11-13,Kano,18-24,Agent,1
PS-00295,2026-02-01,Lagos,45-54,Agent,1
PS-00296,2025-03-10,Enugu,35-44,Referral,2
PS-00297,2024-12-21,FCT,18-24,Agent,2
PS-00298,2025-10-15,Oyo,35-44,Referral,3
PS-00299,2026-02-13,Lagos,35-44,Agent,2
PS-00300,2024-10-24,Enugu,45-54,Agent,3
PS-00301,2025-08-24,FCT,18-24,Agent,2
PS-00302,2024-12-14,Kano,18-24,Referral,3
PS-00303,2025-09-01,Lagos,25-34,Referral,1
PS-00304,2025-05-22,Kano,55+,Organic,3
PS-00305,2025-04-17,Kano,35-44,Social ads,2
PS-00306,2025-01-23,Kano,25-34,Social ads,1
PS-00307,2025-10-22,Oyo,18-24,Referral,1
PS-00308,2024-10-16,Kano,25-34,Agent,2
PS-00309,2025-08-28,Rivers,25-34,Agent,1
PS-00310,2025-10-02,Lagos,25-34,Agent,2
PS-00311,2025-04-02,Rivers,18-24,Referral,1
PS-00312,2025-01-06,Kano,45-54,Referral,2
PS-00313,2025-12-24,Lagos,35-44,Agent,2
PS-00314,2025-05-15,FCT,25-34,Social ads,2
PS-00315,2026-01-28,Oyo,35-44,Referral,2
PS-00316,2025-08-27,Rivers,45-54,Referral,1
PS-00317,2026-01-27,FCT,25-34,Agent,3
PS-00318,2026-02-02,Lagos,35-44,Agent,1
PS-00319,2025-02-21,Lagos,25-34,Organic,1
PS-00320,2026-01-31,Kano,35-44,Social ads,3
PS-00321,2024-07-24,Anambra,25-34,Organic,1
PS-00322,2025-02-19,Lagos,35-44,Organic,2
PS-00323,2025-12-29,Enugu,45-54,Agent,2
PS-00324,2024-11-24,Enugu,18-24,Organic,3
PS-00325,2024-09-05,Kaduna,18-24,Agent,3
PS-00326,2024-07-14,Lagos,35-44,Social ads,1
PS-00327,2025-01-14,Rivers,25-34,Social ads,2
PS-00328,2025-07-05,FCT,18-24,Organic,1
PS-00329,2025-03-13,Rivers,18-24,Agent,3
PS-00330,2025-11-06,Ogun,45-54,Referral,1
PS-00331,2025-10-09,Enugu,18-24,Social ads,1
PS-00332,2025-09-19,Anambra,35-44,Organic,3
PS-00333,2024-08-27,Rivers,25-34,Referral,2
PS-00334,2025-08-08,Delta,25-34,Agent,2
PS-00335,2024-07-13,Ogun,25-34,Referral,3
PS-00336,2025-03-13,Delta,35-44,Agent,2
PS-00337,2025-07-14,Delta,25-34,Referral,3
PS-00338,2025-05-11,Lagos,25-34,Agent,3
PS-00339,2025-12-07,Lagos,18-24,Agent,2
PS-00340,2025-12-25,Lagos,45-54,Agent,1
PS-00341,2025-08-13,Lagos,45-54,Agent,2
PS-00342,2025-03-17,Oyo,25-34,Agent,1
PS-00343,2025-01-01,Anambra,25-34,Organic,2
PS-00344,2025-05-27,Lagos,18-24,Social ads,3
PS-00345,2025-08-10,Kano,25-34,Organic,2
PS-00346,2025-09-08,Kano,25-34,Social ads,1
PS-00347,2025-11-01,Kano,18-24,Agent,3
PS-00348,2026-01-23,Delta,18-24,Agent,2
PS-00349,2025-07-24,Ogun,35-44,Referral,1
PS-00350,2025-09-26,Oyo,35-44,Social ads,2
PS-00351,2024-09-28,Enugu,25-34,Social ads,1
PS-00352,2025-06-07,Oyo,35-44,Referral,3
PS-00353,2024-12-25,Rivers,35-44,Social ads,2
PS-00354,2025-03-14,Oyo,35-44,Social ads,2
PS-00355,2024-06-26,Delta,25-34,Organic,3
PS-00356,2025-12-13,Delta,35-44,Social ads,2
PS-00357,2024-10-12,FCT,25-34,Agent,2
PS-00358,2025-10-07,Rivers,35-44,Agent,2
PS-00359,2024-06-26,Ogun,35-44,Referral,2
PS-00360,2024-09-21,FCT,35-44,Referral,3
PS-00361,2024-08-04,Enugu,25-34,Organic,2
PS-00362,2025-04-13,Lagos,25-34,Referral,1
PS-00363,2024-12-24,Delta,35-44,Agent,3
PS-00364,2026-02-12,Kano,25-34,Social ads,2
PS-00365,2025-11-26,Lagos,35-44,Agent,2
PS-00366,2025-10-04,Rivers,45-54,Social ads,3
PS-00367,2024-06-10,Rivers,35-44,Social ads,3
PS-00368,2024-09-25,Delta,25-34,Referral,3
PS-00369,2025-08-28,Ogun,18-24,Agent,1
PS-00370,2024-09-04,Lagos,35-44,Social ads,1
PS-00371,2025-01-09,FCT,18-24,Agent,2
PS-00372,2025-05-02,Anambra,18-24,Organic,3
PS-00373,2025-02-14,Lagos,25-34,Agent,2
PS-00374,2025-07-20,Kano,25-34,Social ads,3
PS-00375,2025-05-30,Kano,25-34,Agent,3
PS-00376,2025-06-17,Lagos,25-34,Organic,2
PS-00377,2025-06-11,Lagos,25-34,Social ads,3
PS-00378,2024-09-10,Lagos,25-34,Agent,3
PS-00379,2025-09-14,Kaduna,25-34,Agent,2
PS-00380,2024-12-18,Ogun,18-24,Agent,2
PS-00381,2026-01-23,Lagos,25-34,Social ads,2
PS-00382,2024-11-27,Kaduna,35-44,Referral,1
PS-00383,2025-09-06,Ogun,18-24,Referral,2
PS-00384,2024-06-30,Delta,25-34,Organic,3
PS-00385,2025-06-25,Lagos,35-44,Referral,1
PS-00386,2025-02-15,Enugu,18-24,Referral,2
PS-00387,2025-08-08,Enugu,35-44,Agent,3
PS-00388,2024-10-24,Enugu,55+,Agent,2
PS-00389,2024-08-18,Enugu,45-54,Agent,3
PS-00390,2026-02-25,FCT,25-34,Referral,3
PS-00391,2025-06-24,Enugu,25-34,Social ads,2
PS-00392,2026-01-04,Lagos,45-54,Organic,1
PS-00393,2025-03-19,Lagos,25-34,Social ads,2
PS-00394,2024-07-05,FCT,25-34,Social ads,2
PS-00395,2025-08-19,Ogun,25-34,Agent,3
PS-00396,2025-03-21,Anambra,35-44,Agent,2
PS-00397,2025-06-25,Delta,18-24,Referral,2
PS-00398,2024-10-15,Delta,35-44,Organic,1
PS-00399,2025-08-02,Kaduna,18-24,Referral,3
PS-00400,2025-05-10,Enugu,45-54,Referral,3
PS-00401,2024-10-01,Lagos,35-44,Referral,1
PS-00402,2024-10-13,Kano,25-34,Social ads,1
PS-00403,2025-10-04,Ogun,18-24,Agent,2
PS-00404,2025-02-14,Lagos,25-34,Social ads,2
PS-00405,2024-12-12,Oyo,35-44,Agent,3
PS-00406,2025-08-10,Lagos,35-44,Agent,1
PS-00407,2025-03-12,Kano,35-44,Social ads,2
PS-00408,2025-05-01,Lagos,45-54,Agent,3
PS-00409,2026-01-11,Lagos,18-24,Agent,3
PS-00410,2024-08-19,Lagos,55+,Social ads,2
PS-00411,2025-07-26,Enugu,35-44,Social ads,1
PS-00412,2024-11-23,Kaduna,55+,Agent,3
PS-00413,2024-06-04,FCT,45-54,Organic,3
PS-00414,2025-05-13,Ogun,35-44,Agent,1
PS-00415,2026-01-26,Rivers,18-24,Organic,2
PS-00416,2024-11-25,Kano,25-34,Organic,2
PS-00417,2025-01-26,FCT,18-24,Social ads,3
PS-00418,2024-12-22,Lagos,35-44,Organic,3
PS-00419,2024-11-24,FCT,55+,Agent,1
PS-00420,2024-06-06,Kaduna,25-34,Organic,1
PS-00421,2025-11-17,Lagos,55+,Organic,2
PS-00422,2025-05-23,Kaduna,18-24,Social ads,2
PS-00423,2025-09-19,Lagos,25-34,Social ads,3
PS-00424,2026-02-20,Delta,25-34,Organic,3
PS-00425,2024-12-30,FCT,18-24,Referral,3
PS-00426,2025-03-24,Enugu,45-54,Agent,3
PS-00427,2025-03-07,Lagos,18-24,Social ads,2
PS-00428,2025-10-29,Enugu,25-34,Referral,1
PS-00429,2024-12-24,Enugu,45-54,Organic,2
PS-00430,2025-07-09,Anambra,25-34,Organic,3
PS-00431,2024-09-20,Kano,18-24,Referral,1
PS-00432,2025-11-11,Lagos,25-34,Agent,2
PS-00433,2026-02-24,FCT,25-34,Agent,2
PS-00434,2025-01-22,Ogun,18-24,Agent,2
PS-00435,2025-02-15,Lagos,35-44,Agent,3
PS-00436,2025-06-14,Oyo,25-34,Social ads,1
PS-00437,2024-09-15,Ogun,45-54,Agent,2
PS-00438,2026-01-30,Lagos,45-54,Referral,1
PS-00439,2025-11-06,Kano,45-54,Referral,2
PS-00440,2024-12-27,Lagos,55+,Organic,2
PS-00441,2024-06-13,Anambra,35-44,Referral,3
PS-00442,2025-11-15,Lagos,25-34,Social ads,1
PS-00443,2025-09-03,Anambra,18-24,Social ads,2
PS-00444,2024-07-01,Kaduna,25-34,Organic,2
PS-00445,2025-11-11,Rivers,18-24,Social ads,2
PS-00446,2024-08-22,Lagos,18-24,Agent,1
PS-00447,2025-05-09,Anambra,35-44,Social ads,1
PS-00448,2024-11-19,Lagos,25-34,Social ads,1
PS-00449,2025-05-01,Kaduna,25-34,Agent,2
PS-00450,2025-01-16,Anambra,18-24,Organic,1
PS-00451,2025-05-18,Lagos,35-44,Referral,2
PS-00452,2025-11-01,Kaduna,25-34,Organic,1
PS-00453,2025-07-03,Lagos,18-24,Referral,1
PS-00454,2026-01-20,Oyo,18-24,Social ads,1
PS-00455,2024-11-16,Ogun,25-34,Organic,2
PS-00456,2024-07-27,Lagos,18-24,Social ads,2
PS-00457,2025-02-10,Anambra,45-54,Social ads,2
PS-00458,2024-09-05,Lagos,25-34,Organic,1
PS-00459,2024-10-22,Lagos,25-34,Referral,3
PS-00460,2025-04-10,Kano,25-34,Agent,2
PS-00461,2025-05-06,Lagos,25-34,Referral,3
PS-00462,2026-02-23,Lagos,25-34,Social ads,1
PS-00463,2025-06-03,Lagos,25-34,Referral,2
PS-00464,2025-07-29,Oyo,25-34,Referral,2
PS-00465,2025-05-29,Enugu,45-54,Social ads,1
PS-00466,2024-11-10,FCT,25-34,Referral,2
PS-00467,2024-06-20,Kaduna,25-34,Referral,2
PS-00468,2025-06-30,Lagos,25-34,Social ads,2
PS-00469,2025-08-30,Anambra,35-44,Agent,1
PS-00470,2025-03-07,Lagos,35-44,Referral,3
PS-00471,2026-02-20,Lagos,18-24,Social ads,2
PS-00472,2024-09-11,Lagos,25-34,Agent,2
PS-00473,2025-08-07,Oyo,18-24,Referral,3
PS-00474,2025-04-05,Anambra,35-44,Social ads,1
PS-00475,2025-09-06,Kano,25-34,Organic,2
PS-00476,2025-03-22,Lagos,35-44,Organic,2
PS-00477,2024-12-05,Lagos,35-44,Social ads,2
PS-00478,2025-12-26,Lagos,18-24,Social ads,1
PS-00479,2025-01-10,FCT,35-44,Social ads,2
PS-00480,2025-05-01,Lagos,18-24,Agent,1
PS-00481,2024-10-30,Lagos,45-54,Agent,2
PS-00482,2025-01-22,FCT,55+,Social ads,2
PS-00483,2024-11-09,Kano,25-34,Referral,2
PS-00484,2025-07-28,Lagos,25-34,Agent,2
PS-00485,2024-07-03,Lagos,45-54,Agent,1
PS-00486,2024-12-28,Anambra,18-24,Social ads,1
PS-00487,2024-10-21,Lagos,55+,Social ads,1
PS-00488,2025-05-28,Lagos,35-44,Referral,3
PS-00489,2025-12-27,Lagos,18-24,Social ads,2
PS-00490,2024-08-11,FCT,35-44,Social ads,2
PS-00491,2025-03-21,Anambra,45-54,Organic,1
PS-00492,2026-02-11,Lagos,18-24,Organic,2
PS-00493,2024-12-08,Enugu,18-24,Agent,3
PS-00494,2025-09-11,Kano,25-34,Social ads,1
PS-00495,2025-12-26,Lagos,25-34,Social ads,3
PS-00496,2025-11-15,Lagos,45-54,Social ads,1
PS-00497,2026-02-12,Lagos,45-54,Agent,3
PS-00498,2024-11-17,Anambra,45-54,Agent,3
PS-00499,2024-10-09,Rivers,25-34,Referral,2
PS-00500,2024-07-12,Delta,35-44,Agent,1
PS-00501,2024-06-03,Anambra,25-34,Agent,2
PS-00502,2025-01-24,Lagos,45-54,Agent,3
PS-00503,2025-01-08,Oyo,18-24,Referral,1
PS-00504,2025-01-16,Rivers,25-34,Social ads,1
PS-00505,2025-05-19,Kano,18-24,Organic,2
PS-00506,2024-10-23,FCT,18-24,Organic,3
PS-00507,2025-04-16,Oyo,35-44,Referral,1
PS-00508,2025-06-25,Kano,45-54,Agent,2
PS-00509,2025-10-18,Delta,18-24,Social ads,2
PS-00510,2024-06-23,FCT,25-34,Referral,2
PS-00511,2024-12-18,Delta,18-24,Agent,2
PS-00512,2024-06-12,Ogun,25-34,Referral,2
PS-00513,2024-07-18,Kano,35-44,Social ads,1
PS-00514,2025-09-30,Delta,45-54,Agent,2
PS-00515,2025-07-30,Rivers,55+,Referral,1
PS-00516,2024-11-28,Lagos,45-54,Social ads,3
PS-00517,2024-07-14,Lagos,25-34,Organic,2
PS-00518,2025-03-15,Ogun,18-24,Organic,2
PS-00519,2025-04-18,Enugu,18-24,Organic,3
PS-00520,2025-11-17,Kano,35-44,Social ads,2
PS-00521,2025-01-19,Enugu,35-44,Social ads,1
PS-00522,2025-07-14,Anambra,25-34,Social ads,3
PS-00523,2025-10-22,Ogun,35-44,Referral,1
PS-00524,2024-07-05,Enugu,18-24,Organic,1
PS-00525,2025-02-25,Kano,18-24,Agent,2
PS-00526,2024-12-12,Kaduna,25-34,Agent,2
PS-00527,2025-07-24,Rivers,25-34,Organic,2
PS-00528,2026-02-28,Rivers,35-44,Social ads,3
PS-00529,2024-07-29,Ogun,18-24,Referral,1
PS-00530,2025-12-27,FCT,25-34,Agent,2
PS-00531,2025-09-23,Lagos,25-34,Agent,2
PS-00532,2025-10-27,Lagos,25-34,Social ads,2
PS-00533,2025-03-31,Kaduna,18-24,Social ads,1
PS-00534,2025-08-06,Kaduna,35-44,Agent,2
PS-00535,2025-03-03,Rivers,35-44,Social ads,1
PS-00536,2024-06-28,Rivers,35-44,Referral,1
PS-00537,2025-11-12,Lagos,35-44,Agent,2
PS-00538,2025-08-29,Rivers,18-24,Referral,1
PS-00539,2025-05-12,Oyo,25-34,Referral,2
PS-00540,2025-03-29,Lagos,18-24,Agent,1
PS-00541,2025-02-18,Lagos,18-24,Organic,1
PS-00542,2026-02-21,Lagos,25-34,Agent,2
PS-00543,2024-10-21,Lagos,25-34,Referral,2
PS-00544,2025-01-13,Oyo,25-34,Social ads,2
PS-00545,2025-06-19,Delta,25-34,Organic,2
PS-00546,2025-05-14,Kaduna,25-34,Agent,3
PS-00547,2025-09-27,Kaduna,18-24,Social ads,2
PS-00548,2026-02-08,Rivers,25-34,Social ads,2
PS-00549,2025-10-11,FCT,25-34,Social ads,2
PS-00550,2025-09-26,Rivers,25-34,Organic,1
PS-00551,2025-12-15,Lagos,55+,Organic,1
PS-00552,2025-01-05,Rivers,25-34,Agent,3
PS-00553,2025-12-03,Kaduna,35-44,Agent,3
PS-00554,2025-07-25,Lagos,18-24,Agent,3
PS-00555,2025-01-13,Kano,25-34,Referral,2
PS-00556,2024-12-26,Lagos,45-54,Agent,2
PS-00557,2025-03-20,Rivers,18-24,Organic,2
PS-00558,2025-08-13,FCT,25-34,Organic,1
PS-00559,2024-08-31,Lagos,55+,Organic,2
PS-00560,2024-10-13,Delta,18-24,Social ads,1
PS-00561,2024-06-19,Lagos,18-24,Social ads,1
PS-00562,2024-09-06,Kano,18-24,Organic,2
PS-00563,2024-10-21,Anambra,25-34,Social ads,1
PS-00564,2025-07-15,Rivers,55+,Referral,1
PS-00565,2025-04-30,Rivers,18-24,Social ads,3
PS-00566,2025-02-14,Lagos,45-54,Agent,2
PS-00567,2025-03-22,Lagos,35-44,Agent,1
PS-00568,2024-09-13,Lagos,25-34,Organic,2
PS-00569,2024-08-23,Oyo,25-34,Agent,1
PS-00570,2025-11-30,Kano,25-34,Referral,1
PS-00571,2026-02-15,Kano,18-24,Organic,2
PS-00572,2024-08-15,Delta,25-34,Referral,2
PS-00573,2024-06-18,Anambra,25-34,Organic,1
PS-00574,2025-11-27,Lagos,35-44,Referral,2
PS-00575,2026-01-01,Rivers,18-24,Agent,2
PS-00576,2025-06-18,Kano,35-44,Social ads,1
PS-00577,2025-01-01,Lagos,25-34,Agent,2
PS-00578,2024-12-21,FCT,18-24,Agent,2
PS-00579,2024-09-03,Kaduna,25-34,Social ads,1
PS-00580,2025-03-19,Kano,25-34,Agent,1
PS-00581,2024-10-01,Lagos,35-44,Referral,1
PS-00582,2025-11-22,Ogun,25-34,Social ads,1
PS-00583,2025-10-03,Ogun,45-54,Referral,2
PS-00584,2025-11-02,Enugu,25-34,Social ads,2
PS-00585,2025-10-28,Lagos,35-44,Social ads,1
PS-00586,2024-11-23,Oyo,45-54,Agent,2
PS-00587,2025-07-13,FCT,25-34,Social ads,3
PS-00588,2024-06-07,Kaduna,25-34,Referral,2
PS-00589,2025-12-25,Oyo,18-24,Agent,1
PS-00590,2024-08-09,Lagos,18-24,Agent,1
PS-00591,2025-05-17,Enugu,25-34,Organic,2
PS-00592,2024-10-23,Oyo,35-44,Referral,2
PS-00593,2025-09-05,Lagos,35-44,Agent,2
PS-00594,2025-03-11,Delta,18-24,Referral,3
PS-00595,2025-12-05,Anambra,55+,Referral,2
PS-00596,2025-11-18,Lagos,45-54,Organic,2
PS-00597,2026-01-11,Lagos,45-54,Social ads,1
PS-00598,2025-06-18,Kaduna,18-24,Referral,3
PS-00599,2024-09-05,Ogun,35-44,Social ads,2
PS-00600,2025-12-26,Rivers,55+,Agent,2
PS-00601,2025-08-14,Delta,35-44,Social ads,3
PS-00602,2026-01-02,FCT,45-54,Organic,2
PS-00603,2025-05-24,FCT,25-34,Social ads,3
PS-00604,2025-12-13,Anambra,18-24,Referral,2
PS-00605,2026-02-17,Anambra,18-24,Organic,1
PS-00606,2025-11-27,Ogun,18-24,Social ads,1
PS-00607,2024-08-17,Anambra,35-44,Social ads,2
PS-00608,2025-07-09,FCT,25-34,Agent,1
PS-00609,2025-06-27,Delta,18-24,Organic,2
PS-00610,2025-07-01,Lagos,25-34,Organic,2
PS-00611,2024-07-17,Enugu,25-34,Organic,2
PS-00612,2025-09-15,Oyo,25-34,Organic,2
PS-00613,2025-04-10,Enugu,35-44,Organic,1
PS-00614,2025-02-09,Ogun,25-34,Agent,1
PS-00615,2025-12-13,Kano,25-34,Organic,1
PS-00616,2024-06-01,Oyo,25-34,Social ads,3
PS-00617,2025-04-22,Kaduna,35-44,Referral,2
PS-00618,2024-10-17,Delta,25-34,Referral,1
PS-00619,2024-07-15,Rivers,25-34,Referral,2
PS-00620,2025-01-10,FCT,25-34,Agent,1
PS-00621,2024-12-22,Delta,18-24,Organic,2
PS-00622,2025-02-22,Ogun,55+,Social ads,3
PS-00623,2025-09-20,Lagos,18-24,Agent,2
PS-00624,2025-11-01,Rivers,18-24,Agent,2
PS-00625,2025-05-11,Kano,55+,Referral,1
PS-00626,2025-10-18,Kaduna,35-44,Referral,1
PS-00627,2024-12-30,Rivers,18-24,Referral,1
PS-00628,2025-04-07,Delta,55+,Referral,3
PS-00629,2025-12-12,Kaduna,55+,Agent,1
PS-00630,2025-12-08,Lagos,35-44,Referral,1
PS-00631,2026-01-19,Ogun,45-54,Agent,3
PS-00632,2026-02-24,Enugu,25-34,Social ads,2
PS-00633,2025-11-04,Kano,18-24,Referral,3
PS-00634,2024-07-17,Delta,35-44,Referral,2
PS-00635,2025-12-18,Kano,18-24,Agent,2
PS-00636,2024-10-05,Kaduna,25-34,Referral,2
PS-00637,2025-07-18,Lagos,35-44,Agent,1
PS-00638,2025-04-01,Kano,25-34,Agent,2
PS-00639,2025-08-04,Ogun,35-44,Agent,1
PS-00640,2026-02-27,Oyo,25-34,Organic,3
PS-00641,2025-05-08,Ogun,25-34,Referral,2
PS-00642,2025-09-28,Anambra,18-24,Referral,2
PS-00643,2025-03-28,Rivers,45-54,Referral,3
PS-00644,2025-11-27,FCT,18-24,Social ads,3
PS-00645,2025-04-05,Lagos,18-24,Social ads,1
PS-00646,2025-08-16,Rivers,25-34,Referral,3
PS-00647,2025-09-19,Lagos,25-34,Agent,2
PS-00648,2024-12-17,Lagos,35-44,Organic,1
PS-00649,2024-07-16,Oyo,25-34,Social ads,1
PS-00650,2025-05-28,Lagos,55+,Social ads,2
PS-00651,2025-10-03,Lagos,35-44,Social ads,1
PS-00652,2024-06-21,Rivers,25-34,Social ads,2
PS-00653,2025-02-22,Rivers,18-24,Referral,2
PS-00654,2025-03-28,Delta,25-34,Agent,2
PS-00655,2024-12-07,Rivers,35-44,Social ads,3
PS-00656,2026-02-14,Kano,18-24,Referral,2
PS-00657,2025-07-18,Kaduna,25-34,Agent,3
PS-00658,2024-12-11,Kano,18-24,Referral,2
PS-00659,2025-09-09,FCT,45-54,Referral,2
PS-00660,2025-09-30,Lagos,25-34,Referral,1
PS-00661,2025-10-22,FCT,25-34,Social ads,2
PS-00662,2025-07-09,Lagos,25-34,Agent,3
PS-00663,2024-12-19,Oyo,25-34,Organic,3
PS-00664,2026-02-05,FCT,35-44,Organic,2
PS-00665,2025-09-07,FCT,18-24,Agent,1
PS-00666,2025-11-22,FCT,18-24,Referral,3
PS-00667,2024-06-06,Oyo,18-24,Agent,2
PS-00668,2024-10-20,Lagos,25-34,Referral,2
PS-00669,2025-11-12,Lagos,25-34,Organic,2
PS-00670,2025-04-22,Lagos,18-24,Agent,1
PS-00671,2026-01-24,Lagos,18-24,Agent,2
PS-00672,2024-12-08,Lagos,18-24,Organic,1
PS-00673,2024-09-05,Oyo,55+,Agent,2
PS-00674,2024-10-02,Delta,25-34,Referral,2
PS-00675,2024-08-01,Enugu,18-24,Social ads,1
PS-00676,2025-03-04,Lagos,45-54,Referral,2
PS-00677,2024-07-20,Oyo,25-34,Social ads,3
PS-00678,2025-01-13,Lagos,25-34,Organic,3
PS-00679,2026-02-15,Oyo,45-54,Organic,2
PS-00680,2025-09-19,Ogun,18-24,Social ads,3
PS-00681,2025-06-17,Ogun,35-44,Agent,2
PS-00682,2025-11-29,FCT,25-34,Organic,2
PS-00683,2025-03-01,Lagos,25-34,Social ads,2
PS-00684,2025-03-23,Anambra,18-24,Referral,1
PS-00685,2025-06-30,Lagos,18-24,Agent,1
PS-00686,2025-12-03,Kaduna,18-24,Organic,1
PS-00687,2025-04-24,Oyo,18-24,Social ads,1
PS-00688,2025-02-24,Ogun,25-34,Organic,1
PS-00689,2024-12-06,Anambra,45-54,Social ads,3
PS-00690,2025-01-24,Anambra,18-24,Agent,2
PS-00691,2025-01-28,Lagos,25-34,Social ads,1
PS-00692,2026-01-01,Kaduna,25-34,Agent,2
PS-00693,2025-09-29,Lagos,25-34,Referral,2
PS-00694,2025-03-10,Oyo,35-44,Organic,2
PS-00695,2025-02-13,FCT,25-34,Referral,1
PS-00696,2025-02-12,FCT,35-44,Referral,2
PS-00697,2024-06-24,Lagos,35-44,Social ads,1
PS-00698,2025-09-16,Kano,25-34,Agent,2
PS-00699,2025-11-07,Delta,35-44,Agent,3
PS-00700,2025-01-18,Oyo,25-34,Referral,2
PS-00701,2026-02-03,Lagos,25-34,Social ads,3
PS-00702,2024-10-10,Lagos,45-54,Social ads,2
PS-00703,2025-12-25,Kaduna,35-44,Referral,2
PS-00704,2024-07-30,Lagos,25-34,Organic,2
PS-00705,2025-09-11,Enugu,35-44,Organic,2
PS-00706,2025-09-04,FCT,18-24,Organic,1
PS-00707,2025-01-20,Lagos,35-44,Social ads,2
PS-00708,2025-08-06,Delta,18-24,Organic,2
PS-00709,2024-06-15,Delta,35-44,Organic,1
PS-00710,2025-02-26,Delta,18-24,Organic,2
PS-00711,2025-09-09,Rivers,35-44,Social ads,1
PS-00712,2024-12-09,FCT,35-44,Organic,2
PS-00713,2025-11-15,FCT,25-34,Social ads,2
PS-00714,2026-02-28,Lagos,55+,Organic,2
PS-00715,2025-11-02,Lagos,18-24,Social ads,3
PS-00716,2025-05-05,Rivers,25-34,Agent,1
PS-00717,2024-10-07,Enugu,35-44,Agent,1
PS-00718,2025-08-31,Lagos,25-34,Referral,3
PS-00719,2025-01-20,FCT,35-44,Organic,2
PS-00720,2025-10-16,Kano,35-44,Referral,2
PS-00721,2024-08-12,Enugu,45-54,Agent,3
PS-00722,2025-06-06,Rivers,25-34,Agent,2
PS-00723,2025-08-21,Ogun,18-24,Organic,2
PS-00724,2024-07-24,Delta,25-34,Referral,3
PS-00725,2024-11-12,Delta,18-24,Referral,1
PS-00726,2024-12-25,FCT,18-24,Social ads,1
PS-00727,2024-11-28,Kano,55+,Social ads,1
PS-00728,2025-09-16,Ogun,45-54,Agent,2
PS-00729,2025-08-29,FCT,35-44,Referral,2
PS-00730,2025-11-12,Ogun,25-34,Social ads,2
PS-00731,2025-06-18,Lagos,25-34,Referral,2
PS-00732,2024-09-25,Delta,18-24,Referral,1
PS-00733,2025-08-20,Kano,18-24,Organic,1
PS-00734,2025-07-01,Delta,35-44,Agent,2
PS-00735,2025-12-18,Kaduna,25-34,Agent,1
PS-00736,2025-09-09,Oyo,45-54,Organic,1
PS-00737,2026-01-11,Lagos,25-34,Agent,1
PS-00738,2025-08-21,Lagos,35-44,Referral,2
PS-00739,2025-09-06,Rivers,18-24,Agent,1
PS-00740,2026-02-10,FCT,35-44,Organic,1
PS-00741,2025-08-14,Lagos,18-24,Social ads,2
PS-00742,2024-07-21,Oyo,35-44,Organic,1
PS-00743,2024-11-11,Rivers,18-24,Organic,1
PS-00744,2025-06-06,Enugu,25-34,Organic,1
PS-00745,2025-02-28,Delta,55+,Agent,3
PS-00746,2025-12-14,Lagos,35-44,Agent,2
PS-00747,2025-04-17,Ogun,25-34,Social ads,3
PS-00748,2025-09-13,Lagos,55+,Organic,2
PS-00749,2025-10-18,Lagos,25-34,Organic,3
PS-00750,2025-08-02,Ogun,25-34,Organic,1
PS-00751,2025-07-02,Lagos,25-34,Agent,2
PS-00752,2025-10-21,Enugu,18-24,Social ads,3
PS-00753,2024-12-23,Delta,25-34,Organic,3
PS-00754,2025-06-02,FCT,18-24,Referral,1
PS-00755,2024-11-01,Kaduna,25-34,Organic,3
PS-00756,2024-07-16,Lagos,18-24,Agent,2
PS-00757,2025-06-01,Lagos,45-54,Social ads,1
PS-00758,2024-08-12,Kano,35-44,Social ads,2
PS-00759,2024-12-07,Oyo,25-34,Social ads,2
PS-00760,2026-02-15,Rivers,35-44,Referral,2
PS-00761,2025-03-19,Delta,45-54,Agent,2
PS-00762,2025-01-17,Ogun,35-44,Referral,2
PS-00763,2024-11-14,Kano,25-34,Agent,2
PS-00764,2025-11-07,Enugu,45-54,Agent,2
PS-00765,2025-11-01,Ogun,35-44,Referral,2
PS-00766,2025-06-17,Ogun,25-34,Agent,1
PS-00767,2024-06-01,Delta,55+,Organic,1
PS-00768,2025-09-17,Delta,25-34,Social ads,3
PS-00769,2025-11-15,Lagos,25-34,Referral,1
PS-00770,2026-01-12,Rivers,55+,Referral,2
PS-00771,2025-06-27,Rivers,25-34,Agent,2
PS-00772,2024-10-10,Rivers,35-44,Agent,1
PS-00773,2026-01-06,Lagos,25-34,Social ads,1
PS-00774,2025-08-27,Anambra,18-24,Agent,1
PS-00775,2024-09-14,FCT,25-34,Social ads,3
PS-00776,2025-01-16,Kaduna,35-44,Agent,2
PS-00777,2024-11-03,Kaduna,45-54,Agent,1
PS-00778,2026-01-03,Lagos,45-54,Organic,1
PS-00779,2025-01-27,Rivers,45-54,Referral,3
PS-00780,2025-04-29,Kaduna,25-34,Agent,3
PS-00781,2025-06-07,Kano,18-24,Agent,3
PS-00782,2025-05-26,Lagos,25-34,Social ads,3
PS-00783,2025-12-12,Delta,25-34,Agent,1
PS-00784,2025-12-03,Kano,18-24,Agent,1
PS-00785,2025-10-11,Lagos,35-44,Organic,3
PS-00786,2024-10-10,Ogun,25-34,Agent,3
PS-00787,2024-06-04,Ogun,18-24,Agent,1
PS-00788,2025-12-20,Rivers,35-44,Social ads,2
PS-00789,2026-02-26,Delta,18-24,Organic,3
PS-00790,2024-11-19,Lagos,25-34,Social ads,2
PS-00791,2025-01-19,Enugu,25-34,Referral,2
PS-00792,2025-03-26,Lagos,18-24,Agent,1
PS-00793,2025-12-23,Lagos,35-44,Referral,1
PS-00794,2025-04-06,Rivers,18-24,Agent,2
PS-00795,2024-08-15,Anambra,18-24,Referral,1
PS-00796,2024-12-06,Lagos,18-24,Social ads,1
PS-00797,2024-10-04,FCT,18-24,Agent,3
PS-00798,2025-01-12,Lagos,18-24,Referral,1
PS-00799,2025-10-04,Kano,25-34,Social ads,2
PS-00800,2025-05-13,Anambra,35-44,Agent,2
PS-00801,2025-04-30,Lagos,35-44,Social ads,2
PS-00802,2024-07-06,Enugu,35-44,Organic,1
PS-00803,2024-07-24,Oyo,35-44,Referral,2
PS-00804,2025-06-19,Kano,18-24,Agent,2
PS-00805,2025-07-06,Kano,35-44,Organic,2
PS-00806,2024-06-24,Enugu,18-24,Organic,2
PS-00807,2025-05-03,Lagos,25-34,Social ads,1
PS-00808,2025-10-06,Lagos,25-34,Referral,1
PS-00809,2025-06-08,Rivers,35-44,Agent,3
PS-00810,2026-02-03,Lagos,35-44,Organic,3
PS-00811,2026-02-03,Lagos,35-44,Referral,2
PS-00812,2024-11-17,FCT,25-34,Agent,1
PS-00813,2025-08-22,Rivers,35-44,Social ads,1
PS-00814,2025-03-06,Kano,18-24,Social ads,2
PS-00815,2025-09-08,Enugu,25-34,Social ads,2
PS-00816,2025-07-29,Anambra,18-24,Organic,2
PS-00817,2025-05-12,Kano,25-34,Social ads,1
PS-00818,2024-11-12,Enugu,18-24,Organic,3
PS-00819,2024-10-27,Delta,25-34,Agent,2
PS-00820,2025-05-27,Kano,35-44,Agent,1
PS-00821,2025-07-15,Lagos,25-34,Referral,1
PS-00822,2024-07-14,Kano,35-44,Organic,2
PS-00823,2024-12-04,Lagos,45-54,Social ads,2
PS-00824,2026-02-18,FCT,35-44,Referral,3
PS-00825,2024-07-01,Oyo,18-24,Agent,1
PS-00826,2025-02-07,Kano,45-54,Organic,1
PS-00827,2025-08-01,Ogun,25-34,Referral,3
PS-00828,2024-06-12,Lagos,45-54,Social ads,1
PS-00829,2024-11-22,Lagos,25-34,Agent,2
PS-00830,2025-02-08,Kano,25-34,Social ads,1
PS-00831,2024-06-08,Oyo,18-24,Social ads,2
PS-00832,2025-03-02,Lagos,45-54,Social ads,1
PS-00833,2025-03-03,Anambra,35-44,Social ads,2
PS-00834,2025-01-22,Oyo,25-34,Organic,1
PS-00835,2024-10-31,Anambra,35-44,Agent,1
PS-00836,2024-11-07,Kano,25-34,Organic,3
PS-00837,2025-03-24,Lagos,35-44,Organic,2
PS-00838,2024-06-25,Rivers,45-54,Referral,2
PS-00839,2024-07-11,Lagos,25-34,Social ads,1
PS-00840,2025-06-11,Anambra,35-44,Organic,2
PS-00841,2025-07-02,Oyo,25-34,Agent,1
PS-00842,2024-11-23,Kano,45-54,Social ads,1
PS-00843,2024-09-12,Delta,25-34,Referral,2
PS-00844,2025-06-07,Ogun,35-44,Agent,1
PS-00845,2025-01-10,Lagos,45-54,Organic,1
PS-00846,2024-07-19,Lagos,35-44,Agent,3
PS-00847,2025-11-27,Oyo,35-44,Agent,2
PS-00848,2024-12-14,Lagos,25-34,Organic,2
PS-00849,2024-09-13,Lagos,18-24,Social ads,1
PS-00850,2024-11-20,Enugu,25-34,Organic,2
PS-00851,2024-07-24,Anambra,25-34,Agent,2
PS-00852,2026-02-12,FCT,35-44,Organic,3
PS-00853,2024-10-15,Oyo,35-44,Referral,2
PS-00854,2024-08-23,Lagos,25-34,Social ads,3
PS-00855,2024-06-28,FCT,55+,Agent,1
PS-00856,2025-12-17,FCT,25-34,Agent,1
PS-00857,2024-08-04,Lagos,25-34,Agent,2
PS-00858,2024-08-03,Ogun,25-34,Organic,2
PS-00859,2024-11-07,FCT,25-34,Referral,3
PS-00860,2025-11-07,Ogun,18-24,Referral,1
PS-00861,2025-03-11,Rivers,18-24,Referral,3
PS-00862,2025-12-07,Enugu,45-54,Referral,2
PS-00863,2025-03-20,Rivers,18-24,Social ads,1
PS-00864,2025-06-27,FCT,18-24,Agent,2
PS-00865,2025-08-29,Lagos,18-24,Referral,2
PS-00866,2025-06-28,FCT,18-24,Organic,2
PS-00867,2025-02-21,Anambra,18-24,Social ads,3
PS-00868,2025-04-03,Delta,35-44,Referral,2
PS-00869,2025-09-07,Lagos,25-34,Referral,1
PS-00870,2025-01-25,Lagos,25-34,Agent,2
PS-00871,2025-08-14,Rivers,35-44,Agent,3
PS-00872,2025-04-18,Rivers,25-34,Social ads,2
PS-00873,2026-01-31,Oyo,55+,Organic,1
PS-00874,2024-09-11,Oyo,18-24,Agent,2
PS-00875,2025-04-14,Lagos,18-24,Agent,2
PS-00876,2025-11-27,Oyo,35-44,Agent,2
PS-00877,2025-12-16,Enugu,25-34,Agent,2
PS-00878,2025-08-04,Lagos,35-44,Social ads,1
PS-00879,2024-11-18,FCT,25-34,Social ads,2
PS-00880,2024-06-05,Delta,35-44,Social ads,2
PS-00881,2025-04-21,Kaduna,25-34,Organic,3
PS-00882,2025-05-17,Delta,45-54,Social ads,1
PS-00883,2025-10-15,Lagos,18-24,Organic,1
PS-00884,2024-07-01,Ogun,18-24,Agent,2
PS-00885,2025-02-13,Rivers,55+,Social ads,1
PS-00886,2024-09-16,Anambra,35-44,Referral,2
PS-00887,2025-08-05,FCT,45-54,Organic,1
PS-00888,2025-06-09,Enugu,25-34,Social ads,1
PS-00889,2024-06-05,Kano,18-24,Agent,2
PS-00890,2025-08-01,FCT,18-24,Referral,2
PS-00891,2025-08-27,Enugu,35-44,Agent,2
PS-00892,2025-02-15,Rivers,18-24,Referral,2
PS-00893,2025-12-17,FCT,45-54,Social ads,1
PS-00894,2025-03-15,Oyo,25-34,Organic,3
PS-00895,2025-10-24,FCT,25-34,Agent,1
PS-00896,2026-02-26,Enugu,45-54,Social ads,2
PS-00897,2024-09-10,Lagos,25-34,Social ads,1
PS-00898,2025-02-07,Ogun,25-34,Organic,3
PS-00899,2024-10-28,Ogun,55+,Social ads,2
PS-00900,2024-12-28,Anambra,35-44,Social ads,1
PS-00901,2024-06-12,Rivers,35-44,Social ads,1
PS-00902,2025-11-04,Rivers,18-24,Referral,3
PS-00903,2025-05-07,Ogun,25-34,Social ads,2
PS-00904,2025-05-13,Enugu,25-34,Social ads,1
PS-00905,2025-12-20,Enugu,35-44,Social ads,2
PS-00906,2025-11-29,Ogun,45-54,Referral,1
PS-00907,2025-11-28,Lagos,25-34,Organic,1
PS-00908,2025-09-19,Lagos,25-34,Organic,1
PS-00909,2025-08-14,Ogun,18-24,Agent,2
PS-00910,2024-12-01,FCT,35-44,Social ads,3
PS-00911,2025-05-06,FCT,18-24,Agent,2
PS-00912,2024-07-09,Enugu,45-54,Agent,1
PS-00913,2024-06-20,Rivers,25-34,Organic,2
PS-00914,2025-05-28,Rivers,35-44,Organic,1
PS-00915,2026-02-05,Lagos,35-44,Referral,2
PS-00916,2025-02-13,Lagos,25-34,Social ads,2
PS-00917,2024-11-20,FCT,25-34,Social ads,1
PS-00918,2025-10-20,Rivers,25-34,Social ads,3
PS-00919,2025-07-10,Kano,18-24,Social ads,2
PS-00920,2025-11-22,Oyo,35-44,Organic,3
PS-00921,2025-01-18,Delta,25-34,Organic,1
PS-00922,2025-08-27,Enugu,18-24,Organic,3
PS-00923,2025-08-02,Lagos,35-44,Organic,2
PS-00924,2025-02-21,Enugu,35-44,Organic,3
PS-00925,2025-09-05,Delta,18-24,Social ads,1
PS-00926,2025-06-19,FCT,18-24,Organic,1
PS-00927,2025-05-05,Lagos,35-44,Referral,1
PS-00928,2025-06-08,Lagos,25-34,Agent,2
PS-00929,2025-12-21,Lagos,18-24,Organic,3
PS-00930,2025-09-05,Rivers,45-54,Social ads,1
PS-00931,2025-06-21,Rivers,45-54,Referral,3
PS-00932,2025-11-03,Enugu,18-24,Agent,1
PS-00933,2025-01-06,Lagos,25-34,Referral,2
PS-00934,2024-09-22,Anambra,25-34,Social ads,1
PS-00935,2025-11-14,Kaduna,18-24,Social ads,3
PS-00936,2025-04-26,Lagos,35-44,Social ads,2
PS-00937,2025-12-24,Anambra,25-34,Organic,2
PS-00938,2025-04-01,Kano,25-34,Agent,2
PS-00939,2025-03-14,Anambra,25-34,Social ads,1
PS-00940,2024-11-28,Kano,18-24,Referral,2
PS-00941,2024-08-20,Ogun,25-34,Referral,1
PS-00942,2024-09-27,Enugu,35-44,Social ads,2
PS-00943,2024-10-03,Lagos,35-44,Organic,2
PS-00944,2025-03-23,FCT,25-34,Social ads,2
PS-00945,2024-11-21,Kaduna,35-44,Social ads,1
PS-00946,2026-01-19,Lagos,25-34,Organic,2
PS-00947,2025-11-06,Lagos,35-44,Agent,2
PS-00948,2025-08-11,Lagos,45-54,Organic,1
PS-00949,2024-07-01,Lagos,25-34,Social ads,3
PS-00950,2025-07-01,Ogun,25-34,Agent,1
PS-00951,2024-12-10,Lagos,35-44,Organic,1
PS-00952,2024-07-27,FCT,35-44,Agent,2
PS-00953,2026-01-28,Lagos,25-34,Social ads,1
PS-00954,2025-02-22,Kaduna,18-24,Referral,1
PS-00955,2026-01-31,Rivers,25-34,Agent,1
PS-00956,2025-09-29,Lagos,18-24,Organic,2
PS-00957,2025-09-30,Ogun,25-34,Social ads,2
PS-00958,2025-08-23,Lagos,35-44,Referral,2
PS-00959,2025-07-08,Lagos,35-44,Referral,1
PS-00960,2025-04-27,Anambra,18-24,Social ads,2
PS-00961,2025-12-11,Kano,18-24,Referral,3
PS-00962,2025-05-07,Lagos,18-24,Agent,1
PS-00963,2025-05-20,Kano,25-34,Social ads,2
PS-00964,2025-09-17,Enugu,45-54,Agent,3
PS-00965,2024-08-20,Lagos,18-24,Social ads,1
PS-00966,2024-06-16,Kano,25-34,Social ads,2
PS-00967,2025-12-18,Kano,25-34,Agent,2
PS-00968,2025-01-07,FCT,25-34,Referral,2
PS-00969,2025-06-10,Lagos,25-34,Social ads,2
PS-00970,2025-09-27,Lagos,18-24,Social ads,1
PS-00971,2026-01-22,Rivers,25-34,Social ads,2
PS-00972,2025-04-20,Lagos,35-44,Social ads,3
PS-00973,2024-09-14,Anambra,25-34,Organic,2
PS-00974,2024-10-15,Lagos,18-24,Agent,1
PS-00975,2024-10-15,Lagos,25-34,Social ads,1
PS-00976,2025-07-09,Rivers,18-24,Organic,1
PS-00977,2025-04-28,Lagos,55+,Social ads,2
PS-00978,2025-03-18,FCT,25-34,Referral,1
PS-00979,2025-11-03,Enugu,35-44,Referral,2
PS-00980,2024-07-21,Lagos,35-44,Social ads,1
PS-00981,2025-11-03,Ogun,18-24,Agent,1
PS-00982,2024-09-02,Delta,25-34,Organic,2
PS-00983,2024-08-10,Enugu,25-34,Organic,2
PS-00984,2024-06-16,Ogun,18-24,Agent,2
PS-00985,2024-12-14,Delta,18-24,Agent,2
PS-00986,2024-08-30,Rivers,45-54,Social ads,2
PS-00987,2024-11-18,Lagos,25-34,Agent,1
PS-00988,2025-05-02,Rivers,25-34,Organic,2
PS-00989,2025-03-29,Enugu,18-24,Organic,3
PS-00990,2024-08-18,Rivers,25-34,Referral,1
PS-00991,2025-01-30,Ogun,18-24,Referral,2
PS-00992,2025-09-15,Enugu,18-24,Social ads,3
PS-00993,2024-06-02,Lagos,18-24,Social ads,3
PS-00994,2025-12-07,Lagos,35-44,Organic,2
PS-00995,2025-11-01,Kaduna,18-24,Referral,1
PS-00996,2025-01-06,Delta,18-24,Social ads,1
PS-00997,2025-05-19,Kano,25-34,Referral,3
PS-00998,2025-06-13,Kano,45-54,Social ads,1
PS-00999,2025-08-06,Kano,25-34,Agent,2
PS-01000,2026-01-06,Delta,18-24,Organic,2
PS-01001,2025-08-17,Enugu,18-24,Referral,2
PS-01002,2025-09-10,FCT,18-24,Agent,2
PS-01003,2024-12-22,Delta,25-34,Referral,2
PS-01004,2025-04-15,Rivers,18-24,Social ads,2
PS-01005,2025-05-31,Oyo,18-24,Social ads,1
PS-01006,2026-01-13,Lagos,55+,Organic,3
PS-01007,2024-07-04,Enugu,35-44,Referral,2
PS-01008,2025-05-06,Kaduna,18-24,Agent,1
PS-01009,2025-05-08,Lagos,18-24,Organic,2
PS-01010,2026-02-01,Kaduna,35-44,Social ads,2
PS-01011,2024-10-17,Kano,25-34,Organic,3
PS-01012,2024-10-26,Delta,18-24,Referral,1
PS-01013,2024-10-26,FCT,35-44,Social ads,2
PS-01014,2025-05-05,Oyo,25-34,Agent,1
PS-01015,2024-06-30,FCT,25-34,Organic,2
PS-01016,2024-10-07,Kano,18-24,Referral,2
PS-01017,2024-11-29,Lagos,25-34,Organic,2
PS-01018,2024-06-23,Anambra,35-44,Social ads,2
PS-01019,2025-07-04,Lagos,25-34,Referral,2
PS-01020,2025-02-13,Rivers,18-24,Organic,1
PS-01021,2025-10-09,Enugu,45-54,Social ads,2
PS-01022,2025-07-02,Lagos,25-34,Organic,3
PS-01023,2025-07-05,Rivers,35-44,Social ads,2
PS-01024,2025-05-24,Lagos,25-34,Organic,2
PS-01025,2025-09-13,FCT,25-34,Referral,2
PS-01026,2024-12-27,Enugu,35-44,Agent,3
PS-01027,2024-06-13,Oyo,35-44,Agent,1
PS-01028,2024-11-03,Lagos,25-34,Social ads,2
PS-01029,2025-01-08,Enugu,25-34,Referral,1
PS-01030,2024-08-06,FCT,25-34,Social ads,2
PS-01031,2025-03-23,Kano,18-24,Agent,2
PS-01032,2025-01-25,Kano,25-34,Social ads,2
PS-01033,2025-12-19,Rivers,25-34,Social ads,2
PS-01034,2026-01-08,Enugu,35-44,Agent,2
PS-01035,2024-12-01,Delta,45-54,Referral,2
PS-01036,2025-11-14,FCT,45-54,Social ads,2
PS-01037,2025-07-12,Rivers,25-34,Referral,2
PS-01038,2025-11-16,Lagos,55+,Agent,2
PS-01039,2024-07-15,Lagos,25-34,Organic,2
PS-01040,2025-08-02,Rivers,18-24,Agent,1
PS-01041,2025-06-15,Ogun,45-54,Agent,3
PS-01042,2025-03-15,Lagos,35-44,Referral,2
PS-01043,2025-10-01,Lagos,25-34,Social ads,1
PS-01044,2025-12-04,Kaduna,18-24,Referral,2
PS-01045,2025-11-08,Kaduna,55+,Referral,3
PS-01046,2024-10-09,Lagos,18-24,Organic,3
PS-01047,2025-06-27,Delta,18-24,Organic,1
PS-01048,2025-07-07,Oyo,25-34,Social ads,2
PS-01049,2024-08-07,FCT,25-34,Social ads,1
PS-01050,2025-10-20,Lagos,35-44,Social ads,2
PS-01051,2025-09-05,Kaduna,18-24,Agent,2
PS-01052,2024-07-11,Oyo,35-44,Social ads,1
PS-01053,2024-09-09,Anambra,18-24,Social ads,2
PS-01054,2025-02-26,Ogun,45-54,Social ads,1
PS-01055,2024-11-29,Delta,25-34,Agent,2
PS-01056,2025-05-03,Rivers,25-34,Agent,1
PS-01057,2025-10-22,Lagos,25-34,Organic,2
PS-01058,2024-10-11,Kano,25-34,Organic,1
PS-01059,2025-02-03,FCT,25-34,Agent,2
PS-01060,2024-07-31,Delta,18-24,Agent,1
PS-01061,2026-02-13,Rivers,35-44,Referral,2
PS-01062,2025-07-22,Rivers,35-44,Agent,2
PS-01063,2024-11-17,Kano,45-54,Organic,2
PS-01064,2024-07-01,Anambra,35-44,Social ads,3
PS-01065,2025-01-03,Delta,45-54,Agent,1
PS-01066,2025-08-05,Lagos,45-54,Organic,2
PS-01067,2024-12-22,Kaduna,35-44,Referral,2
PS-01068,2025-04-12,Ogun,25-34,Referral,2
PS-01069,2025-12-06,Kaduna,25-34,Social ads,1
PS-01070,2025-09-19,Oyo,45-54,Social ads,1
PS-01071,2024-10-18,Kaduna,18-24,Referral,1
PS-01072,2025-04-30,Oyo,25-34,Referral,3
PS-01073,2024-10-07,Delta,25-34,Organic,2
PS-01074,2025-09-03,Anambra,25-34,Referral,2
PS-01075,2024-07-11,Kano,25-34,Referral,1
PS-01076,2025-02-15,Delta,18-24,Referral,2
PS-01077,2025-10-04,Rivers,18-24,Social ads,2
PS-01078,2025-09-26,Lagos,35-44,Referral,3
PS-01079,2024-12-15,Oyo,25-34,Agent,3
PS-01080,2025-01-17,Delta,35-44,Agent,3
PS-01081,2025-04-13,Ogun,35-44,Referral,2
PS-01082,2024-08-14,Kaduna,18-24,Agent,3
PS-01083,2025-05-25,Lagos,35-44,Referral,2
PS-01084,2024-11-03,Lagos,45-54,Organic,1
PS-01085,2025-09-13,Kano,25-34,Referral,3
PS-01086,2025-01-27,Oyo,25-34,Agent,2
PS-01087,2024-06-27,Rivers,25-34,Organic,2
PS-01088,2025-10-19,Enugu,25-34,Agent,2
PS-01089,2026-02-26,FCT,45-54,Referral,2
PS-01090,2025-03-02,Lagos,18-24,Social ads,1
PS-01091,2025-12-27,Ogun,18-24,Referral,1
PS-01092,2025-04-23,Rivers,25-34,Organic,1
PS-01093,2026-02-07,Lagos,18-24,Organic,3
PS-01094,2024-09-15,Rivers,25-34,Social ads,2
PS-01095,2025-05-19,Oyo,18-24,Social ads,1
PS-01096,2024-07-31,Anambra,35-44,Referral,2
PS-01097,2025-09-30,Lagos,25-34,Social ads,1
PS-01098,2025-01-18,Oyo,25-34,Organic,3
PS-01099,2025-06-27,Delta,25-34,Organic,1
PS-01100,2025-12-06,Enugu,25-34,Referral,2
PS-01101,2025-07-22,Ogun,35-44,Agent,1
PS-01102,2024-11-10,Delta,25-34,Organic,3
PS-01103,2026-01-28,Ogun,25-34,Agent,1
PS-01104,2026-02-12,Kano,25-34,Social ads,2
PS-01105,2024-12-16,Rivers,35-44,Organic,3
PS-01106,2025-12-19,Oyo,45-54,Organic,1
PS-01107,2025-11-05,Lagos,18-24,Agent,1
PS-01108,2025-06-06,Lagos,25-34,Social ads,3
PS-01109,2025-04-02,Rivers,35-44,Referral,2
PS-01110,2026-01-13,Oyo,45-54,Referral,2
PS-01111,2024-09-14,Delta,35-44,Social ads,2
PS-01112,2024-12-23,Rivers,35-44,Agent,2
PS-01113,2026-02-22,Ogun,25-34,Agent,2
PS-01114,2025-11-20,Enugu,45-54,Social ads,1
PS-01115,2024-08-30,FCT,35-44,Agent,1
PS-01116,2024-12-26,Anambra,18-24,Social ads,3
PS-01117,2024-07-27,Lagos,18-24,Referral,2
PS-01118,2025-12-25,Lagos,25-34,Referral,3
PS-01119,2025-09-21,Oyo,25-34,Referral,3
PS-01120,2025-09-13,Anambra,25-34,Agent,2
PS-01121,2024-07-04,Ogun,35-44,Referral,2
PS-01122,2025-09-02,Ogun,25-34,Social ads,2
PS-01123,2025-04-24,Delta,25-34,Agent,2
PS-01124,2024-08-07,Kaduna,25-34,Referral,3
PS-01125,2024-12-04,Oyo,25-34,Agent,1
PS-01126,2025-02-24,Ogun,25-34,Social ads,2
PS-01127,2024-08-06,Ogun,18-24,Organic,3
PS-01128,2026-02-22,Ogun,35-44,Social ads,2
PS-01129,2025-04-30,Delta,35-44,Agent,1
PS-01130,2025-03-16,Lagos,45-54,Agent,1
PS-01131,2024-07-15,Rivers,25-34,Agent,2
PS-01132,2024-08-24,Kano,25-34,Social ads,2
PS-01133,2025-07-11,Rivers,45-54,Referral,2
PS-01134,2025-08-19,Kaduna,45-54,Referral,2
PS-01135,2025-05-25,Rivers,25-34,Referral,2
PS-01136,2025-01-30,Enugu,25-34,Agent,3
PS-01137,2024-07-19,Delta,35-44,Referral,2
PS-01138,2024-06-17,Lagos,35-44,Agent,2
PS-01139,2025-05-08,Delta,25-34,Referral,2
PS-01140,2025-10-13,Lagos,25-34,Referral,2
PS-01141,2025-10-22,Kano,25-34,Social ads,2
PS-01142,2024-09-30,Rivers,25-34,Agent,1
PS-01143,2025-11-28,FCT,25-34,Organic,2
PS-01144,2025-01-01,FCT,25-34,Organic,1
PS-01145,2024-08-22,Lagos,25-34,Agent,1
PS-01146,2026-02-03,Kano,18-24,Agent,1
PS-01147,2025-09-28,Rivers,18-24,Social ads,3
PS-01148,2025-08-29,Lagos,25-34,Referral,1
PS-01149,2026-02-10,Enugu,45-54,Referral,1
PS-01150,2026-02-25,Delta,35-44,Organic,1
PS-01151,2024-06-28,Lagos,18-24,Organic,3
PS-01152,2024-07-13,FCT,35-44,Social ads,1
PS-01153,2025-12-12,Rivers,55+,Agent,2
PS-01154,2025-09-06,Lagos,45-54,Referral,1
PS-01155,2024-11-06,Kano,45-54,Organic,3
PS-01156,2025-10-12,Lagos,25-34,Agent,3
PS-01157,2025-07-09,Lagos,18-24,Referral,3
PS-01158,2024-12-21,Kano,45-54,Social ads,2
PS-01159,2025-05-21,Lagos,45-54,Agent,2
PS-01160,2024-07-22,Delta,35-44,Social ads,2
PS-01161,2025-12-09,Lagos,18-24,Agent,1
PS-01162,2025-01-03,Ogun,25-34,Agent,3
PS-01163,2025-08-04,Lagos,35-44,Organic,3
PS-01164,2025-02-15,Lagos,35-44,Social ads,2
PS-01165,2025-06-14,Delta,35-44,Agent,2
PS-01166,2024-09-02,Oyo,25-34,Agent,1
PS-01167,2026-02-25,Kano,25-34,Referral,3
PS-01168,2024-12-29,Delta,35-44,Referral,2
PS-01169,2025-08-23,Rivers,18-24,Organic,3
PS-01170,2024-06-17,Kano,25-34,Organic,2
PS-01171,2025-11-07,Lagos,45-54,Agent,3
PS-01172,2026-01-04,FCT,35-44,Organic,2
PS-01173,2025-04-30,Lagos,18-24,Referral,2
PS-01174,2024-10-19,Kano,25-34,Organic,2
PS-01175,2025-09-15,Kano,25-34,Referral,1
PS-01176,2026-01-30,Lagos,25-34,Referral,2
PS-01177,2025-07-21,Kaduna,45-54,Social ads,2
PS-01178,2025-12-25,Lagos,35-44,Social ads,2
PS-01179,2026-02-13,Rivers,18-24,Agent,2
PS-01180,2024-12-08,Rivers,25-34,Organic,2
PS-01181,2025-03-04,Lagos,35-44,Agent,1
PS-01182,2024-10-21,Lagos,25-34,Organic,1
PS-01183,2025-12-19,Rivers,18-24,Agent,1
PS-01184,2025-11-02,Kano,25-34,Social ads,2
PS-01185,2025-08-29,Lagos,18-24,Referral,1
PS-01186,2026-01-12,Oyo,25-34,Organic,1
PS-01187,2025-01-30,Ogun,25-34,Agent,2
PS-01188,2025-11-09,Lagos,18-24,Referral,2
PS-01189,2024-08-07,Enugu,25-34,Referral,1
PS-01190,2024-12-13,Rivers,35-44,Referral,1
PS-01191,2025-11-13,Kano,25-34,Social ads,1
PS-01192,2025-01-30,Kano,35-44,Organic,1
PS-01193,2024-10-12,Lagos,35-44,Agent,1
PS-01194,2025-11-13,Anambra,25-34,Agent,2
PS-01195,2024-06-09,Anambra,18-24,Referral,1
PS-01196,2025-04-30,Enugu,45-54,Agent,2
PS-01197,2026-01-14,Kaduna,25-34,Referral,1
PS-01198,2024-08-15,Delta,18-24,Agent,2
PS-01199,2026-02-20,Anambra,45-54,Agent,2
PS-01200,2025-03-06,Lagos,35-44,Agent,3
PS-01201,2025-07-16,Anambra,25-34,Agent,1
PS-01202,2025-09-25,Ogun,25-34,Agent,3
PS-01203,2024-12-11,FCT,18-24,Social ads,1
PS-01204,2026-01-27,Lagos,25-34,Social ads,1
PS-01205,2025-02-24,Lagos,18-24,Social ads,2
PS-01206,2025-11-17,FCT,35-44,Social ads,3
PS-01207,2026-01-09,FCT,55+,Referral,1
PS-01208,2026-01-06,Enugu,25-34,Organic,3
PS-01209,2026-01-22,Oyo,18-24,Agent,1
PS-01210,2025-03-11,Delta,45-54,Agent,3
PS-01211,2025-08-25,Rivers,25-34,Referral,1
PS-01212,2024-11-23,Lagos,18-24,Agent,1
PS-01213,2024-12-25,Lagos,25-34,Agent,3
PS-01214,2025-06-03,Lagos,45-54,Organic,1
PS-01215,2025-11-23,Kaduna,25-34,Agent,1
PS-01216,2025-01-02,Oyo,35-44,Social ads,1
PS-01217,2025-02-16,Anambra,35-44,Agent,1
PS-01218,2024-12-13,Kaduna,18-24,Social ads,1
PS-01219,2024-10-01,Lagos,35-44,Agent,2
PS-01220,2024-08-06,Rivers,25-34,Organic,3
PS-01221,2025-11-14,Oyo,25-34,Social ads,1
PS-01222,2025-01-05,Kaduna,35-44,Agent,3
PS-01223,2025-11-07,Ogun,25-34,Organic,1
PS-01224,2024-10-30,Ogun,18-24,Referral,2
PS-01225,2025-01-20,Lagos,35-44,Agent,1
PS-01226,2025-02-09,Ogun,55+,Agent,2
PS-01227,2025-03-07,Delta,35-44,Social ads,2
PS-01228,2024-12-30,Anambra,18-24,Social ads,2
PS-01229,2024-10-20,FCT,25-34,Referral,2
PS-01230,2025-02-28,Kano,25-34,Agent,3
PS-01231,2025-06-29,Oyo,25-34,Organic,2
PS-01232,2025-02-27,Kano,25-34,Social ads,1
PS-01233,2024-08-19,Rivers,25-34,Referral,1
PS-01234,2025-10-04,Anambra,45-54,Social ads,1
PS-01235,2024-09-04,Lagos,35-44,Agent,3
PS-01236,2025-06-19,FCT,35-44,Social ads,3
PS-01237,2025-10-20,Oyo,25-34,Agent,2
PS-01238,2024-06-12,Delta,55+,Referral,3
PS-01239,2025-11-16,FCT,18-24,Agent,2
PS-01240,2026-01-30,Oyo,25-34,Agent,2
PS-01241,2025-08-19,Delta,35-44,Referral,2
PS-01242,2024-09-16,Kaduna,35-44,Social ads,1
PS-01243,2024-11-18,Rivers,25-34,Social ads,2
PS-01244,2024-07-05,Lagos,55+,Social ads,1
PS-01245,2025-07-16,Kaduna,18-24,Agent,1
PS-01246,2025-08-31,Ogun,18-24,Social ads,1
PS-01247,2025-09-12,Lagos,18-24,Referral,1
PS-01248,2025-05-29,Anambra,25-34,Organic,2
PS-01249,2025-11-18,Oyo,35-44,Social ads,2
PS-01250,2024-09-29,Lagos,45-54,Organic,1
PS-01251,2025-11-16,Lagos,25-34,Social ads,2
PS-01252,2025-11-14,Lagos,25-34,Organic,2
PS-01253,2025-01-29,Lagos,25-34,Agent,2
PS-01254,2025-11-19,Delta,35-44,Agent,1
PS-01255,2025-10-02,Anambra,18-24,Agent,3
PS-01256,2025-06-10,Oyo,25-34,Organic,3
PS-01257,2025-11-23,Enugu,35-44,Social ads,2
PS-01258,2025-06-02,Ogun,45-54,Agent,2
PS-01259,2025-12-14,Ogun,25-34,Referral,3
PS-01260,2025-03-09,Anambra,25-34,Social ads,1
PS-01261,2024-06-08,Rivers,45-54,Referral,2
PS-01262,2024-09-04,Ogun,35-44,Social ads,2
PS-01263,2025-05-30,Kano,25-34,Social ads,1
PS-01264,2025-07-09,FCT,55+,Agent,2
PS-01265,2025-06-09,Kaduna,18-24,Referral,2
PS-01266,2024-07-29,Enugu,25-34,Agent,2
PS-01267,2025-10-02,Enugu,45-54,Organic,1
PS-01268,2025-08-20,Kano,18-24,Social ads,3
PS-01269,2025-05-17,Rivers,25-34,Referral,2
PS-01270,2025-12-29,Lagos,25-34,Referral,2
PS-01271,2025-02-07,Lagos,25-34,Organic,1
PS-01272,2026-01-16,Delta,18-24,Agent,2
PS-01273,2026-01-30,Lagos,35-44,Referral,3
PS-01274,2025-02-05,Lagos,35-44,Referral,1
PS-01275,2025-06-02,Lagos,55+,Organic,3
PS-01276,2024-11-22,Rivers,35-44,Agent,2
PS-01277,2026-02-02,Lagos,45-54,Social ads,1
PS-01278,2025-06-14,Lagos,35-44,Agent,1
PS-01279,2026-01-30,Delta,55+,Organic,3
PS-01280,2024-11-11,Lagos,55+,Referral,1
PS-01281,2025-11-03,Lagos,25-34,Social ads,1
PS-01282,2025-01-15,Oyo,18-24,Agent,2
PS-01283,2024-11-28,Lagos,25-34,Organic,1
PS-01284,2026-01-09,Rivers,35-44,Referral,3
PS-01285,2025-02-21,Lagos,18-24,Social ads,1
PS-01286,2025-02-06,Delta,25-34,Referral,2
PS-01287,2025-12-21,Oyo,25-34,Social ads,1
PS-01288,2025-05-24,Ogun,55+,Agent,1
PS-01289,2025-04-15,Enugu,35-44,Agent,1
PS-01290,2025-08-31,Rivers,18-24,Agent,1
PS-01291,2024-06-28,Kaduna,35-44,Social ads,1
PS-01292,2025-06-09,Enugu,25-34,Referral,1
PS-01293,2025-09-12,Kaduna,25-34,Social ads,1
PS-01294,2024-07-03,Enugu,25-34,Social ads,1
PS-01295,2025-03-28,Rivers,35-44,Agent,2
PS-01296,2025-10-19,Rivers,18-24,Referral,2
PS-01297,2025-11-20,Ogun,18-24,Social ads,2
PS-01298,2024-11-27,Enugu,25-34,Agent,2
PS-01299,2025-09-30,Oyo,18-24,Organic,3
PS-01300,2025-08-22,Lagos,18-24,Agent,1
PS-01301,2025-12-10,Lagos,25-34,Agent,2
PS-01302,2025-12-06,Kano,18-24,Agent,2
PS-01303,2026-01-24,Kano,25-34,Agent,2
PS-01304,2024-11-18,Lagos,35-44,Social ads,1
PS-01305,2024-12-01,Kaduna,35-44,Social ads,1
PS-01306,2024-07-02,Kaduna,35-44,Referral,2
PS-01307,2025-12-04,Lagos,25-34,Agent,3
PS-01308,2024-09-05,Kano,35-44,Referral,1
PS-01309,2024-11-22,Rivers,18-24,Social ads,2
PS-01310,2025-02-04,Lagos,25-34,Agent,1
PS-01311,2024-10-14,Ogun,25-34,Organic,1
PS-01312,2025-08-06,Rivers,35-44,Organic,2
PS-01313,2025-11-01,Lagos,35-44,Referral,1
PS-01314,2024-06-10,FCT,45-54,Organic,2
PS-01315,2024-10-13,Oyo,35-44,Agent,3
PS-01316,2024-07-30,Lagos,35-44,Organic,2
PS-01317,2026-01-23,Ogun,25-34,Referral,3
PS-01318,2024-06-27,Rivers,18-24,Referral,3
PS-01319,2025-11-18,Lagos,45-54,Agent,2
PS-01320,2024-07-08,Rivers,55+,Social ads,3
PS-01321,2025-11-09,Lagos,18-24,Agent,1
PS-01322,2025-06-21,Delta,35-44,Agent,1
PS-01323,2024-06-27,Lagos,45-54,Social ads,1
PS-01324,2025-09-10,Enugu,25-34,Referral,1
PS-01325,2025-09-25,Lagos,55+,Social ads,3
PS-01326,2026-01-24,Rivers,45-54,Agent,2
PS-01327,2025-03-24,Lagos,25-34,Agent,2
PS-01328,2025-12-13,FCT,18-24,Agent,3
PS-01329,2024-06-26,Oyo,18-24,Social ads,1
PS-01330,2024-11-09,Lagos,25-34,Organic,2
PS-01331,2024-12-19,Kaduna,25-34,Agent,2
PS-01332,2024-09-05,Ogun,35-44,Organic,2
PS-01333,2025-02-23,Rivers,45-54,Agent,1
PS-01334,2024-06-18,Delta,18-24,Social ads,2
PS-01335,2025-04-30,Kaduna,45-54,Referral,2
PS-01336,2025-06-03,Lagos,18-24,Social ads,2
PS-01337,2025-12-11,Rivers,18-24,Social ads,1
PS-01338,2025-07-08,Delta,25-34,Referral,2
PS-01339,2026-02-16,Rivers,25-34,Organic,1
PS-01340,2024-11-23,Lagos,35-44,Agent,2
PS-01341,2025-08-19,Anambra,25-34,Agent,2
PS-01342,2025-04-20,Enugu,25-34,Organic,3
PS-01343,2024-08-26,Rivers,25-34,Organic,2
PS-01344,2025-02-05,Delta,25-34,Organic,3
PS-01345,2025-10-03,Kano,25-34,Organic,2
PS-01346,2025-11-01,Kaduna,25-34,Social ads,3
PS-01347,2025-09-24,FCT,25-34,Agent,2
PS-01348,2025-10-08,Lagos,25-34,Referral,2
PS-01349,2025-11-29,Kaduna,35-44,Referral,2
PS-01350,2025-02-28,Delta,35-44,Agent,1
PS-01351,2025-01-29,Kaduna,35-44,Social ads,2
PS-01352,2025-03-23,Enugu,18-24,Social ads,1
PS-01353,2024-06-14,Anambra,18-24,Agent,1
PS-01354,2025-02-27,Oyo,35-44,Referral,2
PS-01355,2025-09-10,Delta,45-54,Agent,1
PS-01356,2024-10-01,Ogun,18-24,Agent,2
PS-01357,2024-10-09,Oyo,18-24,Social ads,2
PS-01358,2025-12-22,Kaduna,25-34,Social ads,1
PS-01359,2025-10-16,Kaduna,25-34,Organic,1
PS-01360,2024-10-21,Lagos,18-24,Social ads,3
PS-01361,2024-06-16,Rivers,25-34,Social ads,1
PS-01362,2025-09-15,Ogun,35-44,Agent,2
PS-01363,2025-02-11,Lagos,25-34,Referral,2
PS-01364,2025-01-06,Enugu,25-34,Referral,1
PS-01365,2026-02-02,Delta,25-34,Referral,3
PS-01366,2024-06-09,Rivers,45-54,Referral,3
PS-01367,2024-12-26,Lagos,45-54,Organic,3
PS-01368,2024-12-18,Lagos,35-44,Organic,1
PS-01369,2024-10-25,Lagos,25-34,Agent,2
PS-01370,2025-05-03,Anambra,25-34,Referral,1
PS-01371,2025-12-03,Kaduna,25-34,Referral,2
PS-01372,2025-02-18,Anambra,18-24,Agent,2
PS-01373,2024-06-02,FCT,18-24,Social ads,2
PS-01374,2024-08-31,Ogun,35-44,Agent,2
PS-01375,2025-04-27,Kano,25-34,Agent,1
PS-01376,2024-06-12,Delta,25-34,Referral,3
PS-01377,2026-01-10,Lagos,45-54,Organic,2
PS-01378,2025-03-11,Kano,45-54,Referral,2
PS-01379,2025-01-30,Kaduna,35-44,Referral,2
PS-01380,2024-12-16,Kaduna,25-34,Referral,3
PS-01381,2025-03-08,Enugu,35-44,Referral,2
PS-01382,2025-10-01,Enugu,45-54,Referral,2
PS-01383,2026-02-14,Oyo,35-44,Agent,1
PS-01384,2024-06-13,Ogun,35-44,Agent,2
PS-01385,2025-04-19,FCT,18-24,Organic,2
PS-01386,2024-10-08,Kano,35-44,Agent,2
PS-01387,2025-08-21,Lagos,55+,Social ads,1
PS-01388,2024-06-02,Lagos,25-34,Referral,3
PS-01389,2025-10-29,Oyo,25-34,Social ads,1
PS-01390,2025-03-31,Enugu,35-44,Social ads,1
PS-01391,2025-03-30,Delta,25-34,Referral,1
PS-01392,2025-01-18,Anambra,18-24,Referral,1
PS-01393,2025-08-19,Kano,18-24,Organic,2
PS-01394,2024-09-29,Enugu,35-44,Organic,2
PS-01395,2025-07-13,Rivers,25-34,Social ads,2
PS-01396,2025-08-17,Oyo,25-34,Referral,2
PS-01397,2024-07-31,Rivers,35-44,Agent,2
PS-01398,2025-12-01,Enugu,55+,Organic,2
PS-01399,2025-02-26,Lagos,25-34,Social ads,2
PS-01400,2024-09-27,Rivers,35-44,Organic,1
PS-01401,2025-09-13,Oyo,18-24,Organic,2
PS-01402,2025-09-25,FCT,25-34,Agent,3
PS-01403,2025-07-13,Kaduna,25-34,Agent,1
PS-01404,2026-02-13,Kano,35-44,Referral,2
PS-01405,2025-09-28,Kano,25-34,Agent,2
PS-01406,2024-10-01,Delta,18-24,Referral,2
PS-01407,2025-07-05,Enugu,25-34,Social ads,1
PS-01408,2025-12-26,Kano,25-34,Organic,2
PS-01409,2025-03-13,Anambra,25-34,Organic,2
PS-01410,2024-08-02,FCT,18-24,Organic,2
PS-01411,2025-05-11,Lagos,18-24,Agent,1
PS-01412,2024-08-19,Rivers,35-44,Agent,2
PS-01413,2024-06-20,Lagos,18-24,Agent,2
PS-01414,2024-12-26,Kaduna,18-24,Social ads,2
PS-01415,2024-11-04,Kano,45-54,Agent,2
PS-01416,2024-09-19,Oyo,55+,Referral,3
PS-01417,2025-09-04,Lagos,25-34,Social ads,1
PS-01418,2025-12-28,Kano,25-34,Social ads,2
PS-01419,2024-09-28,Rivers,18-24,Social ads,3
PS-01420,2025-10-21,Oyo,25-34,Social ads,2
PS-01421,2025-12-11,Kano,25-34,Referral,1
PS-01422,2026-01-05,Oyo,18-24,Agent,1
PS-01423,2024-07-07,Lagos,18-24,Referral,1
PS-01424,2024-09-14,Delta,25-34,Agent,3
PS-01425,2025-02-10,Rivers,55+,Agent,3
PS-01426,2026-01-15,Kano,25-34,Organic,1
PS-01427,2024-08-29,FCT,25-34,Social ads,2
PS-01428,2025-06-22,FCT,35-44,Social ads,2
PS-01429,2025-05-21,Lagos,55+,Referral,1
PS-01430,2024-12-09,Kano,18-24,Agent,2
PS-01431,2025-06-13,Lagos,45-54,Referral,2
PS-01432,2025-10-05,Oyo,35-44,Agent,2
PS-01433,2026-02-08,Rivers,18-24,Referral,2
PS-01434,2025-07-10,Lagos,25-34,Agent,3
PS-01435,2024-07-28,Delta,25-34,Social ads,1
PS-01436,2025-07-18,Rivers,55+,Agent,1
PS-01437,2024-08-24,Lagos,25-34,Social ads,2
PS-01438,2025-11-30,Kano,55+,Social ads,2
PS-01439,2025-09-13,Oyo,25-34,Referral,1
PS-01440,2024-10-16,Oyo,45-54,Agent,1
PS-01441,2024-11-21,Rivers,18-24,Social ads,1
PS-01442,2025-07-23,Lagos,25-34,Agent,2
PS-01443,2025-08-15,FCT,35-44,Agent,1
PS-01444,2025-11-09,Rivers,25-34,Referral,3
PS-01445,2025-06-28,Ogun,18-24,Social ads,3
PS-01446,2024-11-19,Kano,25-34,Social ads,2
PS-01447,2025-09-27,Enugu,18-24,Social ads,1
PS-01448,2024-12-18,Lagos,25-34,Social ads,3
PS-01449,2024-08-20,Enugu,35-44,Agent,1
PS-01450,2025-03-04,Anambra,25-34,Organic,1
PS-01451,2025-02-25,Lagos,18-24,Agent,2
PS-01452,2025-08-29,Delta,25-34,Referral,3
PS-01453,2025-08-30,Oyo,35-44,Agent,2
PS-01454,2025-04-15,Delta,25-34,Social ads,2
PS-01455,2026-01-06,Rivers,25-34,Social ads,3
PS-01456,2024-06-03,Anambra,25-34,Organic,1
PS-01457,2026-02-24,Lagos,25-34,Social ads,2
PS-01458,2025-10-14,Ogun,25-34,Referral,2
PS-01459,2024-11-22,Lagos,25-34,Organic,2
PS-01460,2026-02-21,Lagos,18-24,Organic,3
PS-01461,2024-08-01,Oyo,25-34,Social ads,1
PS-01462,2025-09-10,FCT,35-44,Agent,2
PS-01463,2026-02-26,Delta,45-54,Agent,3
PS-01464,2024-10-13,Delta,45-54,Social ads,1
PS-01465,2024-08-20,FCT,45-54,Organic,3
PS-01466,2024-10-02,FCT,25-34,Referral,2
PS-01467,2024-08-28,Lagos,25-34,Organic,2
PS-01468,2024-12-31,FCT,25-34,Agent,2
PS-01469,2026-01-27,FCT,18-24,Agent,3
PS-01470,2025-05-13,Enugu,25-34,Referral,2
PS-01471,2025-09-01,Ogun,25-34,Agent,3
PS-01472,2025-03-25,Delta,35-44,Agent,3
PS-01473,2026-01-09,Rivers,35-44,Agent,2
PS-01474,2025-02-10,Kano,25-34,Social ads,1
PS-01475,2025-04-13,Kano,25-34,Referral,3
PS-01476,2024-07-16,Oyo,25-34,Referral,2
PS-01477,2024-11-27,Lagos,18-24,Referral,3
PS-01478,2026-01-31,Anambra,25-34,Referral,1
PS-01479,2025-05-13,Kano,55+,Social ads,1
PS-01480,2025-06-10,FCT,45-54,Referral,3
PS-01481,2025-07-06,Rivers,18-24,Agent,2
PS-01482,2025-11-15,FCT,25-34,Referral,2
PS-01483,2024-08-08,Ogun,45-54,Referral,1
PS-01484,2025-09-26,Kano,25-34,Agent,3
PS-01485,2025-03-18,Lagos,25-34,Agent,1
PS-01486,2025-11-29,FCT,45-54,Referral,2
PS-01487,2025-05-10,Anambra,55+,Agent,1
PS-01488,2025-12-16,Rivers,35-44,Referral,1
PS-01489,2025-01-22,Anambra,35-44,Referral,2
PS-01490,2025-02-17,Kano,45-54,Agent,1
PS-01491,2025-11-27,Anambra,18-24,Agent,2
PS-01492,2025-04-19,FCT,25-34,Referral,1
PS-01493,2024-10-06,Oyo,25-34,Social ads,1
PS-01494,2024-06-04,Rivers,25-34,Referral,2
PS-01495,2024-11-06,Lagos,35-44,Referral,2
PS-01496,2025-05-24,Kano,25-34,Referral,1
PS-01497,2024-06-02,Anambra,45-54,Referral,2
PS-01498,2025-08-11,Oyo,25-34,Social ads,1
PS-01499,2024-11-29,Oyo,18-24,Referral,1
PS-01500,2024-06-17,Kaduna,18-24,Referral,2
