Customer Name,Region,City,Phone,Date Joined,Credit Limit,Channel
kayode distributors   ,LAGOS,Surulere,08089165939,22/10/2023,"₦2,050,000",Wholesale
Grace Provisions,South East,Nnewi,0915 628 5995,2022-04-21,"500,000.00",Kiosk
  ADA SUPERSTORE,Lagos,Ikeja,+234 813 623 6612,2023-07-11,"1,200,000",Supermarket
Hajia Amina Superstore,north central,Abuja,09156966803,21/04/2023,850000,Supermarket
  peace mart,South-West,Osogbo,+234 813 930 6584,01/09/2022,1500000,Supermarket
Mama Nkechi Trading Co.   ,lagos,Surulere,2349153240700,25/12/2024,"4,150,000",Wholesale
  DIVINE KIOSK,lagos,Ikeja,+234 808 693 2631,2022-05-30,"500,000",Kiosk
Iya Basira Mart   ,South East,Nnewi,2348065983094,2024-10-19,2300000,Supermarket
  OLUMIDE MINI MART,Lagos,Ikorodu,07034756294,11/10/2023,450000,Kiosk
Yakubu Kiosk   ,LAGOS,Ikorodu,09055893731,14/12/2022,"150,000",Kiosk
Iya Basira Mart Warri,South South,Warri,+234 816 068 4935,21/09/2024,"1,150,000",Supermarket
Hajia Amina Supermarket,north west,Kano,2348069248780,02/07/2022,"1,400,000.00",Supermarket
Olumide Stores   ,South-South,CALABAR,+234 806 877 4528,2023-07-20,550000,Kiosk
  Peace Provisions   ,North West,Kano,+234 803 051 6249,2022-11-17,"200,000.00",Kiosk
Kayode Provisions,LAGOS,SURULERE,07068908780,2022-07-01,400000,Kiosk
Bola Wholesale,Lagos ,Ikorodu,07036904897,03/01/2023,,Kiosk
Madam Titi Mini Mart,LAGOS,Surulere,+234 808 377 8572,27-May-2024,250000,Kiosk
  Olumide Wholesale,North-West,Sokoto,08029783493,20/05/2023,"2,900,000",Wholesale
Kayode Supermarket,south south,Uyo,08087637283,2022-02-03,"1,900,000.00",Supermarket
  BROTHER SUNDAY SUPERMARKET   ,North-Central,Jos,0808 387 4171,2023-06-07,1400000,Supermarket
BROTHER SUNDAY PROVISIONS,South-South,Benin City,08131089089,2022-01-13,250000,Kiosk
Madam Titi Mart,NW,KADUNA,2349058808562,2022-02-02,1900000,Supermarket
Alhaji Musa Stores,Lagos,Lekki,+234 802 999 3739,11-Oct-2024,"₦350,000",Kiosk
Grace Wholesale,Lagos ,Ikorodu,07036904897,03/01/2023,,Kiosk
  ALHAJI MUSA SUPERSTORE,Lagos ,Lekki,2347034481554,5-Oct-2022,"₦950,000",Supermarket
Emeka Supermarket,Lagos,Ikeja,0808 773 8044,2024-10-09,"1,450,000.00",Supermarket
Hajia Amina Mini Mart,South East,Enugu,2348064007409,2023-04-16,500000,Kiosk
EMEKA PROVISIONS,Lagos ,Yaba,09153984134,1-Oct-2023,"250,000",Kiosk
chuks trading co.,South West,Abeokuta,08062067396,30/10/2024,4250000,Wholesale
Alhaji Musa Wholesale,lagos,YABA,07030031271,10-Jun-2023,"₦3,100,000",Wholesale
  Yakubu Supermarket,south south,CALABAR,08067302642,30/08/2022,2350000,Supermarket
Yakubu Mini Mart,NC,Ilorin,09056034765,2023-01-25,"200,000",Kiosk
Hajia Amina Kiosk,SW,Akure,+234 706 783 9339,30-Sep-2023,600000,Kiosk
peace provisions kaduna,North West,Kaduna,07060490191,18/08/2023,400000,Kiosk
YAKUBU MART,LAGOS,Ikeja,0808 549 5514,03/11/2023,"₦1,150,000",Supermarket
Kayode Distributors Abeokuta,north west,Kano,2348069248780,02/07/2022,"1,400,000.00",Supermarket
  BROTHER SUNDAY WHOLESALE,Lagos ,Ikorodu,+234 808 689 9898,2024-09-15,"3,500,000",Wholesale
Emeka Supermarket Ilesa   ,South West,Ilesa,+234 803 727 5044,2022-03-20,"1,600,000",Supermarket
Blessing Provisions   ,North Central,Jos,2349056225294,2022-04-02,"₦150,000",Kiosk
Divine Superstore,Lagos,Ikorodu,0806 950 8772,05/09/2024,"1,150,000.00",Supermarket
Blessing Superstore,North-West,Kano,0905 217 9964,12-Sep-2024,"₦1,350,000",Supermarket
Hajia Amina Mini Mart Uyo,South South,UYO,2347032413205,23-Nov-2024,500000,Kiosk
  Alhaji Musa Wholesale Ikorodu   ,Lagos,Ikorodu,+234 808 078 6373,2024-12-18,"3,200,000",Wholesale
Ada Supermarket,Lagos,Ikeja,08138277704,10/12/2022,2000000,Supermarket
Ada Stores,SW,Akure,+234 706 783 9339,30-Sep-2023,600000,Kiosk
Iya Basira Distributors,South South,Uyo,09059778074,27-Oct-2023,4550000,Wholesale
Divine Superstore Uyo   ,South-South,Uyo,08164053897,07/08/2022,"2,250,000.00",Supermarket
Chuks Mart,south west,IBADAN,0803 646 8367,22-Jan-2023,"₦2,050,000",Supermarket
brother sunday provisions jos,north central,JOS,+234 808 888 2328,2023-12-25,"300,000",Kiosk
Brother Sunday Mini Mart,LAGOS,Ikorodu,09058766576,13/10/2022,"400,000.00",Kiosk
Ada Stores,SW,Akure,+234 706 783 9339,30-Sep-2023,600000,Kiosk
  Ada Provisions   ,Lagos,Lekki,+234 706 867 6759,2023-05-16,"4,850,000",Wholesale
  Iya Basira Trading Co.,north central,Makurdi,+234 706 294 2614,2023-07-28,"4,750,000",Wholesale
Ada Wholesale,South-East,NNEWI,07060629516,2022-04-07,4950000,Wholesale
Hajia Amina Kiosk   ,South East,Owerri,08064955398,3-Feb-2023,"₦150,000",Kiosk
Uncle Ben Kiosk,SE,Nnewi,09153752446,8-Jan-2024,"₦300,000",Kiosk
  Ada Stores Uyo,south south,UYO,07033788231,2023-05-03,450000,Kiosk
GRACE SUPERSTORE   ,South West,Akure,09054834254,27/08/2022,"2,150,000",Supermarket
madam titi wholesale,Lagos ,Ikeja,09153740750,2023-05-14,"₦3,450,000",Wholesale
GRACE PROVISIONS,South East,Nnewi,0915 628 5995,2022-04-21,"500,000.00",Kiosk
divine provisions,LAGOS,Festac,08028835893,2023-11-20,300000,Kiosk
Bola Mini Mart,Lagos ,Ikorodu,07036904897,03/01/2023,,Kiosk
Bola Wholesale   ,North Central,Abuja,0803 149 1308,15-May-2024,"2,200,000.00",Wholesale
Yakubu Superstore,Lagos,IKORODU,+234 706 690 2142,2022-12-31,"850,000",Supermarket
Olumide Wholesale Yaba   ,Lagos,Yaba,2348021091959,18-Dec-2022,4900000,Wholesale
Uncle Ben Kiosk   ,South East,Owerri,08064955398,3-Feb-2023,"₦150,000",Kiosk
Grace Wholesale,North West,Katsina,08020383559,29/01/2022,"3,200,000",Wholesale
  Divine Wholesale,Lagos,IKORODU,+234 706 690 2142,2022-12-31,"850,000",Supermarket
Yakubu Mini Mart Festac,Lagos,Festac,0915 801 7358,2024-06-12,350000,Kiosk
Blessing Provisions Nnewi   ,SE,Nnewi,08035007385,2024-07-14,500000,Kiosk
  Blessing Stores   ,NW,Katsina,2348136185231,2023-11-26,"200,000",Kiosk
  Divine Wholesale   ,South-East,Enugu,2349054066804,5-Dec-2024,"₦4,400,000",Wholesale
Blessing Distributors,SS,Port Harcourt,0905 458 5946,7-Feb-2024,2250000,Wholesale
Emeka Trading Co.   ,North-West,Kaduna,+234 706 670 2610,12-Apr-2023,2500000,Wholesale
DIVINE TRADING CO.,Lagos,Lekki,+234 706 867 6759,2023-05-16,"4,850,000",Wholesale
Divine Provisions Abuja,North-Central,Abuja,0803 650 7382,25-Aug-2022,200000,Kiosk
  BROTHER SUNDAY MINI MART CALABAR   ,South-South,CALABAR,+234 806 877 4528,2023-07-20,550000,Kiosk
Divine Trading Co. Ikeja,LAGOS,Ikeja,08038969449,2023-04-20,3400000,Wholesale
MAMA NKECHI MART,LAGOS,Festac,0706 343 6599,2023-01-02,1250000,Supermarket
Olumide Stores,North West,Kano,08030224663,2022-12-27,450000,Kiosk
GRACE KIOSK,SW,Ilesa,08063134701,25/11/2025,500000,Kiosk
Yakubu Provisions,Lagos ,Festac,0703 847 4851,2025-10-11,200000,Kiosk
  Hajia Amina Supermarket   ,north west,Kano,2348069248780,02/07/2022,"1,400,000.00",Supermarket
  Ada Provisions,south west,Abeokuta,2347031611617,2025-10-30,,Kiosk
Mama Nkechi Mini Mart,South-East,NNEWI,0806 776 3034,2026-04-06,450000,Kiosk
KAYODE SUPERSTORE   ,North-Central,Jos,+234 802 436 5416,2025-12-11,"1,650,000",Supermarket
  Hajia Amina Mini Mart,Lagos ,Ikorodu,07036904897,03/01/2023,,Kiosk
BROTHER SUNDAY TRADING CO.   ,SW,Ibadan,07034227685,2025-06-19,2150000,Wholesale
Peace Mart Enugu,South-East,Enugu,0802 842 1993,20-Nov-2025,850000,Supermarket
olumide mini mart lekki   ,Lagos ,Lekki,+234 802 700 6756,2025-05-28,500000,Kiosk
Kayode Distributors Abeokuta,south west,Abeokuta,08068234157,21/10/2025,4200000,Wholesale
ALHAJI MUSA PROVISIONS,SE,Nnewi,08023627610,2026-03-15,"450,000",Kiosk
Yakubu Superstore Ilorin,North Central,ILORIN,08066429164,2025-10-30,"900,000",Supermarket
Hajia Amina Kiosk Aba   ,South East,Aba,09055445335,2026-02-16,350000,Kiosk
Iya Basira Mart Benin City   ,SS,Benin City,08087996309,30/12/2025,1950000,Supermarket
Olumide Superstore,Lagos,Lekki,+234 816 821 3226,2025-04-12,"1,950,000.00",Supermarket
Olumide Kiosk,South East,Owerri,+234 915 849 8234,01/02/2026,250000,Kiosk
Madam Titi Superstore,Lagos ,Yaba,+234 806 789 6182,25/04/2026,850000,Supermarket
  Yakubu Superstore Festac,Lagos,Festac,+234 706 071 0624,2025-12-04,"1,550,000",Supermarket
Bola Provisions,SE,Enugu,+234 905 249 9149,2025-07-29,200000,Kiosk
Ada Superstore Kaduna,North-West,Kaduna,2348162330093,18-Feb-2026,"1,200,000",Supermarket
Bola Kiosk,LAGOS,Yaba,08064090231,2026-01-09,"300,000",Kiosk
