minute,api_requests,db_ms_per_request,pool_size,connections_in_use,wait_p95_ms
2026-08-31 00:00,310,122,40,1,2
2026-08-31 00:01,307,124,40,1,7
2026-08-31 00:02,306,127,40,1,7
2026-08-31 00:03,310,120,40,1,3
2026-08-31 00:04,320,127,40,1,3
2026-08-31 00:05,319,125,40,1,4
2026-08-31 00:06,300,124,40,1,3
2026-08-31 00:07,314,122,40,1,8
2026-08-31 00:08,299,119,40,1,2
2026-08-31 00:09,298,121,40,1,7
2026-08-31 00:10,316,124,40,1,3
2026-08-31 00:11,305,122,40,1,6
2026-08-31 00:12,292,127,40,1,6
2026-08-31 00:13,296,125,40,1,5
2026-08-31 00:14,298,123,40,1,3
2026-08-31 00:15,307,124,40,1,5
2026-08-31 00:16,286,121,40,1,4
2026-08-31 00:17,298,118,40,1,5
2026-08-31 00:18,299,123,40,1,2
2026-08-31 00:19,284,126,40,1,2
2026-08-31 00:20,293,128,40,1,4
2026-08-31 00:21,291,122,40,1,7
2026-08-31 00:22,288,119,40,1,2
2026-08-31 00:23,285,128,40,1,7
2026-08-31 00:24,286,125,40,1,7
2026-08-31 00:25,281,123,40,1,3
2026-08-31 00:26,286,120,40,1,3
2026-08-31 00:27,286,123,40,1,3
2026-08-31 00:28,285,122,40,1,4
2026-08-31 00:29,270,124,40,1,8
2026-08-31 00:30,270,122,40,1,6
2026-08-31 00:31,277,122,40,1,3
2026-08-31 00:32,276,127,40,1,3
2026-08-31 00:33,265,125,40,1,7
2026-08-31 00:34,275,120,40,1,5
2026-08-31 00:35,273,126,40,1,6
2026-08-31 00:36,264,124,40,1,5
2026-08-31 00:37,275,120,40,1,2
2026-08-31 00:38,268,123,40,1,4
2026-08-31 00:39,265,125,40,1,7
2026-08-31 00:40,268,125,40,1,3
2026-08-31 00:41,253,125,40,1,6
2026-08-31 00:42,259,119,40,1,2
2026-08-31 00:43,262,124,40,1,7
2026-08-31 00:44,253,122,40,1,5
2026-08-31 00:45,248,125,40,1,5
2026-08-31 00:46,255,120,40,1,7
2026-08-31 00:47,257,118,40,1,4
2026-08-31 00:48,249,123,40,1,7
2026-08-31 00:49,254,125,40,1,6
2026-08-31 00:50,252,122,40,1,4
2026-08-31 00:51,251,118,40,0,4
2026-08-31 00:52,248,122,40,1,7
2026-08-31 00:53,252,118,40,0,8
2026-08-31 00:54,238,123,40,0,5
2026-08-31 00:55,242,123,40,0,4
2026-08-31 00:56,237,127,40,1,3
2026-08-31 00:57,241,118,40,0,3
2026-08-31 00:58,232,125,40,0,6
2026-08-31 00:59,245,120,40,0,3
2026-08-31 01:00,241,124,40,0,4
2026-08-31 01:01,229,123,40,0,3
2026-08-31 01:02,235,120,40,0,3
2026-08-31 01:03,241,123,40,0,6
2026-08-31 01:04,244,120,40,0,4
2026-08-31 01:05,234,118,40,0,7
2026-08-31 01:06,244,122,40,0,7
2026-08-31 01:07,233,122,40,0,6
2026-08-31 01:08,232,125,40,0,3
2026-08-31 01:09,231,124,40,0,7
2026-08-31 01:10,228,123,40,0,5
2026-08-31 01:11,236,126,40,0,4
2026-08-31 01:12,243,118,40,0,7
2026-08-31 01:13,232,124,40,0,3
2026-08-31 01:14,237,127,40,1,2
2026-08-31 01:15,229,122,40,0,3
2026-08-31 01:16,233,124,40,0,4
2026-08-31 01:17,242,127,40,1,6
2026-08-31 01:18,236,125,40,0,7
2026-08-31 01:19,235,121,40,0,5
2026-08-31 01:20,237,123,40,0,7
2026-08-31 01:21,239,118,40,0,5
2026-08-31 01:22,241,126,40,1,6
2026-08-31 01:23,241,119,40,0,6
2026-08-31 01:24,232,124,40,0,2
2026-08-31 01:25,234,121,40,0,8
2026-08-31 01:26,237,120,40,0,7
2026-08-31 01:27,227,125,40,0,3
2026-08-31 01:28,232,117,40,0,3
2026-08-31 01:29,233,120,40,0,4
2026-08-31 01:30,228,124,40,0,7
2026-08-31 01:31,241,121,40,0,4
2026-08-31 01:32,234,121,40,0,4
2026-08-31 01:33,237,119,40,0,3
2026-08-31 01:34,231,125,40,0,3
2026-08-31 01:35,229,117,40,0,4
2026-08-31 01:36,238,127,40,1,4
2026-08-31 01:37,239,119,40,0,8
2026-08-31 01:38,239,121,40,0,6
2026-08-31 01:39,229,119,40,0,6
2026-08-31 01:40,241,122,40,0,6
2026-08-31 01:41,236,127,40,0,5
2026-08-31 01:42,230,124,40,0,5
2026-08-31 01:43,233,123,40,0,7
2026-08-31 01:44,239,126,40,1,4
2026-08-31 01:45,237,121,40,0,3
2026-08-31 01:46,242,120,40,0,3
2026-08-31 01:47,237,124,40,0,4
2026-08-31 01:48,230,119,40,0,4
2026-08-31 01:49,235,120,40,0,3
2026-08-31 01:50,240,121,40,0,7
2026-08-31 01:51,231,120,40,0,3
2026-08-31 01:52,239,123,40,0,6
2026-08-31 01:53,237,119,40,0,4
2026-08-31 01:54,230,119,40,0,4
2026-08-31 01:55,236,126,40,0,2
2026-08-31 01:56,237,124,40,0,5
2026-08-31 01:57,228,124,40,0,6
2026-08-31 01:58,234,122,40,0,5
2026-08-31 01:59,233,121,40,0,4
2026-08-31 02:00,234,124,40,0,5
2026-08-31 02:01,237,125,40,0,4
2026-08-31 02:02,240,124,40,0,4
2026-08-31 02:03,228,124,40,0,7
2026-08-31 02:04,234,118,40,0,5
2026-08-31 02:05,237,118,40,0,3
2026-08-31 02:06,227,119,40,0,7
2026-08-31 02:07,241,122,40,0,3
2026-08-31 02:08,229,124,40,0,7
2026-08-31 02:09,241,122,40,0,8
2026-08-31 02:10,232,119,40,0,7
2026-08-31 02:11,233,118,40,0,5
2026-08-31 02:12,230,124,40,0,5
2026-08-31 02:13,232,125,40,0,5
2026-08-31 02:14,237,122,40,0,7
2026-08-31 02:15,234,120,40,0,5
2026-08-31 02:16,229,123,40,0,7
2026-08-31 02:17,232,121,40,0,3
2026-08-31 02:18,228,119,40,0,6
2026-08-31 02:19,243,124,40,1,7
2026-08-31 02:20,228,122,40,0,6
2026-08-31 02:21,234,121,40,0,5
2026-08-31 02:22,230,123,40,0,4
2026-08-31 02:23,229,123,40,0,5
2026-08-31 02:24,241,127,40,1,5
2026-08-31 02:25,228,126,40,0,7
2026-08-31 02:26,227,120,40,0,4
2026-08-31 02:27,237,122,40,0,6
2026-08-31 02:28,241,122,40,0,4
2026-08-31 02:29,241,118,40,0,3
2026-08-31 02:30,232,118,40,0,3
2026-08-31 02:31,237,127,40,1,4
2026-08-31 02:32,242,123,40,0,5
2026-08-31 02:33,244,124,40,1,7
2026-08-31 02:34,232,124,40,0,5
2026-08-31 02:35,231,124,40,0,2
2026-08-31 02:36,227,120,40,0,5
2026-08-31 02:37,234,122,40,0,3
2026-08-31 02:38,232,121,40,0,2
2026-08-31 02:39,240,123,40,0,6
2026-08-31 02:40,228,124,40,0,3
2026-08-31 02:41,234,123,40,0,7
2026-08-31 02:42,236,125,40,0,7
2026-08-31 02:43,239,127,40,1,5
2026-08-31 02:44,230,124,40,0,5
2026-08-31 02:45,232,119,40,0,4
2026-08-31 02:46,237,124,40,0,6
2026-08-31 02:47,232,123,40,0,3
2026-08-31 02:48,234,125,40,0,5
2026-08-31 02:49,228,125,40,0,7
2026-08-31 02:50,237,118,40,0,3
2026-08-31 02:51,239,127,40,1,6
2026-08-31 02:52,230,127,40,0,2
2026-08-31 02:53,241,124,40,0,7
2026-08-31 02:54,232,124,40,0,5
2026-08-31 02:55,237,119,40,0,4
2026-08-31 02:56,243,125,40,1,6
2026-08-31 02:57,234,123,40,0,5
2026-08-31 02:58,229,123,40,0,6
2026-08-31 02:59,232,122,40,0,6
2026-08-31 03:00,232,125,40,0,3
2026-08-31 03:01,237,121,40,0,6
2026-08-31 03:02,239,118,40,0,5
2026-08-31 03:03,246,122,40,1,8
2026-08-31 03:04,237,122,40,0,5
2026-08-31 03:05,236,119,40,0,3
2026-08-31 03:06,246,122,40,1,5
2026-08-31 03:07,249,118,40,0,3
2026-08-31 03:08,245,118,40,0,6
2026-08-31 03:09,255,118,40,1,7
2026-08-31 03:10,257,127,40,1,7
2026-08-31 03:11,255,121,40,1,2
2026-08-31 03:12,258,118,40,1,3
2026-08-31 03:13,260,123,40,1,4
2026-08-31 03:14,251,123,40,1,6
2026-08-31 03:15,265,126,40,1,7
2026-08-31 03:16,254,120,40,1,4
2026-08-31 03:17,263,126,40,1,7
2026-08-31 03:18,267,125,40,1,6
2026-08-31 03:19,254,127,40,1,6
2026-08-31 03:20,267,123,40,1,3
2026-08-31 03:21,261,126,40,1,5
2026-08-31 03:22,269,122,40,1,6
2026-08-31 03:23,277,119,40,1,7
2026-08-31 03:24,268,122,40,1,8
2026-08-31 03:25,276,122,40,1,4
2026-08-31 03:26,281,119,40,1,7
2026-08-31 03:27,265,124,40,1,7
2026-08-31 03:28,272,123,40,1,4
2026-08-31 03:29,276,126,40,1,6
2026-08-31 03:30,277,122,40,1,4
2026-08-31 03:31,273,118,40,1,2
2026-08-31 03:32,289,119,40,1,4
2026-08-31 03:33,287,123,40,1,8
2026-08-31 03:34,291,126,40,1,5
2026-08-31 03:35,278,120,40,1,3
2026-08-31 03:36,277,128,40,1,4
2026-08-31 03:37,279,123,40,1,5
2026-08-31 03:38,283,121,40,1,7
2026-08-31 03:39,300,127,40,1,5
2026-08-31 03:40,281,122,40,1,5
2026-08-31 03:41,282,120,40,1,7
2026-08-31 03:42,299,121,40,1,3
2026-08-31 03:43,286,121,40,1,3
2026-08-31 03:44,287,123,40,1,6
2026-08-31 03:45,302,122,40,1,2
2026-08-31 03:46,292,125,40,1,7
2026-08-31 03:47,299,125,40,1,2
2026-08-31 03:48,300,120,40,1,4
2026-08-31 03:49,302,127,40,1,7
2026-08-31 03:50,296,124,40,1,5
2026-08-31 03:51,298,127,40,1,7
2026-08-31 03:52,316,123,40,1,7
2026-08-31 03:53,305,126,40,1,8
2026-08-31 03:54,305,126,40,1,6
2026-08-31 03:55,318,120,40,1,3
2026-08-31 03:56,321,125,40,1,7
2026-08-31 03:57,319,125,40,1,4
2026-08-31 03:58,313,125,40,1,3
2026-08-31 03:59,321,119,40,1,3
2026-08-31 04:00,318,129,40,1,7
2026-08-31 04:01,314,121,40,1,8
2026-08-31 04:02,335,125,40,1,7
2026-08-31 04:03,346,122,40,1,6
2026-08-31 04:04,336,127,40,1,2
2026-08-31 04:05,349,121,40,1,2
2026-08-31 04:06,369,129,40,1,5
2026-08-31 04:07,362,128,40,1,3
2026-08-31 04:08,362,122,40,1,2
2026-08-31 04:09,382,129,40,1,4
2026-08-31 04:10,391,128,40,1,4
2026-08-31 04:11,395,123,40,1,5
2026-08-31 04:12,394,123,40,1,6
2026-08-31 04:13,396,123,40,1,6
2026-08-31 04:14,406,128,40,1,4
2026-08-31 04:15,431,129,40,1,7
2026-08-31 04:16,435,126,40,1,6
2026-08-31 04:17,431,125,40,1,7
2026-08-31 04:18,449,125,40,1,4
2026-08-31 04:19,449,130,40,1,3
2026-08-31 04:20,457,125,40,1,3
2026-08-31 04:21,447,129,40,1,7
2026-08-31 04:22,461,127,40,1,7
2026-08-31 04:23,477,121,40,1,5
2026-08-31 04:24,478,126,40,1,2
2026-08-31 04:25,510,125,40,1,2
2026-08-31 04:26,484,122,40,1,2
2026-08-31 04:27,500,126,40,1,2
2026-08-31 04:28,507,122,40,1,6
2026-08-31 04:29,534,131,40,1,3
2026-08-31 04:30,546,122,40,1,8
2026-08-31 04:31,547,125,40,1,3
2026-08-31 04:32,560,127,40,1,5
2026-08-31 04:33,558,125,40,1,3
2026-08-31 04:34,542,125,40,1,6
2026-08-31 04:35,539,122,40,1,6
2026-08-31 04:36,558,128,40,1,7
2026-08-31 04:37,588,129,40,1,7
2026-08-31 04:38,566,131,40,1,8
2026-08-31 04:39,562,125,40,1,3
2026-08-31 04:40,606,123,40,1,7
2026-08-31 04:41,578,124,40,1,5
2026-08-31 04:42,608,129,40,1,3
2026-08-31 04:43,625,127,40,1,6
2026-08-31 04:44,641,130,40,1,4
2026-08-31 04:45,641,132,40,1,3
2026-08-31 04:46,654,126,40,1,3
2026-08-31 04:47,640,126,40,1,5
2026-08-31 04:48,647,131,40,1,7
2026-08-31 04:49,634,132,40,1,6
2026-08-31 04:50,640,128,40,1,7
2026-08-31 04:51,673,130,40,1,5
2026-08-31 04:52,655,131,40,1,7
2026-08-31 04:53,700,124,40,1,2
2026-08-31 04:54,718,128,40,2,8
2026-08-31 04:55,687,132,40,2,4
2026-08-31 04:56,674,134,40,2,5
2026-08-31 04:57,685,132,40,2,5
2026-08-31 04:58,714,124,40,1,5
2026-08-31 04:59,694,131,40,2,3
2026-08-31 05:00,711,133,40,2,8
2026-08-31 05:01,722,134,40,2,5
2026-08-31 05:02,813,130,40,2,3
2026-08-31 05:03,823,127,40,2,3
2026-08-31 05:04,839,126,40,2,5
2026-08-31 05:05,853,134,40,2,6
2026-08-31 05:06,889,130,40,2,3
2026-08-31 05:07,922,136,40,2,5
2026-08-31 05:08,962,135,40,2,4
2026-08-31 05:09,951,128,40,2,7
2026-08-31 05:10,930,133,40,2,4
2026-08-31 05:11,994,137,40,2,8
2026-08-31 05:12,972,129,40,2,2
2026-08-31 05:13,1005,133,40,2,7
2026-08-31 05:14,1033,138,40,2,6
2026-08-31 05:15,1037,136,40,2,4
2026-08-31 05:16,1140,133,40,3,3
2026-08-31 05:17,1093,137,40,2,3
2026-08-31 05:18,1119,132,40,2,2
2026-08-31 05:19,1166,132,40,3,3
2026-08-31 05:20,1186,139,40,3,5
2026-08-31 05:21,1183,135,40,3,4
2026-08-31 05:22,1247,138,40,3,8
2026-08-31 05:23,1280,135,40,3,8
2026-08-31 05:24,1335,137,40,3,5
2026-08-31 05:25,1351,136,40,3,2
2026-08-31 05:26,1303,139,40,3,3
2026-08-31 05:27,1329,140,40,3,4
2026-08-31 05:28,1416,140,40,3,6
2026-08-31 05:29,1477,140,40,3,5
2026-08-31 05:30,1429,137,40,3,7
2026-08-31 05:31,1511,136,40,3,4
2026-08-31 05:32,1436,144,40,3,4
2026-08-31 05:33,1457,137,40,3,4
2026-08-31 05:34,1495,136,40,3,3
2026-08-31 05:35,1495,139,40,3,7
2026-08-31 05:36,1621,145,40,4,5
2026-08-31 05:37,1639,139,40,4,7
2026-08-31 05:38,1581,147,40,4,3
2026-08-31 05:39,1723,139,40,4,4
2026-08-31 05:40,1670,144,40,4,5
2026-08-31 05:41,1679,140,40,4,3
2026-08-31 05:42,1681,147,40,4,6
2026-08-31 05:43,1764,139,40,4,7
2026-08-31 05:44,1750,144,40,4,3
2026-08-31 05:45,1807,145,40,4,7
2026-08-31 05:46,1756,146,40,4,3
2026-08-31 05:47,1883,147,40,5,4
2026-08-31 05:48,1942,141,40,5,2
2026-08-31 05:49,1947,146,40,5,7
2026-08-31 05:50,1858,151,40,5,4
2026-08-31 05:51,1931,144,40,5,7
2026-08-31 05:52,1959,148,40,5,6
2026-08-31 05:53,2008,148,40,5,3
2026-08-31 05:54,2035,150,40,5,5
2026-08-31 05:55,2041,144,40,5,5
2026-08-31 05:56,2097,145,40,5,4
2026-08-31 05:57,2045,146,40,5,3
2026-08-31 05:58,2012,151,40,5,3
2026-08-31 05:59,2193,153,40,6,7
2026-08-31 06:00,2172,145,40,5,4
2026-08-31 06:01,2247,148,40,6,6
2026-08-31 06:02,2318,153,40,6,2
2026-08-31 06:03,2211,156,40,6,5
2026-08-31 06:04,2395,148,40,6,8
2026-08-31 06:05,2298,155,40,6,3
2026-08-31 06:06,2463,152,40,6,3
2026-08-31 06:07,2334,156,40,6,3
2026-08-31 06:08,2486,151,40,6,7
2026-08-31 06:09,2406,160,40,6,5
2026-08-31 06:10,2668,152,40,7,3
2026-08-31 06:11,2485,156,40,6,7
2026-08-31 06:12,2613,154,40,7,7
2026-08-31 06:13,2593,162,40,7,7
2026-08-31 06:14,2621,155,40,7,2
2026-08-31 06:15,2839,159,40,8,6
2026-08-31 06:16,2868,159,40,8,4
2026-08-31 06:17,2839,164,40,8,4
2026-08-31 06:18,2903,159,40,8,5
2026-08-31 06:19,2955,157,40,8,5
2026-08-31 06:20,3009,164,40,8,2
2026-08-31 06:21,3075,159,40,8,2
2026-08-31 06:22,3032,163,40,8,7
2026-08-31 06:23,3154,168,40,9,3
2026-08-31 06:24,3049,165,40,8,3
2026-08-31 06:25,3075,168,40,9,3
2026-08-31 06:26,3357,165,40,9,2
2026-08-31 06:27,3409,166,40,9,5
2026-08-31 06:28,3341,161,40,9,5
2026-08-31 06:29,3254,171,40,9,5
2026-08-31 06:30,3233,168,40,9,5
2026-08-31 06:31,3379,169,40,10,6
2026-08-31 06:32,3317,166,40,9,4
2026-08-31 06:33,3641,165,40,10,6
2026-08-31 06:34,3659,171,40,10,4
2026-08-31 06:35,3574,170,40,10,5
2026-08-31 06:36,3695,173,40,11,3
2026-08-31 06:37,3698,173,40,11,3
2026-08-31 06:38,3684,171,40,10,7
2026-08-31 06:39,3891,177,40,12,3
2026-08-31 06:40,3900,171,40,11,7
2026-08-31 06:41,3733,176,40,11,7
2026-08-31 06:42,3798,178,40,11,7
2026-08-31 06:43,3739,177,40,11,6
2026-08-31 06:44,3977,180,40,12,2
2026-08-31 06:45,3889,176,40,11,5
2026-08-31 06:46,4245,177,40,12,5
2026-08-31 06:47,3912,180,40,12,7
2026-08-31 06:48,4178,178,40,12,2
2026-08-31 06:49,4366,176,40,13,4
2026-08-31 06:50,4348,183,40,13,7
2026-08-31 06:51,4396,182,40,13,7
2026-08-31 06:52,4294,177,40,13,3
2026-08-31 06:53,4299,181,40,13,8
2026-08-31 06:54,4300,182,40,13,5
2026-08-31 06:55,4414,180,40,13,5
2026-08-31 06:56,4609,185,40,14,5
2026-08-31 06:57,4444,182,40,13,3
2026-08-31 06:58,4698,183,40,14,8
2026-08-31 06:59,4571,183,40,14,6
2026-08-31 07:00,4433,186,40,14,7
2026-08-31 07:01,4817,181,40,15,5
2026-08-31 07:02,4813,187,40,15,3
2026-08-31 07:03,4743,189,40,15,6
2026-08-31 07:04,5018,184,40,15,8
2026-08-31 07:05,4960,193,40,16,7
2026-08-31 07:06,5061,192,40,16,6
2026-08-31 07:07,4692,185,40,15,4
2026-08-31 07:08,4983,194,40,16,6
2026-08-31 07:09,5226,188,40,16,3
2026-08-31 07:10,4953,187,40,15,2
2026-08-31 07:11,4888,190,40,15,5
2026-08-31 07:12,5273,196,40,17,4
2026-08-31 07:13,5251,194,40,17,8
2026-08-31 07:14,5241,195,40,17,5
2026-08-31 07:15,5228,190,40,17,7
2026-08-31 07:16,5300,198,40,17,2
2026-08-31 07:17,5146,191,40,16,8
2026-08-31 07:18,5150,191,40,16,2
2026-08-31 07:19,5572,196,40,18,3
2026-08-31 07:20,5543,198,40,18,3
2026-08-31 07:21,5473,195,40,18,6
2026-08-31 07:22,5676,200,40,19,3
2026-08-31 07:23,5736,195,40,19,4
2026-08-31 07:24,5663,200,40,19,2
2026-08-31 07:25,5629,198,40,19,7
2026-08-31 07:26,5594,204,40,19,5
2026-08-31 07:27,5917,206,40,20,5
2026-08-31 07:28,5770,202,40,19,7
2026-08-31 07:29,5984,203,40,20,5
2026-08-31 07:30,5880,207,40,20,3
2026-08-31 07:31,6031,205,40,21,4
2026-08-31 07:32,5965,206,40,21,3
2026-08-31 07:33,5980,204,40,20,5
2026-08-31 07:34,6196,203,40,21,8
2026-08-31 07:35,5900,205,40,20,5
2026-08-31 07:36,5891,206,40,20,3
2026-08-31 07:37,6146,206,40,21,7
2026-08-31 07:38,5914,210,40,21,4
2026-08-31 07:39,6334,210,40,22,5
2026-08-31 07:40,6166,207,40,21,8
2026-08-31 07:41,6550,212,40,23,5
2026-08-31 07:42,6363,212,40,23,3
2026-08-31 07:43,6576,208,40,23,3
2026-08-31 07:44,6679,210,40,23,6
2026-08-31 07:45,6183,216,40,22,5
2026-08-31 07:46,6700,213,40,24,5
2026-08-31 07:47,6360,217,40,23,7
2026-08-31 07:48,6707,215,40,24,2
2026-08-31 07:49,6341,212,40,22,4
2026-08-31 07:50,6829,210,40,24,8
2026-08-31 07:51,6670,211,40,23,2
2026-08-31 07:52,6510,218,40,24,5
2026-08-31 07:53,7124,214,40,25,3
2026-08-31 07:54,6599,222,40,24,6
2026-08-31 07:55,6857,219,40,25,7
2026-08-31 07:56,6772,218,40,25,5
2026-08-31 07:57,7221,219,40,26,2
2026-08-31 07:58,7106,218,40,26,3
2026-08-31 07:59,7055,221,40,26,4
2026-08-31 08:00,7456,224,40,28,6
2026-08-31 08:01,7063,220,40,26,7
2026-08-31 08:02,7470,218,40,27,4
2026-08-31 08:03,7110,225,40,27,5
2026-08-31 08:04,6912,225,40,26,3
2026-08-31 08:05,7426,221,40,27,3
2026-08-31 08:06,7141,218,40,26,6
2026-08-31 08:07,7367,222,40,27,6
2026-08-31 08:08,7237,222,40,27,3
2026-08-31 08:09,7310,226,40,28,2
2026-08-31 08:10,7263,219,40,26,4
2026-08-31 08:11,7249,225,40,27,2
2026-08-31 08:12,7122,221,40,26,3
2026-08-31 08:13,7372,226,40,28,4
2026-08-31 08:14,7305,228,40,28,8
2026-08-31 08:15,7320,222,40,27,8
2026-08-31 08:16,7104,226,40,27,4
2026-08-31 08:17,7491,225,40,28,5
2026-08-31 08:18,7270,230,40,28,6
2026-08-31 08:19,7296,230,40,28,6
2026-08-31 08:20,7477,227,40,28,3
2026-08-31 08:21,7416,225,40,28,2
2026-08-31 08:22,7696,224,40,29,7
2026-08-31 08:23,7299,231,40,28,7
2026-08-31 08:24,7379,231,40,28,5
2026-08-31 08:25,7279,228,40,28,8
2026-08-31 08:26,7593,226,40,29,4
2026-08-31 08:27,7622,224,40,28,7
2026-08-31 08:28,7750,227,40,29,2
2026-08-31 08:29,7421,230,40,28,4
2026-08-31 08:30,7485,226,40,28,7
2026-08-31 08:31,7853,225,40,29,2
2026-08-31 08:32,7744,232,40,30,3
2026-08-31 08:33,7755,227,40,29,8
2026-08-31 08:34,7862,229,40,30,6
2026-08-31 08:35,7832,232,40,30,8
2026-08-31 08:36,8217,228,40,31,8
2026-08-31 08:37,7965,231,40,31,5
2026-08-31 08:38,7953,232,40,31,5
2026-08-31 08:39,8098,232,40,31,4
2026-08-31 08:40,8109,234,40,32,7
2026-08-31 08:41,8313,231,40,32,4
2026-08-31 08:42,7612,230,40,29,5
2026-08-31 08:43,8163,232,40,32,2
2026-08-31 08:44,8310,235,40,33,5
2026-08-31 08:45,8268,231,40,32,8
2026-08-31 08:46,7777,233,40,30,2
2026-08-31 08:47,8335,232,40,32,5
2026-08-31 08:48,8464,232,40,33,4
2026-08-31 08:49,8442,238,40,34,6
2026-08-31 08:50,8270,234,40,32,8
2026-08-31 08:51,8256,237,40,33,4
2026-08-31 08:52,7851,235,40,31,2
2026-08-31 08:53,8471,232,40,33,2
2026-08-31 08:54,7922,233,40,31,4
2026-08-31 08:55,8557,233,40,33,3
2026-08-31 08:56,8113,236,40,32,6
2026-08-31 08:57,8563,240,40,34,8
2026-08-31 08:58,8290,235,40,32,6
2026-08-31 08:59,7934,235,40,31,3
2026-08-31 09:00,8291,241,40,33,2
2026-08-31 09:01,8453,243,40,34,3
2026-08-31 09:02,8562,237,40,34,3
2026-08-31 09:03,8332,239,40,33,4
2026-08-31 09:04,8322,239,40,33,6
2026-08-31 09:05,8425,238,40,33,6
2026-08-31 09:06,8383,234,40,33,7
2026-08-31 09:07,8109,235,40,32,7
2026-08-31 09:08,8344,239,40,33,6
2026-08-31 09:09,8172,235,40,32,8
2026-08-31 09:10,8218,235,40,32,6
2026-08-31 09:11,8738,235,40,34,5
2026-08-31 09:12,8385,235,40,33,5
2026-08-31 09:13,8028,241,40,32,8
2026-08-31 09:14,8647,234,40,34,3
2026-08-31 09:15,8158,240,40,33,4
2026-08-31 09:16,8400,242,40,34,2
2026-08-31 09:17,8567,236,40,34,7
2026-08-31 09:18,7982,238,40,32,6
2026-08-31 09:19,8069,234,40,32,6
2026-08-31 09:20,8415,236,40,33,7
2026-08-31 09:21,8602,236,40,34,3
2026-08-31 09:22,8499,237,40,34,5
2026-08-31 09:23,8483,238,40,34,4
2026-08-31 09:24,8126,240,40,32,3
2026-08-31 09:25,8450,241,40,34,8
2026-08-31 09:26,8420,236,40,33,2
2026-08-31 09:27,8156,236,40,32,3
2026-08-31 09:28,8723,235,40,34,3
2026-08-31 09:29,8324,234,40,33,7
2026-08-31 09:30,8206,242,40,33,4
2026-08-31 09:31,8331,235,40,33,7
2026-08-31 09:32,8611,243,40,35,7
2026-08-31 09:33,8179,237,40,32,7
2026-08-31 09:34,8369,241,40,34,5
2026-08-31 09:35,8132,242,40,33,2
2026-08-31 09:36,8490,243,40,34,7
2026-08-31 09:37,8305,240,40,33,3
2026-08-31 09:38,8090,235,40,32,3
2026-08-31 09:39,8053,234,40,31,4
2026-08-31 09:40,8514,393,40,40,16112
2026-08-31 09:41,8280,385,40,40,14192
2026-08-31 09:42,8752,390,40,40,16646
2026-08-31 09:43,8272,391,40,40,15140
2026-08-31 09:44,8032,392,40,40,13572
2026-08-31 09:45,8236,393,40,40,13878
2026-08-31 09:46,8205,384,40,40,13019
2026-08-31 09:47,8331,389,40,40,14885
2026-08-31 09:48,8242,384,40,40,14387
2026-08-31 09:49,8184,389,40,40,14522
2026-08-31 09:50,8271,392,40,40,13974
2026-08-31 09:51,8422,384,40,40,14901
2026-08-31 09:52,8636,393,40,40,15657
2026-08-31 09:53,8394,387,40,40,15176
2026-08-31 09:54,8450,389,40,40,15026
2026-08-31 09:55,8416,393,40,40,14193
2026-08-31 09:56,8165,384,40,40,12942
2026-08-31 09:57,8748,387,40,40,15936
2026-08-31 09:58,8614,392,40,40,14578
2026-08-31 09:59,8217,388,40,40,14827
2026-08-31 10:00,8541,393,40,40,15682
2026-08-31 10:01,8526,384,40,40,14061
2026-08-31 10:02,8355,390,40,40,14899
2026-08-31 10:03,8429,388,40,40,14098
2026-08-31 10:04,7982,391,40,40,12439
2026-08-31 10:05,8513,384,40,40,14053
2026-08-31 10:06,8708,385,40,40,15077
2026-08-31 10:07,7940,389,40,40,13910
2026-08-31 10:08,8009,386,40,40,13238
2026-08-31 10:09,8014,391,40,40,13554
2026-08-31 10:10,8662,391,40,40,16417
2026-08-31 10:11,7916,387,40,40,12264
2026-08-31 10:12,8299,390,40,40,13633
2026-08-31 10:13,7983,385,40,40,12152
2026-08-31 10:14,8583,387,40,40,15154
2026-08-31 10:15,8009,383,40,40,12250
2026-08-31 10:16,8602,389,40,40,16105
2026-08-31 10:17,8154,383,40,40,12597
2026-08-31 10:18,8113,382,40,40,13944
2026-08-31 10:19,7826,391,40,40,12855
2026-08-31 10:20,8371,388,40,40,13614
2026-08-31 10:21,8282,387,40,40,14999
2026-08-31 10:22,8091,387,40,40,12783
2026-08-31 10:23,8259,381,40,40,13818
2026-08-31 10:24,8358,390,40,40,15053
2026-08-31 10:25,8466,383,40,40,15197
2026-08-31 10:26,7817,390,40,40,13436
2026-08-31 10:27,8016,384,40,40,11854
2026-08-31 10:28,8481,384,40,40,14109
2026-08-31 10:29,8032,389,40,40,12291
2026-08-31 10:30,7858,382,40,40,12780
2026-08-31 10:31,7745,381,40,40,11856
2026-08-31 10:32,8380,386,40,40,14485
2026-08-31 10:33,7975,386,40,40,11938
2026-08-31 10:34,7975,240,80,32,7
2026-08-31 10:35,8506,239,80,34,7
2026-08-31 10:36,8035,236,80,32,4
2026-08-31 10:37,8067,239,80,32,6
2026-08-31 10:38,8046,239,80,32,6
2026-08-31 10:39,8081,235,80,32,6
2026-08-31 10:40,8079,233,80,31,5
2026-08-31 10:41,7949,238,80,32,7
2026-08-31 10:42,7968,230,80,31,7
2026-08-31 10:43,8071,239,80,32,7
2026-08-31 10:44,8153,238,80,32,4
2026-08-31 10:45,7961,231,80,31,4
2026-08-31 10:46,7751,234,80,30,8
2026-08-31 10:47,8411,237,80,33,5
2026-08-31 10:48,8324,233,80,32,5
2026-08-31 10:49,7762,236,80,31,3
2026-08-31 10:50,7744,230,80,30,5
2026-08-31 10:51,7972,231,80,31,8
2026-08-31 10:52,7913,232,80,31,3
2026-08-31 10:53,8129,234,80,32,2
2026-08-31 10:54,7961,233,80,31,4
2026-08-31 10:55,8290,229,80,32,6
2026-08-31 10:56,7889,233,80,31,5
2026-08-31 10:57,7765,233,80,30,8
2026-08-31 10:58,7730,230,80,30,8
2026-08-31 10:59,7919,234,80,31,3
2026-08-31 11:00,8254,234,80,32,5
2026-08-31 11:01,8303,235,80,32,2
2026-08-31 11:02,7557,235,80,30,5
2026-08-31 11:03,7995,230,80,31,7
2026-08-31 11:04,8194,231,80,32,3
2026-08-31 11:05,7531,228,80,29,3
2026-08-31 11:06,8275,228,80,31,3
2026-08-31 11:07,8018,232,80,31,6
2026-08-31 11:08,8092,229,80,31,4
2026-08-31 11:09,7974,230,80,31,3
2026-08-31 11:10,8012,231,80,31,2
2026-08-31 11:11,7886,235,80,31,3
2026-08-31 11:12,7708,231,80,30,3
2026-08-31 11:13,7577,234,80,30,3
2026-08-31 11:14,7808,231,80,30,3
2026-08-31 11:15,7616,233,80,30,6
2026-08-31 11:16,7990,227,80,30,6
2026-08-31 11:17,7597,230,80,29,4
2026-08-31 11:18,8180,229,80,31,5
2026-08-31 11:19,7701,226,80,29,3
2026-08-31 11:20,7548,226,80,28,6
2026-08-31 11:21,8127,226,80,31,7
2026-08-31 11:22,7656,229,80,29,7
2026-08-31 11:23,7535,234,80,29,2
2026-08-31 11:24,7897,232,80,30,7
2026-08-31 11:25,8070,226,80,30,8
2026-08-31 11:26,7553,231,80,29,4
2026-08-31 11:27,7580,231,80,29,7
2026-08-31 11:28,7622,227,80,29,3
2026-08-31 11:29,7902,234,80,31,5
2026-08-31 11:30,7382,225,80,28,5
2026-08-31 11:31,7791,230,80,30,5
2026-08-31 11:32,7596,229,80,29,8
2026-08-31 11:33,8065,227,80,31,7
2026-08-31 11:34,7669,227,80,29,7
2026-08-31 11:35,8043,227,80,30,6
2026-08-31 11:36,7420,224,80,28,5
2026-08-31 11:37,7325,225,80,28,4
2026-08-31 11:38,7545,229,80,29,3
2026-08-31 11:39,7396,225,80,28,3
2026-08-31 11:40,7442,224,80,28,3
2026-08-31 11:41,7446,230,80,29,6
2026-08-31 11:42,7751,227,80,29,7
2026-08-31 11:43,7364,227,80,28,7
2026-08-31 11:44,7375,224,80,28,2
2026-08-31 11:45,7373,229,80,28,7
2026-08-31 11:46,7633,229,80,29,5
2026-08-31 11:47,7280,223,80,27,4
2026-08-31 11:48,7404,225,80,28,4
2026-08-31 11:49,7585,230,80,29,7
2026-08-31 11:50,7404,229,80,28,4
2026-08-31 11:51,7260,226,80,27,3
2026-08-31 11:52,7639,229,80,29,3
2026-08-31 11:53,7243,225,80,27,6
2026-08-31 11:54,7506,230,80,29,5
2026-08-31 11:55,7868,231,80,30,3
2026-08-31 11:56,7510,225,80,28,6
2026-08-31 11:57,7353,227,80,28,6
2026-08-31 11:58,7186,231,80,28,7
2026-08-31 11:59,7540,231,80,29,8
2026-08-31 12:00,7209,224,80,27,3
2026-08-31 12:01,7362,226,80,28,4
2026-08-31 12:02,7556,223,80,28,4
2026-08-31 12:03,7549,230,80,29,4
2026-08-31 12:04,7492,225,80,28,7
2026-08-31 12:05,7687,224,80,29,5
2026-08-31 12:06,7432,225,80,28,2
2026-08-31 12:07,7229,224,80,27,4
2026-08-31 12:08,7231,225,80,27,7
2026-08-31 12:09,7505,224,80,28,5
2026-08-31 12:10,7823,227,80,30,6
2026-08-31 12:11,7240,223,80,27,4
2026-08-31 12:12,7521,233,80,29,3
2026-08-31 12:13,7251,223,80,27,3
2026-08-31 12:14,7902,232,80,30,7
2026-08-31 12:15,7417,232,80,29,2
2026-08-31 12:16,7442,225,80,28,7
2026-08-31 12:17,7553,227,80,29,4
2026-08-31 12:18,7977,225,80,30,6
2026-08-31 12:19,8003,227,80,30,5
2026-08-31 12:20,7289,233,80,28,4
2026-08-31 12:21,7663,231,80,30,7
2026-08-31 12:22,7678,233,80,30,2
2026-08-31 12:23,7388,225,80,28,5
2026-08-31 12:24,7606,225,80,29,3
2026-08-31 12:25,7471,232,80,29,6
2026-08-31 12:26,7433,227,80,28,5
2026-08-31 12:27,7554,229,80,29,6
2026-08-31 12:28,7853,231,80,30,5
2026-08-31 12:29,7974,233,80,31,4
2026-08-31 12:30,7729,225,80,29,4
2026-08-31 12:31,8081,231,80,31,3
2026-08-31 12:32,7619,233,80,30,7
2026-08-31 12:33,8010,227,80,30,5
2026-08-31 12:34,8058,228,80,31,4
2026-08-31 12:35,7997,235,80,31,3
2026-08-31 12:36,7504,230,80,29,4
2026-08-31 12:37,7580,228,80,29,4
2026-08-31 12:38,8040,232,80,31,6
2026-08-31 12:39,7807,230,80,30,2
2026-08-31 12:40,7681,230,80,29,6
2026-08-31 12:41,7431,234,80,29,5
2026-08-31 12:42,8054,234,80,31,4
2026-08-31 12:43,7746,228,80,29,5
2026-08-31 12:44,7767,230,80,30,3
2026-08-31 12:45,7519,233,80,29,5
2026-08-31 12:46,8181,230,80,31,7
2026-08-31 12:47,8199,233,80,32,8
2026-08-31 12:48,7992,227,80,30,6
2026-08-31 12:49,7601,233,80,29,2
2026-08-31 12:50,7960,235,80,31,7
2026-08-31 12:51,7778,231,80,30,6
2026-08-31 12:52,8182,231,80,31,5
2026-08-31 12:53,7560,236,80,30,7
2026-08-31 12:54,8038,235,80,31,7
2026-08-31 12:55,7986,228,80,30,4
2026-08-31 12:56,7958,234,80,31,4
2026-08-31 12:57,7603,237,80,30,2
2026-08-31 12:58,7602,230,80,29,7
2026-08-31 12:59,7803,230,80,30,3
2026-08-31 13:00,7682,233,80,30,5
2026-08-31 13:01,8296,229,80,32,4
2026-08-31 13:02,8024,233,80,31,8
2026-08-31 13:03,7636,237,80,30,5
2026-08-31 13:04,7664,237,80,30,7
2026-08-31 13:05,8055,232,80,31,4
2026-08-31 13:06,7647,232,80,30,5
2026-08-31 13:07,7821,235,80,31,2
2026-08-31 13:08,8271,238,80,33,5
2026-08-31 13:09,7995,234,80,31,8
2026-08-31 13:10,8264,232,80,32,4
2026-08-31 13:11,7710,236,80,30,4
2026-08-31 13:12,8090,234,80,32,3
2026-08-31 13:13,8134,233,80,32,5
2026-08-31 13:14,7927,231,80,31,5
2026-08-31 13:15,7956,237,80,31,5
2026-08-31 13:16,8447,238,80,34,2
2026-08-31 13:17,8410,237,80,33,6
2026-08-31 13:18,8205,239,80,33,2
2026-08-31 13:19,7909,232,80,31,5
2026-08-31 13:20,7949,238,80,32,8
2026-08-31 13:21,7825,237,80,31,4
2026-08-31 13:22,8092,239,80,32,7
2026-08-31 13:23,8167,235,80,32,7
2026-08-31 13:24,7723,236,80,30,6
2026-08-31 13:25,8056,232,80,31,4
2026-08-31 13:26,8274,239,80,33,3
2026-08-31 13:27,7816,235,80,31,3
2026-08-31 13:28,8334,236,80,33,6
2026-08-31 13:29,8043,239,80,32,2
2026-08-31 13:30,8386,232,80,32,6
2026-08-31 13:31,8343,238,80,33,3
2026-08-31 13:32,7796,232,80,30,6
2026-08-31 13:33,7785,232,80,30,6
2026-08-31 13:34,8331,237,80,33,5
2026-08-31 13:35,7815,236,80,31,3
2026-08-31 13:36,8478,240,80,34,7
2026-08-31 13:37,8350,241,80,33,4
2026-08-31 13:38,8217,232,80,32,5
2026-08-31 13:39,7981,239,80,32,5
2026-08-31 13:40,8019,239,80,32,4
2026-08-31 13:41,8461,236,80,33,3
2026-08-31 13:42,8463,237,80,33,4
2026-08-31 13:43,8103,241,80,33,3
2026-08-31 13:44,8174,239,80,33,4
2026-08-31 13:45,8065,238,80,32,5
2026-08-31 13:46,8409,241,80,34,6
2026-08-31 13:47,8659,235,80,34,3
2026-08-31 13:48,8609,241,80,35,5
2026-08-31 13:49,7941,233,80,31,5
2026-08-31 13:50,8245,237,80,33,4
2026-08-31 13:51,8468,233,80,33,6
2026-08-31 13:52,8423,241,80,34,8
2026-08-31 13:53,8593,237,80,34,4
2026-08-31 13:54,7942,239,80,32,4
2026-08-31 13:55,8382,240,80,34,8
2026-08-31 13:56,8634,242,80,35,3
2026-08-31 13:57,8530,239,80,34,5
2026-08-31 13:58,8569,242,80,35,8
2026-08-31 13:59,8702,242,80,35,6
2026-08-31 14:00,7969,241,80,32,3
2026-08-31 14:01,8622,238,80,34,7
2026-08-31 14:02,8530,235,80,33,4
2026-08-31 14:03,8041,237,80,32,7
2026-08-31 14:04,8315,240,80,33,8
2026-08-31 14:05,7937,241,80,32,3
2026-08-31 14:06,8695,239,80,35,4
2026-08-31 14:07,8483,235,80,33,6
2026-08-31 14:08,8145,239,80,32,7
2026-08-31 14:09,8415,234,80,33,5
2026-08-31 14:10,8611,236,80,34,3
2026-08-31 14:11,8003,242,80,32,7
2026-08-31 14:12,8514,241,80,34,7
2026-08-31 14:13,8334,233,80,32,7
2026-08-31 14:14,8630,233,80,34,5
2026-08-31 14:15,8138,239,80,32,5
2026-08-31 14:16,8510,236,80,34,3
2026-08-31 14:17,7913,238,80,31,7
2026-08-31 14:18,8254,241,80,33,2
2026-08-31 14:19,7879,237,80,31,7
2026-08-31 14:20,8047,237,80,32,7
2026-08-31 14:21,8067,233,80,31,7
2026-08-31 14:22,8073,237,80,32,4
2026-08-31 14:23,7971,235,80,31,5
2026-08-31 14:24,8445,237,80,33,3
2026-08-31 14:25,8025,235,80,31,4
2026-08-31 14:26,8505,232,80,33,5
2026-08-31 14:27,8081,234,80,32,8
2026-08-31 14:28,7912,238,80,31,6
2026-08-31 14:29,8486,238,80,34,4
2026-08-31 14:30,8485,237,80,33,4
2026-08-31 14:31,8315,240,80,33,5
2026-08-31 14:32,8405,232,80,32,2
2026-08-31 14:33,8241,239,80,33,4
2026-08-31 14:34,8398,233,80,33,4
2026-08-31 14:35,8047,233,80,31,5
2026-08-31 14:36,8382,239,80,33,5
2026-08-31 14:37,7718,234,80,30,4
2026-08-31 14:38,7932,230,80,30,5
2026-08-31 14:39,8074,231,80,31,6
2026-08-31 14:40,7891,230,80,30,7
2026-08-31 14:41,7889,236,80,31,8
2026-08-31 14:42,8215,239,80,33,2
2026-08-31 14:43,7990,237,80,32,2
2026-08-31 14:44,8069,234,80,31,7
2026-08-31 14:45,7657,232,80,30,7
2026-08-31 14:46,7900,232,80,30,3
2026-08-31 14:47,7841,231,80,30,4
2026-08-31 14:48,7990,237,80,32,4
2026-08-31 14:49,8167,234,80,32,8
2026-08-31 14:50,7629,231,80,29,4
2026-08-31 14:51,8158,236,80,32,3
2026-08-31 14:52,7696,230,80,30,3
2026-08-31 14:53,8037,229,80,31,2
2026-08-31 14:54,7867,231,80,30,3
2026-08-31 14:55,7667,236,80,30,2
2026-08-31 14:56,8114,237,80,32,7
2026-08-31 14:57,8091,230,80,31,5
2026-08-31 14:58,8182,234,80,32,5
2026-08-31 14:59,8312,230,80,32,2
2026-08-31 15:00,7717,234,80,30,5
2026-08-31 15:01,8184,230,80,31,4
2026-08-31 15:02,8120,228,80,31,7
2026-08-31 15:03,7913,232,80,31,7
2026-08-31 15:04,7853,228,80,30,7
2026-08-31 15:05,8004,236,80,31,5
2026-08-31 15:06,7652,231,80,29,6
2026-08-31 15:07,8088,227,80,31,6
2026-08-31 15:08,7488,234,80,29,3
2026-08-31 15:09,7811,234,80,30,6
2026-08-31 15:10,8186,231,80,32,8
2026-08-31 15:11,7472,233,80,29,4
2026-08-31 15:12,7780,234,80,30,6
2026-08-31 15:13,8101,233,80,31,5
2026-08-31 15:14,7605,233,80,30,5
2026-08-31 15:15,7638,232,80,30,8
2026-08-31 15:16,7644,227,80,29,8
2026-08-31 15:17,8074,227,80,31,4
2026-08-31 15:18,7631,226,80,29,7
2026-08-31 15:19,7565,227,80,29,5
2026-08-31 15:20,7790,229,80,30,5
2026-08-31 15:21,7342,228,80,28,7
2026-08-31 15:22,7654,224,80,29,4
2026-08-31 15:23,7293,231,80,28,6
2026-08-31 15:24,7724,231,80,30,4
2026-08-31 15:25,7258,229,80,28,7
2026-08-31 15:26,7866,229,80,30,3
2026-08-31 15:27,7554,225,80,28,5
2026-08-31 15:28,7846,231,80,30,7
2026-08-31 15:29,7696,224,80,29,3
2026-08-31 15:30,7533,228,80,29,3
2026-08-31 15:31,7378,227,80,28,8
2026-08-31 15:32,7826,229,80,30,3
2026-08-31 15:33,7123,228,80,27,8
2026-08-31 15:34,7538,230,80,29,7
2026-08-31 15:35,7289,221,80,27,2
2026-08-31 15:36,7575,225,80,28,5
2026-08-31 15:37,7442,229,80,28,3
2026-08-31 15:38,7377,227,80,28,2
2026-08-31 15:39,7492,226,80,28,4
2026-08-31 15:40,7687,223,80,29,8
2026-08-31 15:41,7186,219,80,26,7
2026-08-31 15:42,7311,225,80,27,5
2026-08-31 15:43,7685,224,80,29,6
2026-08-31 15:44,7102,226,80,27,7
2026-08-31 15:45,7133,226,80,27,7
2026-08-31 15:46,7002,228,80,27,3
2026-08-31 15:47,7214,227,80,27,7
2026-08-31 15:48,7011,223,80,26,5
2026-08-31 15:49,7507,222,80,28,5
2026-08-31 15:50,7053,218,80,26,4
2026-08-31 15:51,7008,222,80,26,4
2026-08-31 15:52,7400,224,80,28,7
2026-08-31 15:53,7514,219,80,27,3
2026-08-31 15:54,6840,219,80,25,6
2026-08-31 15:55,7441,222,80,28,4
2026-08-31 15:56,7164,221,80,26,7
2026-08-31 15:57,7188,218,80,26,6
2026-08-31 15:58,6800,217,80,25,3
2026-08-31 15:59,7279,223,80,27,7
2026-08-31 16:00,6868,220,80,25,4
2026-08-31 16:01,7309,221,80,27,2
2026-08-31 16:02,6929,224,80,26,7
2026-08-31 16:03,7077,223,80,26,5
2026-08-31 16:04,6724,216,80,24,8
2026-08-31 16:05,7122,218,80,26,5
2026-08-31 16:06,7038,218,80,26,7
2026-08-31 16:07,6663,214,80,24,8
2026-08-31 16:08,6736,214,80,24,7
2026-08-31 16:09,6696,219,80,24,7
2026-08-31 16:10,6709,213,80,24,7
2026-08-31 16:11,7120,222,80,26,3
2026-08-31 16:12,6700,215,80,24,4
2026-08-31 16:13,6779,217,80,25,4
2026-08-31 16:14,6994,214,80,25,5
2026-08-31 16:15,6629,215,80,24,8
2026-08-31 16:16,6541,213,80,23,5
2026-08-31 16:17,6465,215,80,23,6
2026-08-31 16:18,6420,215,80,23,7
2026-08-31 16:19,6757,217,80,24,2
2026-08-31 16:20,6614,211,80,23,7
2026-08-31 16:21,6588,214,80,23,6
2026-08-31 16:22,6603,216,80,24,3
2026-08-31 16:23,6472,216,80,23,3
2026-08-31 16:24,6486,214,80,23,6
2026-08-31 16:25,6910,213,80,25,3
2026-08-31 16:26,6628,214,80,24,7
2026-08-31 16:27,6362,211,80,22,7
2026-08-31 16:28,6816,215,80,24,5
2026-08-31 16:29,6363,211,80,22,8
2026-08-31 16:30,6340,210,80,22,3
2026-08-31 16:31,6530,214,80,23,3
2026-08-31 16:32,6630,215,80,24,5
2026-08-31 16:33,6686,208,80,23,3
2026-08-31 16:34,6366,211,80,22,4
2026-08-31 16:35,6075,208,80,21,3
2026-08-31 16:36,6590,209,80,23,5
2026-08-31 16:37,6613,209,80,23,7
2026-08-31 16:38,6338,208,80,22,5
2026-08-31 16:39,6238,210,80,22,3
2026-08-31 16:40,6208,206,80,21,5
2026-08-31 16:41,6226,205,80,21,3
2026-08-31 16:42,6105,213,80,22,6
2026-08-31 16:43,6393,207,80,22,4
2026-08-31 16:44,6453,207,80,22,5
2026-08-31 16:45,6181,209,80,22,7
2026-08-31 16:46,6003,207,80,21,2
2026-08-31 16:47,5886,206,80,20,7
2026-08-31 16:48,6111,204,80,21,4
2026-08-31 16:49,6052,205,80,21,6
2026-08-31 16:50,6266,205,80,21,7
2026-08-31 16:51,6227,208,80,22,7
2026-08-31 16:52,5897,209,80,20,3
2026-08-31 16:53,5898,204,80,20,6
2026-08-31 16:54,5937,209,80,21,3
2026-08-31 16:55,5706,209,80,20,5
2026-08-31 16:56,5916,206,80,20,5
2026-08-31 16:57,5672,207,80,20,6
2026-08-31 16:58,5802,207,80,20,8
2026-08-31 16:59,5908,208,80,20,4
2026-08-31 17:00,5886,203,80,20,6
2026-08-31 17:01,5612,203,80,19,6
2026-08-31 17:02,5984,201,80,20,6
2026-08-31 17:03,6003,197,80,20,8
2026-08-31 17:04,5807,204,80,20,6
2026-08-31 17:05,5726,198,80,19,6
2026-08-31 17:06,5632,204,80,19,3
2026-08-31 17:07,5571,202,80,19,3
2026-08-31 17:08,5503,200,80,18,7
2026-08-31 17:09,5443,197,80,18,8
2026-08-31 17:10,5761,197,80,19,3
2026-08-31 17:11,5662,197,80,19,2
2026-08-31 17:12,5690,201,80,19,4
2026-08-31 17:13,5533,201,80,19,8
2026-08-31 17:14,5553,201,80,19,5
2026-08-31 17:15,5239,199,80,17,6
2026-08-31 17:16,5163,199,80,17,4
2026-08-31 17:17,5573,200,80,19,4
2026-08-31 17:18,5263,193,80,17,5
2026-08-31 17:19,5428,197,80,18,7
2026-08-31 17:20,5342,193,80,17,2
2026-08-31 17:21,5286,196,80,17,4
2026-08-31 17:22,5044,191,80,16,6
2026-08-31 17:23,5191,195,80,17,3
2026-08-31 17:24,5221,196,80,17,8
2026-08-31 17:25,5180,197,80,17,7
2026-08-31 17:26,5193,196,80,17,7
2026-08-31 17:27,4946,188,80,15,3
2026-08-31 17:28,5074,194,80,16,5
2026-08-31 17:29,4913,187,80,15,7
2026-08-31 17:30,5071,195,80,16,3
2026-08-31 17:31,4820,192,80,15,5
2026-08-31 17:32,4932,193,80,16,6
2026-08-31 17:33,4796,186,80,15,5
2026-08-31 17:34,4779,192,80,15,6
2026-08-31 17:35,5044,185,80,16,4
2026-08-31 17:36,4640,192,80,15,6
2026-08-31 17:37,4743,189,80,15,3
2026-08-31 17:38,4663,183,80,14,5
2026-08-31 17:39,4565,189,80,14,6
2026-08-31 17:40,4930,188,80,15,7
2026-08-31 17:41,4953,189,80,16,6
2026-08-31 17:42,4509,188,80,14,6
2026-08-31 17:43,4457,187,80,14,3
2026-08-31 17:44,4855,187,80,15,3
2026-08-31 17:45,4786,188,80,15,3
2026-08-31 17:46,4813,184,80,15,6
2026-08-31 17:47,4407,182,80,13,3
2026-08-31 17:48,4615,187,80,14,5
2026-08-31 17:49,4665,185,80,14,6
2026-08-31 17:50,4658,183,80,14,8
2026-08-31 17:51,4631,180,80,14,6
2026-08-31 17:52,4226,180,80,13,7
2026-08-31 17:53,4430,177,80,13,6
2026-08-31 17:54,4253,182,80,13,8
2026-08-31 17:55,4406,183,80,13,3
2026-08-31 17:56,4391,182,80,13,4
2026-08-31 17:57,4237,177,80,12,5
2026-08-31 17:58,4404,179,80,13,7
2026-08-31 17:59,4179,179,80,12,8
2026-08-31 18:00,4240,176,80,12,5
2026-08-31 18:01,4327,183,80,13,5
2026-08-31 18:02,4107,183,80,13,8
2026-08-31 18:03,4052,183,80,12,8
2026-08-31 18:04,3999,181,80,12,7
2026-08-31 18:05,3921,174,80,11,8
2026-08-31 18:06,3941,181,80,12,5
2026-08-31 18:07,3942,179,80,12,5
2026-08-31 18:08,4125,173,80,12,6
2026-08-31 18:09,3909,179,80,12,2
2026-08-31 18:10,3970,177,80,12,2
2026-08-31 18:11,4044,177,80,12,6
2026-08-31 18:12,3815,177,80,11,2
2026-08-31 18:13,4126,174,80,12,6
2026-08-31 18:14,4033,175,80,12,5
2026-08-31 18:15,3818,176,80,11,3
2026-08-31 18:16,4026,178,80,12,4
2026-08-31 18:17,3966,177,80,12,7
2026-08-31 18:18,3659,169,80,10,7
2026-08-31 18:19,3926,178,80,12,7
2026-08-31 18:20,3956,177,80,12,3
2026-08-31 18:21,3907,172,80,11,8
2026-08-31 18:22,3931,169,80,11,2
2026-08-31 18:23,3716,177,80,11,5
2026-08-31 18:24,3588,176,80,11,4
2026-08-31 18:25,3596,167,80,10,4
2026-08-31 18:26,3786,171,80,11,3
2026-08-31 18:27,3783,169,80,11,6
2026-08-31 18:28,3562,173,80,10,7
2026-08-31 18:29,3526,172,80,10,2
2026-08-31 18:30,3492,171,80,10,5
2026-08-31 18:31,3579,167,80,10,2
2026-08-31 18:32,3547,172,80,10,5
2026-08-31 18:33,3564,172,80,10,4
2026-08-31 18:34,3673,168,80,10,4
2026-08-31 18:35,3608,169,80,10,5
2026-08-31 18:36,3479,168,80,10,6
2026-08-31 18:37,3354,165,80,9,4
2026-08-31 18:38,3352,166,80,9,6
2026-08-31 18:39,3559,167,80,10,8
2026-08-31 18:40,3482,171,80,10,8
2026-08-31 18:41,3390,171,80,10,7
2026-08-31 18:42,3429,164,80,9,4
2026-08-31 18:43,3199,164,80,9,5
2026-08-31 18:44,3289,162,80,9,3
2026-08-31 18:45,3193,164,80,9,6
2026-08-31 18:46,3210,164,80,9,3
2026-08-31 18:47,3219,170,80,9,8
2026-08-31 18:48,3118,163,80,8,6
2026-08-31 18:49,3279,163,80,9,3
2026-08-31 18:50,3191,159,80,8,5
2026-08-31 18:51,3002,162,80,8,7
2026-08-31 18:52,3130,160,80,8,6
2026-08-31 18:53,3259,165,80,9,6
2026-08-31 18:54,3114,163,80,8,4
2026-08-31 18:55,3030,159,80,8,7
2026-08-31 18:56,2979,161,80,8,6
2026-08-31 18:57,3112,163,80,8,3
2026-08-31 18:58,3129,158,80,8,5
2026-08-31 18:59,2934,161,80,8,6
2026-08-31 19:00,2849,165,80,8,5
2026-08-31 19:01,2974,159,80,8,5
2026-08-31 19:02,3021,165,80,8,5
2026-08-31 19:03,2791,156,80,7,6
2026-08-31 19:04,2885,163,80,8,3
2026-08-31 19:05,2823,160,80,8,4
2026-08-31 19:06,2823,161,80,8,5
2026-08-31 19:07,2765,163,80,8,6
2026-08-31 19:08,2862,158,80,8,3
2026-08-31 19:09,2818,164,80,8,4
2026-08-31 19:10,2798,159,80,7,4
2026-08-31 19:11,2948,158,80,8,5
2026-08-31 19:12,2685,158,80,7,7
2026-08-31 19:13,2878,163,80,8,7
2026-08-31 19:14,2874,163,80,8,2
2026-08-31 19:15,2722,160,80,7,3
2026-08-31 19:16,2742,155,80,7,7
2026-08-31 19:17,2633,154,80,7,6
2026-08-31 19:18,2697,157,80,7,7
2026-08-31 19:19,2741,160,80,7,2
2026-08-31 19:20,2720,153,80,7,4
2026-08-31 19:21,2695,160,80,7,7
2026-08-31 19:22,2728,158,80,7,6
2026-08-31 19:23,2655,154,80,7,4
2026-08-31 19:24,2692,160,80,7,6
2026-08-31 19:25,2746,157,80,7,7
2026-08-31 19:26,2706,159,80,7,6
2026-08-31 19:27,2575,153,80,7,4
2026-08-31 19:28,2651,159,80,7,6
2026-08-31 19:29,2631,159,80,7,5
2026-08-31 19:30,2525,157,80,7,5
2026-08-31 19:31,2449,158,80,6,4
2026-08-31 19:32,2456,157,80,6,3
2026-08-31 19:33,2545,152,80,6,2
2026-08-31 19:34,2610,156,80,7,6
2026-08-31 19:35,2467,154,80,6,8
2026-08-31 19:36,2463,157,80,6,2
2026-08-31 19:37,2422,157,80,6,8
2026-08-31 19:38,2407,155,80,6,4
2026-08-31 19:39,2352,154,80,6,5
2026-08-31 19:40,2500,157,80,7,4
2026-08-31 19:41,2413,153,80,6,4
2026-08-31 19:42,2475,155,80,6,3
2026-08-31 19:43,2312,150,80,6,5
2026-08-31 19:44,2284,151,80,6,4
2026-08-31 19:45,2288,157,80,6,8
2026-08-31 19:46,2312,152,80,6,6
2026-08-31 19:47,2302,155,80,6,2
2026-08-31 19:48,2372,150,80,6,5
2026-08-31 19:49,2374,156,80,6,7
2026-08-31 19:50,2274,154,80,6,7
2026-08-31 19:51,2323,155,80,6,8
2026-08-31 19:52,2181,155,80,6,5
2026-08-31 19:53,2316,148,80,6,7
2026-08-31 19:54,2221,152,80,6,4
2026-08-31 19:55,2227,148,80,5,3
2026-08-31 19:56,2189,153,80,6,7
2026-08-31 19:57,2199,152,80,6,5
2026-08-31 19:58,2203,154,80,6,3
2026-08-31 19:59,2144,150,80,5,3
2026-08-31 20:00,2121,148,80,5,4
2026-08-31 20:01,2063,149,80,5,8
2026-08-31 20:02,2164,150,80,5,5
2026-08-31 20:03,2070,149,80,5,6
2026-08-31 20:04,2079,154,80,5,2
2026-08-31 20:05,2072,145,80,5,3
2026-08-31 20:06,2064,150,80,5,7
2026-08-31 20:07,2106,149,80,5,4
2026-08-31 20:08,2004,151,80,5,3
2026-08-31 20:09,1971,144,80,5,4
2026-08-31 20:10,2024,151,80,5,7
2026-08-31 20:11,1952,151,80,5,4
2026-08-31 20:12,2036,149,80,5,4
2026-08-31 20:13,1992,145,80,5,2
2026-08-31 20:14,1992,151,80,5,5
2026-08-31 20:15,1913,151,80,5,7
2026-08-31 20:16,1834,149,80,5,5
2026-08-31 20:17,1847,146,80,4,4
2026-08-31 20:18,1914,146,80,5,3
2026-08-31 20:19,1889,150,80,5,4
2026-08-31 20:20,1942,149,80,5,7
2026-08-31 20:21,1926,147,80,5,8
2026-08-31 20:22,1779,141,80,4,5
2026-08-31 20:23,1902,149,80,5,5
2026-08-31 20:24,1730,145,80,4,7
2026-08-31 20:25,1770,140,80,4,7
2026-08-31 20:26,1754,146,80,4,3
2026-08-31 20:27,1794,142,80,4,7
2026-08-31 20:28,1707,141,80,4,2
2026-08-31 20:29,1742,145,80,4,5
2026-08-31 20:30,1755,140,80,4,2
2026-08-31 20:31,1770,145,80,4,3
2026-08-31 20:32,1745,146,80,4,3
2026-08-31 20:33,1742,140,80,4,2
2026-08-31 20:34,1637,138,80,4,8
2026-08-31 20:35,1579,138,80,4,8
2026-08-31 20:36,1670,140,80,4,2
2026-08-31 20:37,1597,142,80,4,6
2026-08-31 20:38,1622,144,80,4,4
2026-08-31 20:39,1621,142,80,4,4
2026-08-31 20:40,1516,144,80,4,3
2026-08-31 20:41,1532,138,80,4,4
2026-08-31 20:42,1563,137,80,4,5
2026-08-31 20:43,1538,140,80,4,3
2026-08-31 20:44,1462,140,80,3,4
2026-08-31 20:45,1582,139,80,4,3
2026-08-31 20:46,1499,138,80,3,5
2026-08-31 20:47,1455,139,80,3,8
2026-08-31 20:48,1471,138,80,3,4
2026-08-31 20:49,1485,137,80,3,3
2026-08-31 20:50,1507,141,80,4,4
2026-08-31 20:51,1399,142,80,3,3
2026-08-31 20:52,1477,140,80,3,6
2026-08-31 20:53,1403,137,80,3,7
2026-08-31 20:54,1407,136,80,3,6
2026-08-31 20:55,1356,139,80,3,3
2026-08-31 20:56,1315,139,80,3,6
2026-08-31 20:57,1372,138,80,3,5
2026-08-31 20:58,1289,138,80,3,3
2026-08-31 20:59,1354,138,80,3,6
2026-08-31 21:00,1278,140,80,3,5
2026-08-31 21:01,1266,141,80,3,7
2026-08-31 21:02,1340,140,80,3,5
2026-08-31 21:03,1294,136,80,3,5
2026-08-31 21:04,1252,136,80,3,3
2026-08-31 21:05,1301,137,80,3,2
2026-08-31 21:06,1207,133,80,3,6
2026-08-31 21:07,1198,138,80,3,8
2026-08-31 21:08,1261,134,80,3,4
2026-08-31 21:09,1215,139,80,3,3
2026-08-31 21:10,1165,137,80,3,7
2026-08-31 21:11,1161,135,80,3,2
2026-08-31 21:12,1221,138,80,3,5
2026-08-31 21:13,1198,137,80,3,4
2026-08-31 21:14,1201,135,80,3,3
2026-08-31 21:15,1207,138,80,3,5
2026-08-31 21:16,1135,134,80,3,2
2026-08-31 21:17,1187,134,80,3,3
2026-08-31 21:18,1093,136,80,2,4
2026-08-31 21:19,1089,137,80,2,6
2026-08-31 21:20,1163,136,80,3,3
2026-08-31 21:21,1111,137,80,3,5
2026-08-31 21:22,1105,132,80,2,6
2026-08-31 21:23,1075,137,80,2,4
2026-08-31 21:24,1113,130,80,2,6
2026-08-31 21:25,1070,131,80,2,4
2026-08-31 21:26,1057,138,80,2,2
2026-08-31 21:27,1049,129,80,2,6
2026-08-31 21:28,1061,135,80,2,7
2026-08-31 21:29,1037,133,80,2,6
2026-08-31 21:30,1012,137,80,2,5
2026-08-31 21:31,1047,137,80,2,6
2026-08-31 21:32,1032,128,80,2,5
2026-08-31 21:33,1011,129,80,2,5
2026-08-31 21:34,989,138,80,2,6
2026-08-31 21:35,1019,136,80,2,4
2026-08-31 21:36,1008,129,80,2,6
2026-08-31 21:37,939,137,80,2,3
2026-08-31 21:38,948,137,80,2,3
2026-08-31 21:39,916,133,80,2,7
2026-08-31 21:40,918,129,80,2,7
2026-08-31 21:41,908,133,80,2,7
2026-08-31 21:42,875,134,80,2,3
2026-08-31 21:43,876,135,80,2,7
2026-08-31 21:44,904,132,80,2,7
2026-08-31 21:45,872,129,80,2,8
2026-08-31 21:46,895,130,80,2,2
2026-08-31 21:47,881,132,80,2,6
2026-08-31 21:48,812,128,80,2,6
2026-08-31 21:49,839,135,80,2,2
2026-08-31 21:50,805,127,80,2,3
2026-08-31 21:51,843,130,80,2,8
2026-08-31 21:52,809,132,80,2,4
2026-08-31 21:53,825,132,80,2,3
2026-08-31 21:54,766,135,80,2,5
2026-08-31 21:55,763,134,80,2,2
2026-08-31 21:56,746,129,80,2,5
2026-08-31 21:57,789,128,80,2,3
2026-08-31 21:58,783,132,80,2,6
2026-08-31 21:59,755,129,80,2,2
2026-08-31 22:00,713,126,80,2,3
2026-08-31 22:01,738,128,80,2,7
2026-08-31 22:02,716,132,80,2,3
2026-08-31 22:03,744,125,80,2,4
2026-08-31 22:04,735,132,80,2,8
2026-08-31 22:05,687,129,80,1,4
2026-08-31 22:06,739,131,80,2,3
2026-08-31 22:07,709,128,80,2,3
2026-08-31 22:08,695,129,80,1,6
2026-08-31 22:09,724,130,80,2,8
2026-08-31 22:10,698,127,80,1,4
2026-08-31 22:11,676,133,80,1,2
2026-08-31 22:12,707,133,80,2,2
2026-08-31 22:13,656,133,80,1,5
2026-08-31 22:14,705,131,80,2,6
2026-08-31 22:15,650,124,80,1,2
2026-08-31 22:16,672,124,80,1,8
2026-08-31 22:17,639,125,80,1,5
2026-08-31 22:18,676,130,80,1,5
2026-08-31 22:19,636,132,80,1,4
2026-08-31 22:20,636,128,80,1,7
2026-08-31 22:21,617,124,80,1,7
2026-08-31 22:22,633,128,80,1,2
2026-08-31 22:23,651,127,80,1,7
2026-08-31 22:24,606,130,80,1,8
2026-08-31 22:25,602,131,80,1,7
2026-08-31 22:26,619,129,80,1,2
2026-08-31 22:27,627,128,80,1,3
2026-08-31 22:28,618,132,80,1,4
2026-08-31 22:29,634,125,80,1,6
2026-08-31 22:30,617,125,80,1,5
2026-08-31 22:31,597,127,80,1,3
2026-08-31 22:32,623,124,80,1,5
2026-08-31 22:33,595,125,80,1,5
2026-08-31 22:34,577,129,80,1,7
2026-08-31 22:35,590,129,80,1,3
2026-08-31 22:36,574,127,80,1,8
2026-08-31 22:37,604,125,80,1,6
2026-08-31 22:38,573,126,80,1,4
2026-08-31 22:39,547,131,80,1,4
2026-08-31 22:40,574,125,80,1,4
2026-08-31 22:41,572,126,80,1,3
2026-08-31 22:42,534,124,80,1,5
2026-08-31 22:43,545,122,80,1,3
2026-08-31 22:44,545,131,80,1,4
2026-08-31 22:45,534,123,80,1,6
2026-08-31 22:46,528,125,80,1,4
2026-08-31 22:47,540,130,80,1,5
2026-08-31 22:48,552,130,80,1,5
2026-08-31 22:49,515,128,80,1,4
2026-08-31 22:50,536,131,80,1,6
2026-08-31 22:51,532,127,80,1,3
2026-08-31 22:52,515,124,80,1,3
2026-08-31 22:53,491,126,80,1,4
2026-08-31 22:54,509,122,80,1,8
2026-08-31 22:55,510,128,80,1,7
2026-08-31 22:56,489,126,80,1,5
2026-08-31 22:57,485,130,80,1,5
2026-08-31 22:58,479,122,80,1,5
2026-08-31 22:59,477,130,80,1,5
2026-08-31 23:00,481,127,80,1,6
2026-08-31 23:01,463,127,80,1,6
2026-08-31 23:02,496,130,80,1,3
2026-08-31 23:03,463,130,80,1,4
2026-08-31 23:04,484,122,80,1,7
2026-08-31 23:05,475,123,80,1,3
2026-08-31 23:06,457,128,80,1,5
2026-08-31 23:07,459,121,80,1,5
2026-08-31 23:08,466,129,80,1,7
2026-08-31 23:09,446,123,80,1,3
2026-08-31 23:10,455,127,80,1,3
2026-08-31 23:11,452,123,80,1,8
2026-08-31 23:12,453,130,80,1,7
2026-08-31 23:13,450,126,80,1,3
2026-08-31 23:14,447,122,80,1,8
2026-08-31 23:15,456,129,80,1,3
2026-08-31 23:16,436,125,80,1,3
2026-08-31 23:17,445,126,80,1,4
2026-08-31 23:18,440,126,80,1,4
2026-08-31 23:19,447,127,80,1,8
2026-08-31 23:20,440,127,80,1,2
2026-08-31 23:21,443,123,80,1,5
2026-08-31 23:22,429,128,80,1,5
2026-08-31 23:23,434,124,80,1,5
2026-08-31 23:24,414,122,80,1,7
2026-08-31 23:25,431,121,80,1,7
2026-08-31 23:26,397,126,80,1,2
2026-08-31 23:27,395,122,80,1,5
2026-08-31 23:28,417,124,80,1,7
2026-08-31 23:29,402,129,80,1,2
2026-08-31 23:30,402,121,80,1,8
2026-08-31 23:31,394,121,80,1,8
2026-08-31 23:32,391,120,80,1,4
2026-08-31 23:33,396,126,80,1,4
2026-08-31 23:34,386,123,80,1,3
2026-08-31 23:35,403,124,80,1,8
2026-08-31 23:36,394,122,80,1,4
2026-08-31 23:37,375,126,80,1,6
2026-08-31 23:38,377,121,80,1,6
2026-08-31 23:39,384,124,80,1,5
2026-08-31 23:40,387,126,80,1,8
2026-08-31 23:41,357,129,80,1,8
2026-08-31 23:42,375,129,80,1,7
2026-08-31 23:43,363,120,80,1,3
2026-08-31 23:44,368,122,80,1,2
2026-08-31 23:45,348,124,80,1,5
2026-08-31 23:46,371,128,80,1,5
2026-08-31 23:47,344,123,80,1,8
2026-08-31 23:48,356,129,80,1,6
2026-08-31 23:49,337,123,80,1,4
2026-08-31 23:50,337,120,80,1,7
2026-08-31 23:51,349,128,80,1,7
2026-08-31 23:52,341,127,80,1,2
2026-08-31 23:53,348,126,80,1,7
2026-08-31 23:54,333,120,80,1,3
2026-08-31 23:55,321,127,80,1,4
2026-08-31 23:56,336,127,80,1,3
2026-08-31 23:57,319,122,80,1,5
2026-08-31 23:58,324,127,80,1,5
2026-08-31 23:59,333,119,80,1,8
