client_id,client_name,client_type,onboarded_date
1,Crestview Partners Ltd,Company,2024-05-12
2,Cedar Logistics Ltd,Company,2022-03-11
3,Cedar Holdings Ltd,Company,2025-03-18
4,Beacon Foods Ltd,Company,2023-12-19
5,Chiamaka Okafor,Individual,2024-07-25
6,Crestview Properties Ltd,Company,2025-02-26
7,Amaka Ogunleye,Individual,2023-01-12
8,Cedar Properties Ltd,Company,2024-07-03
9,Cedar Energy Ltd,Company,2023-01-11
10,Crestview Industries Ltd,Company,2023-05-26
11,Chinedu Nwosu,Individual,2024-01-07
12,Cedar Holdings Ltd,Company,2023-06-12
13,Crestview Foods Ltd,Company,2023-06-11
14,Orchid Industries Ltd,Company,2023-08-19
15,Trident Energy Ltd,Company,2022-02-24
16,Harbour Foods Ltd,Company,2022-07-12
17,Summit Holdings Ltd,Company,2022-12-13
18,Orchid Energy Ltd,Company,2022-12-03
19,Orchid Holdings Ltd,Company,2022-07-02
20,Majestic Foods Ltd,Company,2023-08-09
21,Ibrahim Ndukwe,Individual,2024-06-05
22,Tobi Danjuma,Individual,2022-11-25
23,Temitope Bello,Individual,2024-12-21
24,Musa Obi,Individual,2022-05-26
25,Pinnacle Energy Ltd,Company,2024-01-20
26,Beacon Industries Ltd,Company,2022-10-02
27,Aisha Afolabi,Individual,2023-01-26
28,Harbour Logistics Ltd,Company,2023-01-02
29,Trident Foods Ltd,Company,2024-03-01
30,Summit Energy Ltd,Company,2023-04-27
31,Beacon Logistics Ltd,Company,2023-09-06
32,Orchid Energy Ltd,Company,2023-10-28
33,Sade Ogunleye,Individual,2025-01-08
34,Trident Properties Ltd,Company,2022-03-15
35,Segun Nwosu,Individual,2025-05-09
36,Trident Energy Ltd,Company,2024-07-31
37,Cedar Holdings Ltd,Company,2023-10-05
38,Majestic Properties Ltd,Company,2024-09-14
39,Musa Adebayo,Individual,2023-11-08
40,Pinnacle Foods Ltd,Company,2022-04-06
41,Ifeoma Umar,Individual,2025-02-23
42,Majestic Partners Ltd,Company,2022-08-22
43,Trident Logistics Ltd,Company,2025-02-12
44,Ibrahim Abdullahi,Individual,2025-03-24
45,Emeka Chukwu,Individual,2024-04-30
46,Kelechi Eze,Individual,2025-02-12
47,Crestview Energy Ltd,Company,2023-02-07
48,Amaka Eze,Individual,2023-08-27
49,Dapo Olawale,Individual,2023-05-16
50,Majestic Logistics Ltd,Company,2024-03-24
