case_id,importer_type,containers,arrival_datetime,docs_complete_on_arrival,customs_channel,checklist_pilot,released_datetime,delivered_datetime,demurrage_ngn
CLR-0001,Electronics,2,2026-01-05 16:00,No,Green,No,2026-01-15 13:30,2026-01-17 13:00,630000
CLR-0002,Retailer,2,2026-01-05 07:00,Yes,Red,No,2026-01-11 15:00,2026-01-12 15:00,360000
CLR-0003,Retailer,2,2026-01-05 19:00,Yes,Yellow,No,2026-01-12 16:30,2026-01-14 02:00,360000
CLR-0004,Retailer,1,2026-01-05 13:00,Yes,Green,No,2026-01-11 10:00,2026-01-11 21:00,135000
CLR-0005,Construction,2,2026-01-06 05:00,Yes,Red,No,2026-01-10 11:00,2026-01-11 23:00,180000
CLR-0006,Pharmaceutical,3,2026-01-06 17:00,Yes,Red,No,2026-01-16 16:00,2026-01-18 02:00,945000
CLR-0007,Construction,2,2026-01-06 18:00,Yes,Yellow,No,2026-01-13 17:30,2026-01-14 21:00,360000
CLR-0008,Construction,3,2026-01-07 06:00,Yes,Yellow,No,2026-01-14 17:00,2026-01-16 13:00,675000
CLR-0009,Retailer,3,2026-01-07 07:00,Yes,Red,No,2026-01-16 11:00,2026-01-17 20:00,945000
CLR-0010,Retailer,4,2026-01-07 14:00,Yes,Yellow,No,2026-01-13 10:00,2026-01-13 19:00,540000
CLR-0011,Retailer,2,2026-01-08 05:00,Yes,Red,No,2026-01-15 10:00,2026-01-16 21:00,450000
CLR-0012,Manufacturer,2,2026-01-08 05:00,Yes,Red,No,2026-01-15 11:00,2026-01-16 21:00,450000
CLR-0013,Manufacturer,1,2026-01-09 12:00,Yes,Red,No,2026-01-16 10:00,2026-01-17 17:00,180000
CLR-0014,Manufacturer,3,2026-01-09 19:00,Yes,Green,No,2026-01-17 17:30,2026-01-19 15:00,675000
CLR-0015,Manufacturer,3,2026-01-09 18:00,Yes,Red,No,2026-01-19 09:00,2026-01-20 05:00,945000
CLR-0016,Manufacturer,1,2026-01-09 16:00,Yes,Green,No,2026-01-16 09:00,2026-01-16 21:00,180000
CLR-0017,Manufacturer,2,2026-01-10 15:00,No,Green,No,2026-01-20 11:00,2026-01-21 22:00,630000
CLR-0018,Electronics,1,2026-01-10 16:00,Yes,Red,No,2026-01-18 17:00,2026-01-20 11:00,270000
CLR-0019,Retailer,1,2026-01-10 19:00,Yes,Red,No,2026-01-20 11:00,2026-01-21 13:00,315000
CLR-0020,Electronics,1,2026-01-10 12:00,Yes,Red,No,2026-01-19 10:00,2026-01-20 13:00,270000
CLR-0021,Manufacturer,3,2026-01-11 15:00,Yes,Green,No,2026-01-18 09:00,2026-01-18 19:00,540000
CLR-0022,Retailer,1,2026-01-11 13:00,Yes,Red,No,2026-01-21 09:00,2026-01-22 00:00,315000
CLR-0023,Manufacturer,3,2026-01-11 17:00,Yes,Green,No,2026-01-19 11:00,2026-01-20 03:00,675000
CLR-0024,Construction,4,2026-01-11 18:00,Yes,Yellow,No,2026-01-19 17:00,2026-01-21 07:00,900000
CLR-0025,Retailer,3,2026-01-12 05:00,No,Red,No,2026-01-25 15:00,2026-01-26 19:00,1485000
CLR-0026,Electronics,1,2026-01-12 17:00,Yes,Green,No,2026-01-17 15:30,2026-01-18 14:30,90000
CLR-0027,Manufacturer,2,2026-01-13 06:00,Yes,Yellow,No,2026-01-20 16:00,2026-01-22 03:00,450000
CLR-0028,Manufacturer,1,2026-01-14 05:00,No,Green,No,2026-01-22 10:30,2026-01-22 18:30,270000
CLR-0029,Manufacturer,1,2026-01-14 15:00,Yes,Green,No,2026-01-22 11:00,2026-01-23 14:00,225000
CLR-0030,Electronics,2,2026-01-14 18:00,Yes,Green,No,2026-01-21 11:00,2026-01-22 15:00,360000
CLR-0031,Manufacturer,1,2026-01-14 09:00,Yes,Yellow,No,2026-01-23 10:00,2026-01-23 20:00,315000
CLR-0032,Retailer,1,2026-01-14 07:00,No,Green,No,2026-01-25 10:00,2026-01-26 02:00,405000
CLR-0033,Manufacturer,2,2026-01-15 18:00,No,Green,No,2026-01-28 09:00,2026-01-28 20:00,900000
CLR-0034,Manufacturer,2,2026-01-16 05:00,No,Red,No,2026-01-25 11:00,2026-01-25 20:00,630000
CLR-0035,Manufacturer,1,2026-01-16 20:00,Yes,Green,No,2026-01-22 13:30,2026-01-23 19:30,135000
CLR-0036,Construction,2,2026-01-16 18:00,No,Green,No,2026-01-30 10:00,2026-01-31 15:00,990000
CLR-0037,Manufacturer,2,2026-01-16 05:00,No,Green,No,2026-01-25 11:00,2026-01-26 05:00,630000
CLR-0038,Pharmaceutical,3,2026-01-17 19:00,No,Red,No,2026-01-27 14:30,2026-01-28 21:00,945000
CLR-0039,Retailer,1,2026-01-17 15:00,No,Green,No,2026-01-29 10:00,2026-01-30 12:00,405000
CLR-0040,Manufacturer,1,2026-01-17 20:00,No,Green,No,2026-01-30 13:30,2026-01-31 21:00,450000
CLR-0041,Pharmaceutical,1,2026-01-17 05:00,Yes,Red,No,2026-01-25 09:00,2026-01-25 14:00,270000
CLR-0042,Manufacturer,1,2026-01-18 07:00,Yes,Red,No,2026-01-24 16:30,2026-01-25 14:00,180000
CLR-0043,Retailer,1,2026-01-18 20:00,Yes,Yellow,No,2026-01-27 10:00,2026-01-27 18:00,270000
CLR-0044,Retailer,2,2026-01-18 05:00,Yes,Green,No,2026-01-24 09:00,2026-01-24 20:00,360000
CLR-0045,Retailer,4,2026-01-19 14:00,Yes,Red,No,2026-01-27 12:00,2026-01-28 00:00,900000
CLR-0046,Retailer,1,2026-01-19 05:00,Yes,Yellow,No,2026-01-26 09:00,2026-01-27 10:00,225000
CLR-0047,Electronics,3,2026-01-20 19:00,No,Green,No,2026-01-29 11:30,2026-01-30 00:30,810000
CLR-0048,Construction,1,2026-01-20 12:00,Yes,Green,No,2026-01-26 10:00,2026-01-27 13:00,135000
CLR-0049,Construction,4,2026-01-20 08:00,No,Red,No,2026-01-30 11:00,2026-01-31 17:00,1440000
CLR-0050,Manufacturer,2,2026-01-21 20:00,No,Red,No,2026-02-03 10:00,2026-02-04 16:00,900000
CLR-0051,Construction,3,2026-01-21 16:00,Yes,Yellow,No,2026-01-28 16:30,2026-01-29 13:00,675000
CLR-0052,Electronics,3,2026-01-22 08:00,No,Red,No,2026-01-31 09:00,2026-02-01 02:00,945000
CLR-0053,Pharmaceutical,1,2026-01-22 08:00,Yes,Green,No,2026-01-28 10:00,2026-01-29 16:00,180000
CLR-0054,Electronics,1,2026-01-22 10:00,Yes,Yellow,No,2026-01-29 15:00,2026-01-31 02:00,225000
CLR-0055,Retailer,3,2026-01-23 07:00,Yes,Red,No,2026-01-31 11:00,2026-02-01 07:00,810000
CLR-0056,Retailer,1,2026-01-23 13:00,Yes,Red,No,2026-01-31 15:00,2026-01-31 23:00,270000
CLR-0057,Manufacturer,2,2026-01-23 13:00,No,Green,No,2026-01-30 10:00,2026-01-31 04:00,360000
CLR-0058,Electronics,1,2026-01-24 15:00,Yes,Yellow,No,2026-01-31 09:00,2026-02-01 01:00,180000
CLR-0059,Manufacturer,1,2026-01-24 08:00,Yes,Red,No,2026-02-02 14:00,2026-02-03 16:00,315000
CLR-0060,Manufacturer,3,2026-01-24 19:00,Yes,Green,No,2026-01-29 09:30,2026-01-29 21:30,270000
CLR-0061,Retailer,1,2026-01-25 15:00,Yes,Green,No,2026-02-01 12:30,2026-02-02 05:30,180000
CLR-0062,Construction,2,2026-01-25 12:00,Yes,Green,No,2026-02-03 13:30,2026-02-04 06:30,630000
CLR-0063,Electronics,2,2026-01-25 14:00,Yes,Red,No,2026-02-02 12:00,2026-02-03 20:00,450000
CLR-0064,Retailer,3,2026-01-25 20:00,No,Yellow,No,2026-02-08 10:00,2026-02-09 17:00,1485000
CLR-0065,Manufacturer,2,2026-01-26 07:00,Yes,Green,No,2026-01-31 09:00,2026-02-01 01:00,270000
CLR-0066,Electronics,1,2026-01-27 09:00,No,Green,No,2026-02-05 10:00,2026-02-06 10:00,315000
CLR-0067,Retailer,2,2026-01-27 20:00,Yes,Red,No,2026-02-05 11:00,2026-02-06 21:00,540000
CLR-0068,Construction,4,2026-01-27 06:00,Yes,Yellow,No,2026-02-04 11:00,2026-02-05 16:00,1080000
CLR-0069,Construction,2,2026-01-28 06:00,Yes,Yellow,No,2026-02-05 09:00,2026-02-06 06:00,540000
CLR-0070,Retailer,1,2026-01-28 08:00,Yes,Red,No,2026-02-05 14:00,2026-02-06 23:00,270000
CLR-0071,Retailer,4,2026-01-29 10:00,Yes,Red,No,2026-02-08 10:00,2026-02-09 10:00,1260000
CLR-0072,Pharmaceutical,3,2026-01-29 18:00,Yes,Yellow,No,2026-02-04 11:00,2026-02-05 12:00,405000
CLR-0073,Retailer,4,2026-01-29 20:00,No,Green,No,2026-02-07 11:00,2026-02-08 18:00,1080000
CLR-0074,Retailer,3,2026-01-29 07:00,No,Red,No,2026-02-09 09:00,2026-02-10 08:00,1215000
CLR-0075,Electronics,3,2026-01-29 07:00,Yes,Yellow,No,2026-02-05 11:00,2026-02-06 16:00,675000
CLR-0076,Pharmaceutical,1,2026-01-30 11:00,No,Red,No,2026-02-08 10:00,2026-02-09 15:00,270000
CLR-0077,Pharmaceutical,2,2026-01-30 09:00,No,Red,No,2026-02-12 11:00,2026-02-13 07:00,990000
CLR-0078,Manufacturer,1,2026-01-30 09:00,No,Yellow,No,2026-02-10 13:00,2026-02-11 17:00,405000
CLR-0079,Construction,1,2026-01-31 08:00,Yes,Yellow,No,2026-02-08 11:30,2026-02-10 06:00,270000
CLR-0080,Electronics,2,2026-01-31 20:00,Yes,Green,No,2026-02-06 11:30,2026-02-06 21:30,270000
CLR-0081,Manufacturer,2,2026-01-31 09:00,Yes,Red,No,2026-02-08 10:00,2026-02-08 18:00,540000
CLR-0082,Construction,1,2026-02-01 20:00,No,Yellow,No,2026-02-12 10:00,2026-02-13 09:00,360000
CLR-0083,Retailer,1,2026-02-01 08:00,Yes,Red,No,2026-02-09 10:00,2026-02-10 08:00,270000
CLR-0084,Manufacturer,2,2026-02-02 20:00,Yes,Yellow,No,2026-02-10 10:00,2026-02-11 14:00,450000
CLR-0085,Manufacturer,1,2026-02-02 19:00,Yes,Yellow,No,2026-02-10 10:00,2026-02-10 23:00,225000
CLR-0086,Manufacturer,3,2026-02-03 06:00,No,Yellow,No,2026-02-16 10:00,2026-02-17 13:00,1485000
CLR-0087,Pharmaceutical,4,2026-02-03 13:00,No,Yellow,No,2026-02-14 10:00,2026-02-14 18:00,1440000
CLR-0088,Manufacturer,2,2026-02-04 10:00,Yes,Yellow,No,2026-02-13 16:00,2026-02-15 05:00,630000
CLR-0089,Pharmaceutical,1,2026-02-04 08:00,No,Yellow,No,2026-02-14 10:00,2026-02-15 12:00,360000
CLR-0090,Manufacturer,1,2026-02-04 14:00,No,Green,No,2026-02-13 12:30,2026-02-14 07:30,270000
CLR-0091,Retailer,4,2026-02-05 16:00,No,Red,No,2026-02-18 10:00,2026-02-19 09:00,1800000
CLR-0092,Electronics,3,2026-02-06 12:00,No,Green,No,2026-02-14 13:30,2026-02-14 19:30,810000
CLR-0093,Pharmaceutical,2,2026-02-06 20:00,No,Red,No,2026-02-22 11:00,2026-02-23 16:00,1170000
CLR-0094,Manufacturer,1,2026-02-07 06:00,Yes,Green,No,2026-02-14 10:00,2026-02-15 11:00,225000
CLR-0095,Construction,1,2026-02-07 06:00,Yes,Yellow,No,2026-02-12 09:00,2026-02-12 17:00,135000
CLR-0096,Retailer,2,2026-02-07 13:00,No,Red,No,2026-02-16 10:00,2026-02-17 06:00,540000
CLR-0097,Manufacturer,2,2026-02-07 18:00,Yes,Red,No,2026-02-16 16:00,2026-02-18 08:00,540000
CLR-0098,Retailer,3,2026-02-09 13:00,No,Red,No,2026-02-23 16:00,2026-02-25 05:00,1620000
CLR-0099,Manufacturer,1,2026-02-09 16:00,Yes,Green,No,2026-02-18 13:30,2026-02-19 22:00,270000
CLR-0100,Manufacturer,2,2026-02-10 08:00,Yes,Yellow,No,2026-02-17 11:00,2026-02-18 06:00,450000
CLR-0101,Pharmaceutical,1,2026-02-10 17:00,No,Red,No,2026-02-21 09:00,2026-02-22 07:00,360000
CLR-0102,Pharmaceutical,4,2026-02-10 15:00,Yes,Yellow,No,2026-02-16 10:00,2026-02-17 15:00,540000
CLR-0103,Retailer,2,2026-02-10 08:00,Yes,Green,No,2026-02-16 13:30,2026-02-18 11:00,360000
CLR-0104,Manufacturer,1,2026-02-11 05:00,Yes,Red,No,2026-02-18 10:00,2026-02-19 14:00,225000
CLR-0105,Retailer,1,2026-02-11 09:00,Yes,Red,No,2026-02-20 18:30,2026-02-21 12:00,315000
CLR-0106,Retailer,1,2026-02-11 12:00,Yes,Red,No,2026-02-19 09:00,2026-02-20 12:00,225000
CLR-0107,Pharmaceutical,2,2026-02-12 06:00,No,Red,No,2026-02-25 11:00,2026-02-25 21:00,990000
CLR-0108,Retailer,1,2026-02-12 07:00,No,Yellow,No,2026-02-20 16:30,2026-02-21 17:00,270000
CLR-0109,Electronics,1,2026-02-13 15:00,Yes,Red,No,2026-02-21 09:00,2026-02-22 01:00,225000
CLR-0110,Retailer,4,2026-02-13 07:00,Yes,Red,No,2026-02-21 15:30,2026-02-21 22:30,1080000
CLR-0111,Retailer,1,2026-02-14 09:00,Yes,Red,No,2026-02-23 09:00,2026-02-24 05:00,270000
CLR-0112,Retailer,2,2026-02-14 20:00,Yes,Red,No,2026-02-21 11:00,2026-02-22 15:00,360000
CLR-0113,Retailer,3,2026-02-14 07:00,No,Red,No,2026-03-01 15:00,2026-03-02 16:00,1755000
CLR-0114,Retailer,1,2026-02-14 19:00,No,Red,No,2026-03-02 11:30,2026-03-03 15:30,585000
CLR-0115,Electronics,2,2026-02-14 12:00,Yes,Yellow,No,2026-02-22 10:00,2026-02-23 12:00,450000
CLR-0116,Manufacturer,1,2026-02-15 05:00,Yes,Red,No,2026-02-22 09:00,2026-02-23 13:00,225000
CLR-0117,Retailer,1,2026-02-15 12:00,Yes,Yellow,No,2026-02-23 11:00,2026-02-25 10:00,225000
CLR-0118,Pharmaceutical,1,2026-02-16 06:00,No,Yellow,No,2026-02-26 11:00,2026-02-28 10:00,360000
CLR-0119,Retailer,2,2026-02-16 14:00,Yes,Red,No,2026-02-24 12:00,2026-02-26 11:00,450000
CLR-0120,Manufacturer,1,2026-02-16 06:00,Yes,Green,No,2026-02-22 11:00,2026-02-23 18:00,180000
CLR-0121,Construction,2,2026-02-16 06:00,Yes,Yellow,No,2026-02-21 11:00,2026-02-22 16:00,270000
CLR-0122,Retailer,1,2026-02-16 18:00,Yes,Green,No,2026-02-24 11:00,2026-02-25 03:00,225000
CLR-0123,Manufacturer,1,2026-02-17 15:00,Yes,Red,No,2026-02-24 11:00,2026-02-24 21:00,180000
CLR-0124,Retailer,3,2026-02-17 15:00,Yes,Green,No,2026-02-24 11:00,2026-02-25 18:00,540000
CLR-0125,Construction,2,2026-02-17 10:00,No,Green,No,2026-02-26 16:30,2026-02-27 12:00,630000
CLR-0126,Retailer,4,2026-02-17 13:00,Yes,Red,No,2026-02-25 13:00,2026-02-26 03:00,900000
CLR-0127,Retailer,1,2026-02-18 14:00,No,Green,No,2026-02-25 16:30,2026-02-26 14:00,225000
CLR-0128,Pharmaceutical,4,2026-02-18 19:00,Yes,Red,No,2026-02-26 09:00,2026-02-27 06:00,900000
CLR-0129,Manufacturer,3,2026-02-18 09:00,Yes,Red,No,2026-02-26 10:00,2026-02-26 22:00,810000
CLR-0130,Electronics,3,2026-02-19 15:00,Yes,Red,No,2026-03-01 11:00,2026-03-02 19:00,945000
CLR-0131,Manufacturer,1,2026-02-19 05:00,No,Red,No,2026-03-01 16:00,2026-03-03 08:00,360000
CLR-0132,Electronics,3,2026-02-19 15:00,No,Green,No,2026-02-27 11:30,2026-02-28 12:30,675000
CLR-0133,Electronics,3,2026-02-19 07:00,No,Green,No,2026-03-02 11:00,2026-03-03 12:00,1215000
CLR-0134,Electronics,3,2026-02-20 06:00,Yes,Yellow,No,2026-02-27 10:00,2026-02-28 08:00,675000
CLR-0135,Retailer,1,2026-02-20 10:00,No,Red,No,2026-03-06 10:00,2026-03-07 04:00,495000
CLR-0136,Pharmaceutical,1,2026-02-21 14:00,No,Red,No,2026-03-05 14:00,2026-03-07 10:00,405000
CLR-0137,Construction,2,2026-02-21 06:00,Yes,Red,No,2026-03-02 12:30,2026-03-03 14:30,630000
CLR-0138,Construction,1,2026-02-21 11:00,Yes,Green,No,2026-02-28 10:30,2026-03-01 00:30,180000
CLR-0139,Manufacturer,1,2026-02-23 18:00,Yes,Yellow,No,2026-03-01 10:00,2026-03-02 20:00,135000
CLR-0140,Construction,2,2026-02-23 11:00,Yes,Red,No,2026-03-05 09:00,2026-03-05 22:00,630000
CLR-0141,Electronics,2,2026-02-23 08:00,Yes,Yellow,No,2026-02-28 09:00,2026-03-01 19:00,270000
CLR-0142,Pharmaceutical,2,2026-02-23 18:00,No,Red,No,2026-03-07 11:30,2026-03-07 20:30,810000
CLR-0143,Construction,1,2026-02-24 19:00,No,Red,No,2026-03-06 17:30,2026-03-08 10:00,315000
CLR-0144,Electronics,4,2026-02-24 12:00,Yes,Yellow,No,2026-03-04 15:00,2026-03-06 02:00,1080000
CLR-0145,Retailer,4,2026-02-24 08:00,No,Yellow,No,2026-03-07 11:00,2026-03-08 07:00,1620000
CLR-0146,Construction,3,2026-02-24 14:00,No,Yellow,No,2026-03-05 09:30,2026-03-06 01:30,810000
CLR-0147,Construction,2,2026-02-25 13:00,Yes,Red,No,2026-03-04 10:00,2026-03-05 03:00,360000
CLR-0148,Retailer,1,2026-02-25 13:00,Yes,Green,No,2026-03-04 18:30,2026-03-05 14:00,225000
CLR-0149,Manufacturer,1,2026-02-25 06:00,No,Red,No,2026-03-07 10:00,2026-03-08 14:00,360000
CLR-0150,Electronics,1,2026-02-25 20:00,Yes,Red,No,2026-03-04 09:00,2026-03-05 12:00,180000
CLR-0151,Retailer,1,2026-02-26 17:00,No,Green,No,2026-03-08 10:00,2026-03-08 23:00,315000
CLR-0152,Retailer,1,2026-02-26 05:00,Yes,Green,No,2026-03-03 11:00,2026-03-04 04:00,135000
CLR-0153,Retailer,1,2026-02-26 11:00,Yes,Red,No,2026-03-09 10:00,2026-03-10 19:00,360000
CLR-0154,Electronics,2,2026-02-27 15:00,No,Red,No,2026-03-11 12:00,2026-03-12 06:00,810000
CLR-0155,Electronics,1,2026-02-27 13:00,Yes,Green,No,2026-03-06 09:30,2026-03-07 04:30,180000
CLR-0156,Manufacturer,1,2026-02-28 17:00,Yes,Red,No,2026-03-10 09:00,2026-03-11 01:00,315000
CLR-0157,Construction,1,2026-02-28 05:00,Yes,Yellow,No,2026-03-06 15:30,2026-03-07 18:30,180000
CLR-0158,Retailer,4,2026-02-28 07:00,Yes,Yellow,No,2026-03-06 10:00,2026-03-06 17:00,720000
CLR-0159,Electronics,1,2026-03-01 12:00,Yes,Green,No,2026-03-07 10:00,2026-03-08 07:00,135000
CLR-0160,Pharmaceutical,4,2026-03-01 20:00,No,Red,No,2026-03-13 11:00,2026-03-14 17:00,1620000
CLR-0161,Manufacturer,4,2026-03-01 11:00,Yes,Red,No,2026-03-09 10:00,2026-03-10 02:00,900000
CLR-0162,Retailer,1,2026-03-01 09:00,Yes,Green,No,2026-03-06 16:30,2026-03-07 21:00,135000
CLR-0163,Manufacturer,1,2026-03-02 18:00,Yes,Green,No,2026-03-08 11:00,2026-03-09 05:00,135000
CLR-0164,Retailer,4,2026-03-02 10:00,No,Red,No,2026-03-14 10:00,2026-03-15 19:00,1620000
CLR-0165,Construction,1,2026-03-02 14:00,No,Red,No,2026-03-16 10:00,2026-03-17 12:00,495000
CLR-0166,Retailer,2,2026-03-03 14:00,Yes,Red,No,2026-03-13 10:00,2026-03-14 21:00,630000
CLR-0167,Pharmaceutical,3,2026-03-03 20:00,No,Red,No,2026-03-14 17:30,2026-03-16 14:00,1080000
CLR-0168,Manufacturer,2,2026-03-04 18:00,Yes,Red,No,2026-03-12 09:00,2026-03-13 07:00,450000
CLR-0169,Manufacturer,2,2026-03-04 14:00,Yes,Green,No,2026-03-10 13:30,2026-03-11 06:30,270000
CLR-0170,Construction,4,2026-03-04 16:00,Yes,Green,No,2026-03-10 09:00,2026-03-11 03:00,540000
CLR-0171,Manufacturer,1,2026-03-04 13:00,Yes,Red,No,2026-03-13 14:30,2026-03-15 13:00,315000
CLR-0172,Manufacturer,2,2026-03-04 11:00,No,Yellow,No,2026-03-17 11:00,2026-03-18 23:00,900000
CLR-0173,Electronics,2,2026-03-05 16:00,Yes,Yellow,No,2026-03-12 18:00,2026-03-14 07:00,450000
CLR-0174,Electronics,1,2026-03-05 05:00,Yes,Green,No,2026-03-10 09:00,2026-03-11 10:00,135000
CLR-0175,Manufacturer,4,2026-03-05 12:00,Yes,Red,No,2026-03-13 10:30,2026-03-13 19:30,900000
CLR-0176,Electronics,2,2026-03-05 10:00,Yes,Green,No,2026-03-12 10:00,2026-03-13 09:00,360000
CLR-0177,Manufacturer,3,2026-03-06 18:00,Yes,Green,No,2026-03-11 09:00,2026-03-12 04:00,270000
CLR-0178,Retailer,1,2026-03-06 14:00,Yes,Green,No,2026-03-11 10:30,2026-03-12 09:30,90000
CLR-0179,Retailer,2,2026-03-06 15:00,Yes,Green,No,2026-03-13 09:00,2026-03-14 11:00,360000
CLR-0180,Construction,1,2026-03-06 17:00,No,Yellow,No,2026-03-19 11:00,2026-03-21 11:00,450000
CLR-0181,Retailer,3,2026-03-06 12:00,Yes,Red,No,2026-03-15 09:00,2026-03-16 16:00,810000
CLR-0182,Pharmaceutical,1,2026-03-07 12:00,No,Red,No,2026-03-20 10:00,2026-03-21 17:00,450000
CLR-0183,Manufacturer,2,2026-03-07 13:00,Yes,Yellow,No,2026-03-16 10:30,2026-03-17 15:30,540000
CLR-0184,Manufacturer,2,2026-03-08 12:00,No,Red,No,2026-03-18 11:00,2026-03-20 09:00,630000
CLR-0185,Manufacturer,2,2026-03-08 11:00,Yes,Green,No,2026-03-14 10:30,2026-03-14 18:30,270000
CLR-0186,Electronics,2,2026-03-08 14:00,Yes,Red,No,2026-03-14 13:30,2026-03-15 12:30,270000
CLR-0187,Retailer,4,2026-03-09 07:00,Yes,Red,No,2026-03-16 10:00,2026-03-16 19:00,900000
CLR-0188,Construction,1,2026-03-09 09:00,Yes,Red,No,2026-03-17 13:00,2026-03-18 09:00,270000
CLR-0189,Electronics,4,2026-03-09 09:00,Yes,Yellow,No,2026-03-17 10:00,2026-03-17 22:00,1080000
CLR-0190,Retailer,1,2026-03-09 14:00,Yes,Red,No,2026-03-16 16:00,2026-03-17 22:00,225000
CLR-0191,Manufacturer,4,2026-03-10 15:00,Yes,Red,No,2026-03-18 10:00,2026-03-19 07:00,900000
CLR-0192,Manufacturer,2,2026-03-11 12:00,Yes,Yellow,No,2026-03-18 10:00,2026-03-19 09:00,360000
CLR-0193,Retailer,2,2026-03-11 18:00,Yes,Green,No,2026-03-16 10:00,2026-03-17 05:00,180000
CLR-0194,Pharmaceutical,2,2026-03-11 16:00,No,Red,No,2026-03-21 10:00,2026-03-22 14:00,630000
CLR-0195,Manufacturer,3,2026-03-12 07:00,No,Green,No,2026-03-23 17:30,2026-03-25 02:00,1215000
CLR-0196,Retailer,1,2026-03-12 15:00,Yes,Red,No,2026-03-21 09:00,2026-03-22 09:00,270000
CLR-0197,Electronics,1,2026-03-12 11:00,Yes,Green,No,2026-03-18 16:30,2026-03-20 02:00,180000
CLR-0198,Manufacturer,4,2026-03-13 14:00,Yes,Red,No,2026-03-22 15:00,2026-03-24 10:00,1260000
CLR-0199,Electronics,4,2026-03-13 05:00,No,Yellow,No,2026-03-23 10:00,2026-03-23 23:00,1440000
CLR-0200,Electronics,1,2026-03-13 11:00,No,Red,No,2026-03-24 11:00,2026-03-25 19:00,360000
CLR-0201,Electronics,1,2026-03-14 19:00,Yes,Red,No,2026-03-22 10:00,2026-03-22 20:00,225000
CLR-0202,Electronics,1,2026-03-14 07:00,Yes,Green,No,2026-03-22 10:00,2026-03-23 17:00,270000
CLR-0203,Electronics,3,2026-03-14 17:00,Yes,Green,No,2026-03-19 11:00,2026-03-20 08:00,270000
CLR-0204,Retailer,1,2026-03-14 15:00,No,Red,No,2026-03-27 14:00,2026-03-27 19:00,450000
CLR-0205,Manufacturer,1,2026-03-16 09:00,Yes,Green,No,2026-03-21 10:30,2026-03-22 12:30,135000
CLR-0206,Retailer,4,2026-03-16 12:00,No,Yellow,No,2026-03-27 17:30,2026-03-29 13:00,1620000
CLR-0207,Manufacturer,2,2026-03-16 10:00,Yes,Yellow,No,2026-03-23 11:00,2026-03-24 10:00,450000
CLR-0208,Pharmaceutical,4,2026-03-16 06:00,No,Red,No,2026-03-28 09:00,2026-03-28 20:00,1800000
CLR-0209,Manufacturer,2,2026-03-17 05:00,No,Green,No,2026-03-26 16:30,2026-03-27 23:00,630000
CLR-0210,Construction,4,2026-03-17 18:00,No,Yellow,No,2026-03-27 10:00,2026-03-28 13:00,1260000
CLR-0211,Retailer,2,2026-03-18 05:00,Yes,Red,No,2026-03-26 10:00,2026-03-27 16:00,540000
CLR-0212,Retailer,3,2026-03-19 08:00,No,Green,No,2026-03-30 11:00,2026-03-31 21:00,1215000
CLR-0213,Pharmaceutical,3,2026-03-19 19:00,No,Green,No,2026-04-01 11:00,2026-04-02 11:00,1350000
CLR-0214,Pharmaceutical,3,2026-03-19 18:00,No,Red,No,2026-03-29 14:30,2026-03-30 13:00,945000
CLR-0215,Electronics,2,2026-03-20 05:00,Yes,Red,No,2026-03-25 11:00,2026-03-26 20:00,270000
CLR-0216,Retailer,3,2026-03-20 12:00,No,Yellow,No,2026-03-31 13:00,2026-04-01 15:00,1215000
CLR-0217,Manufacturer,2,2026-03-20 10:00,Yes,Green,No,2026-03-25 11:00,2026-03-26 16:00,270000
CLR-0218,Electronics,2,2026-03-20 07:00,Yes,Yellow,No,2026-03-26 10:00,2026-03-26 18:00,360000
CLR-0219,Retailer,2,2026-03-20 13:00,Yes,Red,No,2026-03-28 13:00,2026-03-29 07:00,450000
CLR-0220,Retailer,1,2026-03-21 09:00,Yes,Red,No,2026-03-28 09:00,2026-03-29 04:00,180000
CLR-0221,Construction,4,2026-03-21 09:00,Yes,Green,No,2026-03-29 17:30,2026-03-30 22:00,1080000
CLR-0222,Electronics,1,2026-03-21 06:00,Yes,Red,No,2026-03-30 10:00,2026-03-31 00:00,315000
CLR-0223,Retailer,1,2026-03-21 06:00,Yes,Red,No,2026-03-29 16:00,2026-03-31 08:00,270000
CLR-0224,Retailer,2,2026-03-22 08:00,Yes,Green,No,2026-03-28 10:00,2026-03-28 23:00,360000
CLR-0225,Electronics,1,2026-03-23 16:00,No,Red,No,2026-04-05 09:00,2026-04-06 07:00,450000
CLR-0226,Electronics,2,2026-03-23 11:00,Yes,Red,No,2026-03-29 09:00,2026-03-29 22:00,270000
CLR-0227,Manufacturer,4,2026-03-23 06:00,Yes,Yellow,No,2026-03-30 16:00,2026-04-01 11:00,900000
CLR-0228,Manufacturer,1,2026-03-23 11:00,Yes,Red,No,2026-04-02 09:00,2026-04-02 22:00,315000
CLR-0229,Pharmaceutical,4,2026-03-23 08:00,No,Yellow,No,2026-04-02 18:00,2026-04-04 11:00,1440000
CLR-0230,Electronics,1,2026-03-24 05:00,No,Yellow,No,2026-04-06 10:00,2026-04-07 04:00,495000
CLR-0231,Manufacturer,2,2026-03-25 19:00,No,Red,No,2026-04-04 11:00,2026-04-05 03:00,630000
CLR-0232,Electronics,1,2026-03-25 19:00,Yes,Green,No,2026-03-30 11:30,2026-03-31 04:30,90000
CLR-0233,Manufacturer,2,2026-03-25 05:00,Yes,Yellow,No,2026-04-02 10:00,2026-04-03 17:00,540000
CLR-0234,Retailer,4,2026-03-26 17:00,Yes,Green,No,2026-04-02 11:00,2026-04-03 02:00,720000
CLR-0235,Construction,2,2026-03-26 05:00,Yes,Red,No,2026-04-02 14:00,2026-04-03 04:00,450000
CLR-0236,Manufacturer,1,2026-03-27 14:00,Yes,Green,No,2026-04-02 15:30,2026-04-04 10:00,180000
CLR-0237,Pharmaceutical,4,2026-03-27 11:00,Yes,Red,No,2026-04-04 10:00,2026-04-04 19:00,900000
CLR-0238,Construction,1,2026-03-28 17:00,Yes,Green,No,2026-04-03 17:30,2026-04-04 13:00,180000
CLR-0239,Pharmaceutical,1,2026-03-28 07:00,No,Red,No,2026-04-09 12:30,2026-04-10 02:30,450000
CLR-0240,Construction,1,2026-03-28 17:00,Yes,Red,No,2026-04-06 10:00,2026-04-07 08:00,270000
CLR-0241,Retailer,3,2026-03-29 06:00,Yes,Green,No,2026-04-05 09:00,2026-04-06 11:00,675000
CLR-0242,Pharmaceutical,2,2026-03-30 06:00,No,Red,No,2026-04-11 10:00,2026-04-12 18:00,900000
CLR-0243,Manufacturer,3,2026-03-30 05:00,Yes,Red,No,2026-04-06 11:00,2026-04-07 17:00,675000
CLR-0244,Electronics,2,2026-03-30 12:00,Yes,Yellow,No,2026-04-08 10:00,2026-04-09 02:00,540000
CLR-0245,Construction,1,2026-03-31 05:00,No,Green,No,2026-04-10 11:00,2026-04-11 13:00,360000
CLR-0246,Manufacturer,2,2026-03-31 05:00,No,Red,No,2026-04-12 10:00,2026-04-13 13:00,900000
CLR-0247,Construction,2,2026-04-01 11:00,No,Yellow,No,2026-04-11 10:00,2026-04-11 21:00,630000
CLR-0248,Electronics,1,2026-04-01 08:00,Yes,Green,No,2026-04-08 16:30,2026-04-09 22:00,225000
CLR-0249,Manufacturer,2,2026-04-01 13:00,Yes,Red,No,2026-04-08 15:00,2026-04-10 01:00,450000
CLR-0250,Manufacturer,1,2026-04-02 13:00,No,Yellow,No,2026-04-19 14:00,2026-04-20 08:00,675000
CLR-0251,Retailer,1,2026-04-02 12:00,Yes,Red,No,2026-04-11 09:00,2026-04-12 10:00,270000
CLR-0252,Manufacturer,3,2026-04-02 16:00,Yes,Yellow,No,2026-04-10 11:00,2026-04-12 09:00,675000
CLR-0253,Electronics,1,2026-04-03 18:00,No,Red,No,2026-04-14 10:00,2026-04-15 09:00,360000
CLR-0254,Manufacturer,2,2026-04-03 08:00,No,Red,No,2026-04-18 17:00,2026-04-20 05:00,1170000
CLR-0255,Electronics,1,2026-04-03 08:00,Yes,Green,No,2026-04-09 14:30,2026-04-11 15:00,180000
CLR-0256,Construction,1,2026-04-04 16:00,Yes,Green,No,2026-04-11 14:30,2026-04-13 06:00,180000
CLR-0257,Manufacturer,2,2026-04-04 14:00,Yes,Green,No,2026-04-11 13:30,2026-04-12 03:30,360000
CLR-0258,Electronics,1,2026-04-04 05:00,Yes,Green,No,2026-04-10 09:00,2026-04-11 09:00,180000
CLR-0259,Construction,4,2026-04-05 17:00,No,Red,No,2026-04-17 12:00,2026-04-17 20:00,1620000
CLR-0260,Manufacturer,2,2026-04-06 09:00,Yes,Red,No,2026-04-15 10:00,2026-04-16 06:00,630000
CLR-0261,Electronics,3,2026-04-06 20:00,Yes,Green,No,2026-04-13 10:00,2026-04-14 10:00,540000
CLR-0262,Pharmaceutical,2,2026-04-06 12:00,Yes,Red,No,2026-04-12 13:00,2026-04-12 18:00,360000
CLR-0263,Construction,4,2026-04-07 18:00,Yes,Red,No,2026-04-15 10:00,2026-04-16 20:00,900000
CLR-0264,Construction,1,2026-04-07 15:00,No,Green,No,2026-04-17 14:30,2026-04-18 19:00,315000
CLR-0265,Electronics,1,2026-04-07 06:00,No,Green,No,2026-04-20 16:30,2026-04-21 13:00,495000
CLR-0266,Manufacturer,1,2026-04-08 14:00,Yes,Yellow,No,2026-04-14 10:00,2026-04-15 19:00,135000
CLR-0267,Retailer,4,2026-04-08 13:00,No,Yellow,No,2026-04-18 16:00,2026-04-19 14:00,1440000
CLR-0268,Electronics,2,2026-04-09 18:00,Yes,Red,No,2026-04-18 10:00,2026-04-19 10:00,540000
CLR-0269,Manufacturer,2,2026-04-09 07:00,No,Yellow,No,2026-04-20 10:00,2026-04-21 14:00,810000
CLR-0270,Construction,2,2026-04-09 07:00,No,Green,No,2026-04-17 18:30,2026-04-19 13:00,540000
CLR-0271,Manufacturer,3,2026-04-09 06:00,No,Red,No,2026-04-20 09:00,2026-04-21 15:00,1215000
CLR-0272,Manufacturer,4,2026-04-10 11:00,No,Yellow,No,2026-04-20 09:00,2026-04-21 09:00,1260000
CLR-0273,Manufacturer,1,2026-04-10 11:00,Yes,Green,No,2026-04-16 11:30,2026-04-17 05:30,180000
CLR-0274,Manufacturer,1,2026-04-10 16:00,Yes,Red,No,2026-04-16 13:30,2026-04-17 17:30,135000
CLR-0275,Retailer,1,2026-04-11 20:00,No,Green,No,2026-04-20 10:00,2026-04-21 07:00,270000
CLR-0276,Pharmaceutical,1,2026-04-11 14:00,Yes,Yellow,No,2026-04-20 10:00,2026-04-21 17:00,270000
CLR-0277,Manufacturer,2,2026-04-13 06:00,Yes,Red,No,2026-04-20 11:00,2026-04-20 21:00,450000
CLR-0278,Electronics,4,2026-04-14 16:00,Yes,Yellow,No,2026-04-20 10:30,2026-04-21 14:30,540000
CLR-0279,Electronics,1,2026-04-15 13:00,No,Yellow,No,2026-04-25 10:00,2026-04-26 03:00,315000
CLR-0280,Manufacturer,2,2026-04-15 07:00,No,Green,No,2026-04-25 11:00,2026-04-26 05:00,720000
CLR-0281,Manufacturer,1,2026-04-16 12:00,Yes,Red,No,2026-04-24 14:30,2026-04-26 06:00,270000
CLR-0282,Retailer,2,2026-04-16 09:00,Yes,Red,No,2026-04-26 11:00,2026-04-27 15:00,720000
CLR-0283,Retailer,1,2026-04-16 14:00,No,Yellow,No,2026-04-28 10:00,2026-04-29 06:00,405000
CLR-0284,Retailer,2,2026-04-16 07:00,No,Red,No,2026-04-28 10:00,2026-04-29 11:00,900000
CLR-0285,Manufacturer,2,2026-04-16 07:00,Yes,Red,No,2026-04-25 10:00,2026-04-25 21:00,630000
CLR-0286,Construction,3,2026-04-17 17:00,Yes,Red,No,2026-04-26 11:00,2026-04-27 10:00,810000
CLR-0287,Manufacturer,2,2026-04-17 18:00,Yes,Green,No,2026-04-22 09:30,2026-04-23 17:30,180000
CLR-0288,Construction,1,2026-04-17 05:00,Yes,Green,No,2026-04-23 11:00,2026-04-23 19:00,180000
CLR-0289,Retailer,3,2026-04-17 19:00,Yes,Red,No,2026-04-24 09:00,2026-04-25 05:00,540000
CLR-0290,Retailer,1,2026-04-18 11:00,Yes,Green,No,2026-04-26 14:30,2026-04-28 14:00,270000
CLR-0291,Retailer,1,2026-04-18 19:00,Yes,Red,No,2026-04-27 16:00,2026-04-28 15:00,270000
CLR-0292,Retailer,4,2026-04-18 18:00,Yes,Yellow,No,2026-04-25 09:00,2026-04-26 09:00,720000
CLR-0293,Retailer,1,2026-04-19 19:00,Yes,Yellow,No,2026-04-28 18:30,2026-04-29 21:00,270000
CLR-0294,Manufacturer,1,2026-04-19 07:00,No,Red,No,2026-04-30 16:00,2026-05-01 15:00,405000
CLR-0295,Retailer,1,2026-04-20 12:00,Yes,Red,No,2026-04-29 11:00,2026-04-30 00:00,270000
CLR-0296,Electronics,4,2026-04-20 18:00,Yes,Red,No,2026-04-29 13:00,2026-05-01 11:00,1080000
CLR-0297,Retailer,1,2026-04-21 12:00,Yes,Green,No,2026-04-28 11:30,2026-04-28 21:30,180000
CLR-0298,Manufacturer,1,2026-04-22 12:00,Yes,Green,No,2026-04-28 10:00,2026-04-29 07:00,135000
CLR-0299,Electronics,2,2026-04-22 11:00,Yes,Red,No,2026-04-29 09:00,2026-04-30 08:00,360000
CLR-0300,Electronics,1,2026-04-22 15:00,No,Yellow,No,2026-05-04 09:00,2026-05-05 08:00,405000
CLR-0301,Electronics,4,2026-04-22 19:00,Yes,Red,No,2026-04-30 10:00,2026-04-30 22:00,900000
CLR-0302,Manufacturer,3,2026-04-23 12:00,No,Red,No,2026-05-05 15:30,2026-05-06 06:30,1350000
CLR-0303,Manufacturer,1,2026-04-23 12:00,No,Green,No,2026-05-05 17:30,2026-05-07 14:00,450000
CLR-0304,Construction,1,2026-04-23 11:00,Yes,Green,No,2026-04-29 14:30,2026-04-30 06:30,180000
CLR-0305,Manufacturer,3,2026-04-23 06:00,Yes,Yellow,No,2026-04-30 09:00,2026-05-01 06:00,675000
CLR-0306,Retailer,1,2026-04-24 10:00,Yes,Yellow,No,2026-05-01 09:00,2026-05-01 19:00,180000
CLR-0307,Electronics,4,2026-04-24 17:00,Yes,Red,No,2026-05-04 10:00,2026-05-05 16:00,1260000
CLR-0308,Manufacturer,1,2026-04-24 10:00,No,Yellow,No,2026-05-10 10:00,2026-05-10 16:00,585000
CLR-0309,Electronics,4,2026-04-25 13:00,Yes,Red,No,2026-05-02 10:00,2026-05-03 01:00,720000
CLR-0310,Construction,2,2026-04-25 05:00,Yes,Red,No,2026-05-04 10:00,2026-05-05 16:00,630000
CLR-0311,Pharmaceutical,3,2026-04-25 19:00,No,Green,No,2026-05-10 09:30,2026-05-11 18:30,1620000
CLR-0312,Manufacturer,4,2026-04-26 19:00,Yes,Yellow,No,2026-05-06 09:00,2026-05-07 16:00,1260000
CLR-0313,Electronics,2,2026-04-26 12:00,Yes,Red,No,2026-05-03 10:00,2026-05-03 18:00,360000
CLR-0314,Manufacturer,2,2026-04-27 07:00,No,Yellow,No,2026-05-08 10:00,2026-05-09 04:00,810000
CLR-0315,Retailer,2,2026-04-27 09:00,Yes,Green,No,2026-05-03 11:00,2026-05-04 18:00,360000
CLR-0316,Electronics,2,2026-04-27 18:00,Yes,Yellow,No,2026-05-04 10:00,2026-05-05 02:00,360000
CLR-0317,Construction,1,2026-04-27 16:00,No,Green,No,2026-05-04 14:30,2026-05-06 00:00,180000
CLR-0318,Pharmaceutical,1,2026-04-28 16:00,Yes,Red,No,2026-05-06 15:30,2026-05-08 14:00,225000
CLR-0319,Construction,2,2026-04-28 19:00,Yes,Yellow,No,2026-05-04 17:30,2026-05-06 11:00,270000
CLR-0320,Pharmaceutical,3,2026-04-28 19:00,No,Red,No,2026-05-10 10:00,2026-05-11 06:00,1215000
CLR-0321,Manufacturer,2,2026-04-28 20:00,Yes,Green,No,2026-05-07 09:00,2026-05-08 15:00,540000
CLR-0322,Construction,2,2026-04-28 12:00,Yes,Yellow,No,2026-05-04 09:30,2026-05-05 18:30,270000
CLR-0323,Retailer,1,2026-04-29 18:00,Yes,Red,No,2026-05-09 17:00,2026-05-10 15:00,315000
CLR-0324,Retailer,3,2026-04-29 13:00,Yes,Red,No,2026-05-08 10:00,2026-05-09 10:00,810000
CLR-0325,Retailer,3,2026-04-29 20:00,No,Green,No,2026-05-08 10:00,2026-05-09 19:00,810000
CLR-0326,Construction,4,2026-04-30 16:00,Yes,Green,No,2026-05-06 11:00,2026-05-07 09:00,540000
CLR-0327,Electronics,1,2026-04-30 08:00,No,Yellow,No,2026-05-09 10:00,2026-05-09 22:00,315000
CLR-0328,Retailer,4,2026-05-01 06:00,Yes,Yellow,Yes,2026-05-06 10:00,2026-05-07 17:00,540000
CLR-0329,Electronics,1,2026-05-01 20:00,Yes,Red,Yes,2026-05-09 11:00,2026-05-10 14:00,225000
CLR-0330,Pharmaceutical,3,2026-05-02 19:00,No,Red,Yes,2026-05-12 10:00,2026-05-13 04:00,945000
CLR-0331,Manufacturer,2,2026-05-02 18:00,Yes,Yellow,Yes,2026-05-09 10:00,2026-05-10 15:00,360000
CLR-0332,Pharmaceutical,2,2026-05-02 05:00,No,Red,Yes,2026-05-10 10:00,2026-05-11 00:00,540000
CLR-0333,Retailer,1,2026-05-03 09:00,No,Yellow,Yes,2026-05-12 10:00,2026-05-13 01:00,315000
CLR-0334,Electronics,3,2026-05-03 18:00,Yes,Yellow,Yes,2026-05-10 10:00,2026-05-11 18:00,540000
CLR-0335,Retailer,2,2026-05-04 17:00,Yes,Green,Yes,2026-05-09 14:30,2026-05-10 22:00,180000
CLR-0336,Pharmaceutical,2,2026-05-05 15:00,No,Red,Yes,2026-05-13 10:00,2026-05-14 00:00,450000
CLR-0337,Retailer,1,2026-05-05 16:00,Yes,Green,Yes,2026-05-11 10:00,2026-05-12 09:00,135000
CLR-0338,Manufacturer,4,2026-05-05 14:00,Yes,Green,Yes,2026-05-10 11:00,2026-05-10 17:00,360000
CLR-0339,Construction,2,2026-05-05 18:00,Yes,Green,Yes,2026-05-10 11:30,2026-05-11 10:30,180000
CLR-0340,Electronics,4,2026-05-06 10:00,Yes,Red,Yes,2026-05-11 11:30,2026-05-12 04:30,540000
CLR-0341,Manufacturer,4,2026-05-06 11:00,Yes,Green,Yes,2026-05-11 11:00,2026-05-12 07:00,360000
CLR-0342,Retailer,1,2026-05-06 08:00,Yes,Yellow,Yes,2026-05-11 11:00,2026-05-12 06:00,135000
CLR-0343,Manufacturer,2,2026-05-06 20:00,Yes,Green,Yes,2026-05-11 09:00,2026-05-12 06:00,180000
CLR-0344,Retailer,4,2026-05-07 12:00,No,Green,Yes,2026-05-14 18:30,2026-05-16 03:00,900000
CLR-0345,Pharmaceutical,1,2026-05-07 19:00,Yes,Green,Yes,2026-05-12 10:00,2026-05-13 08:00,90000
CLR-0346,Electronics,3,2026-05-07 07:00,Yes,Yellow,Yes,2026-05-13 11:00,2026-05-14 20:00,540000
CLR-0347,Electronics,1,2026-05-07 13:00,Yes,Green,Yes,2026-05-12 17:30,2026-05-14 06:00,135000
CLR-0348,Retailer,1,2026-05-08 18:00,Yes,Green,Yes,2026-05-13 10:00,2026-05-14 17:00,90000
CLR-0349,Manufacturer,2,2026-05-09 11:00,Yes,Red,Yes,2026-05-15 09:00,2026-05-16 11:00,270000
CLR-0350,Construction,1,2026-05-10 15:00,No,Red,Yes,2026-05-18 10:00,2026-05-19 01:00,225000
CLR-0351,Retailer,2,2026-05-11 15:00,No,Red,Yes,2026-05-17 14:30,2026-05-17 23:30,270000
CLR-0352,Pharmaceutical,2,2026-05-11 08:00,Yes,Red,Yes,2026-05-18 10:00,2026-05-18 21:00,450000
CLR-0353,Retailer,2,2026-05-11 14:00,Yes,Red,Yes,2026-05-18 10:00,2026-05-19 15:00,360000
CLR-0354,Manufacturer,1,2026-05-11 17:00,Yes,Green,Yes,2026-05-16 17:30,2026-05-17 15:00,135000
CLR-0355,Retailer,1,2026-05-11 09:00,Yes,Yellow,Yes,2026-05-17 09:00,2026-05-17 19:00,135000
CLR-0356,Construction,1,2026-05-12 12:00,Yes,Green,Yes,2026-05-18 10:00,2026-05-19 11:00,135000
CLR-0357,Electronics,2,2026-05-12 15:00,Yes,Red,Yes,2026-05-18 11:00,2026-05-19 13:00,270000
CLR-0358,Pharmaceutical,1,2026-05-12 16:00,Yes,Yellow,Yes,2026-05-19 16:30,2026-05-21 06:00,225000
CLR-0359,Electronics,2,2026-05-13 09:00,Yes,Green,Yes,2026-05-18 10:30,2026-05-19 09:30,270000
CLR-0360,Retailer,4,2026-05-13 19:00,No,Green,Yes,2026-05-22 15:30,2026-05-23 07:30,1080000
CLR-0361,Construction,2,2026-05-13 16:00,No,Green,Yes,2026-05-19 10:00,2026-05-20 04:00,270000
CLR-0362,Retailer,3,2026-05-13 06:00,Yes,Green,Yes,2026-05-19 11:00,2026-05-21 00:00,540000
CLR-0363,Construction,2,2026-05-14 19:00,Yes,Green,Yes,2026-05-21 09:00,2026-05-22 03:00,360000
CLR-0364,Electronics,3,2026-05-14 16:00,Yes,Green,Yes,2026-05-20 09:00,2026-05-20 15:00,405000
CLR-0365,Retailer,4,2026-05-15 06:00,Yes,Red,Yes,2026-05-23 11:00,2026-05-24 11:00,1080000
CLR-0366,Manufacturer,1,2026-05-15 14:00,Yes,Green,Yes,2026-05-20 09:00,2026-05-21 12:00,90000
CLR-0367,Retailer,1,2026-05-16 12:00,No,Green,Yes,2026-05-23 10:00,2026-05-24 08:00,180000
CLR-0368,Retailer,2,2026-05-17 08:00,Yes,Green,Yes,2026-05-22 11:00,2026-05-23 05:00,270000
CLR-0369,Pharmaceutical,4,2026-05-17 06:00,Yes,Red,Yes,2026-05-22 11:00,2026-05-23 18:00,540000
CLR-0370,Construction,2,2026-05-18 10:00,Yes,Yellow,Yes,2026-05-25 10:00,2026-05-26 11:00,360000
CLR-0371,Manufacturer,1,2026-05-19 17:00,Yes,Green,Yes,2026-05-25 12:30,2026-05-26 05:30,135000
CLR-0372,Retailer,2,2026-05-19 13:00,No,Red,Yes,2026-05-30 15:00,2026-05-31 14:00,810000
CLR-0373,Pharmaceutical,2,2026-05-19 09:00,Yes,Red,Yes,2026-05-26 09:00,2026-05-27 10:00,360000
CLR-0374,Manufacturer,1,2026-05-19 19:00,Yes,Red,Yes,2026-05-24 10:30,2026-05-25 16:30,90000
CLR-0375,Construction,1,2026-05-20 09:00,Yes,Red,Yes,2026-05-25 09:30,2026-05-26 17:30,135000
CLR-0376,Manufacturer,2,2026-05-21 11:00,Yes,Yellow,Yes,2026-05-27 10:00,2026-05-27 21:00,270000
CLR-0377,Retailer,1,2026-05-21 14:00,Yes,Green,Yes,2026-05-27 10:00,2026-05-28 02:00,135000
CLR-0378,Manufacturer,2,2026-05-22 19:00,Yes,Green,Yes,2026-05-27 11:30,2026-05-28 18:30,180000
CLR-0379,Manufacturer,1,2026-05-22 14:00,Yes,Green,Yes,2026-05-26 10:00,2026-05-26 20:00,45000
CLR-0380,Retailer,3,2026-05-22 12:00,Yes,Red,Yes,2026-05-28 11:00,2026-05-29 00:00,405000
CLR-0381,Pharmaceutical,1,2026-05-23 10:00,Yes,Red,Yes,2026-05-29 10:00,2026-05-30 08:00,135000
CLR-0382,Retailer,1,2026-05-23 19:00,Yes,Red,Yes,2026-05-31 10:00,2026-06-01 13:00,225000
CLR-0383,Manufacturer,1,2026-05-23 08:00,No,Green,Yes,2026-05-29 18:30,2026-05-30 21:00,180000
CLR-0384,Retailer,2,2026-05-23 19:00,Yes,Red,Yes,2026-05-31 17:00,2026-06-02 08:00,450000
CLR-0385,Manufacturer,1,2026-05-23 14:00,Yes,Green,Yes,2026-05-28 10:00,2026-05-29 02:00,90000
CLR-0386,Electronics,1,2026-05-24 19:00,Yes,Green,Yes,2026-05-30 15:30,2026-05-31 14:00,135000
CLR-0387,Electronics,1,2026-05-25 16:00,Yes,Red,Yes,2026-06-03 11:00,2026-06-04 12:00,270000
CLR-0388,Retailer,4,2026-05-25 19:00,Yes,Red,Yes,2026-06-02 09:00,2026-06-03 07:00,900000
CLR-0389,Pharmaceutical,1,2026-05-25 08:00,No,Red,Yes,2026-06-04 10:00,2026-06-04 21:00,360000
CLR-0390,Construction,1,2026-05-26 10:00,Yes,Red,Yes,2026-06-01 15:30,2026-06-02 22:00,180000
CLR-0391,Electronics,3,2026-05-27 12:00,Yes,Yellow,Yes,2026-06-03 11:00,2026-06-03 19:00,540000
CLR-0392,Manufacturer,1,2026-05-27 15:00,Yes,Green,Yes,2026-06-02 10:00,2026-06-03 16:00,135000
CLR-0393,Electronics,1,2026-05-27 08:00,No,Green,Yes,2026-06-04 15:00,2026-06-05 06:00,270000
CLR-0394,Manufacturer,3,2026-05-28 08:00,Yes,Red,Yes,2026-06-03 11:00,2026-06-04 18:00,540000
CLR-0395,Pharmaceutical,2,2026-05-29 11:00,Yes,Red,Yes,2026-06-04 16:30,2026-06-05 20:00,360000
CLR-0396,Pharmaceutical,1,2026-05-29 05:00,Yes,Red,Yes,2026-06-04 14:30,2026-06-06 09:00,180000
CLR-0397,Electronics,4,2026-05-29 14:00,Yes,Yellow,Yes,2026-06-05 10:00,2026-06-06 12:00,720000
CLR-0398,Manufacturer,1,2026-05-29 18:00,Yes,Red,Yes,2026-06-05 10:00,2026-06-06 17:00,180000
CLR-0399,Manufacturer,3,2026-05-30 19:00,Yes,Yellow,Yes,2026-06-05 09:30,2026-06-06 01:30,405000
CLR-0400,Construction,3,2026-05-30 13:00,Yes,Yellow,Yes,2026-06-05 14:00,2026-06-07 03:00,540000
CLR-0401,Retailer,4,2026-05-30 14:00,Yes,Red,Yes,2026-06-06 10:00,2026-06-06 21:00,720000
CLR-0402,Electronics,2,2026-05-31 05:00,Yes,Red,Yes,2026-06-07 10:00,2026-06-07 20:00,450000
CLR-0403,Pharmaceutical,2,2026-06-01 12:00,No,Green,Yes,2026-06-09 15:30,2026-06-11 03:00,540000
CLR-0404,Electronics,4,2026-06-01 06:00,Yes,Green,Yes,2026-06-06 12:30,2026-06-07 08:30,540000
CLR-0405,Retailer,1,2026-06-01 19:00,No,Red,Yes,2026-06-10 09:00,2026-06-11 14:00,270000
CLR-0406,Manufacturer,3,2026-06-01 10:00,No,Yellow,Yes,2026-06-09 09:00,2026-06-09 23:00,675000
CLR-0407,Manufacturer,1,2026-06-01 17:00,Yes,Yellow,Yes,2026-06-07 09:00,2026-06-07 20:00,135000
CLR-0408,Pharmaceutical,3,2026-06-02 05:00,No,Green,Yes,2026-06-07 09:00,2026-06-08 15:00,405000
CLR-0409,Manufacturer,4,2026-06-02 07:00,Yes,Green,Yes,2026-06-07 11:30,2026-06-08 07:30,540000
CLR-0410,Retailer,1,2026-06-02 20:00,Yes,Red,Yes,2026-06-09 16:00,2026-06-10 22:00,180000
CLR-0411,Retailer,1,2026-06-02 17:00,Yes,Red,Yes,2026-06-09 17:00,2026-06-11 00:00,180000
CLR-0412,Construction,1,2026-06-03 05:00,Yes,Green,Yes,2026-06-09 11:00,2026-06-09 20:00,180000
CLR-0413,Electronics,1,2026-06-03 19:00,Yes,Yellow,Yes,2026-06-11 10:00,2026-06-12 12:00,225000
CLR-0414,Manufacturer,1,2026-06-04 07:00,Yes,Green,Yes,2026-06-08 14:30,2026-06-09 18:30,90000
CLR-0415,Electronics,3,2026-06-04 05:00,Yes,Green,Yes,2026-06-09 10:00,2026-06-09 23:00,405000
CLR-0416,Electronics,3,2026-06-04 14:00,Yes,Green,Yes,2026-06-09 10:00,2026-06-10 00:00,270000
CLR-0417,Retailer,2,2026-06-04 05:00,Yes,Red,Yes,2026-06-12 09:00,2026-06-13 03:00,540000
CLR-0418,Manufacturer,1,2026-06-04 08:00,Yes,Red,Yes,2026-06-11 10:30,2026-06-12 10:30,225000
CLR-0419,Manufacturer,2,2026-06-05 11:00,Yes,Yellow,Yes,2026-06-11 10:00,2026-06-11 22:00,270000
CLR-0420,Pharmaceutical,1,2026-06-05 17:00,No,Red,Yes,2026-06-12 11:00,2026-06-12 19:00,180000
CLR-0421,Retailer,2,2026-06-06 05:00,Yes,Red,Yes,2026-06-12 14:00,2026-06-13 05:00,360000
CLR-0422,Pharmaceutical,2,2026-06-06 12:00,Yes,Red,Yes,2026-06-11 11:00,2026-06-12 20:00,180000
CLR-0423,Construction,2,2026-06-07 17:00,Yes,Red,Yes,2026-06-15 11:00,2026-06-15 17:00,450000
CLR-0424,Electronics,1,2026-06-07 10:00,Yes,Green,Yes,2026-06-11 10:00,2026-06-12 01:00,45000
CLR-0425,Retailer,2,2026-06-07 07:00,Yes,Red,Yes,2026-06-16 10:00,2026-06-16 17:00,630000
CLR-0426,Construction,2,2026-06-07 17:00,Yes,Red,Yes,2026-06-17 11:00,2026-06-18 16:00,630000
CLR-0427,Pharmaceutical,1,2026-06-08 14:00,Yes,Red,Yes,2026-06-16 10:00,2026-06-16 22:00,225000
CLR-0428,Manufacturer,3,2026-06-08 20:00,Yes,Green,Yes,2026-06-14 14:30,2026-06-15 03:30,405000
CLR-0429,Construction,1,2026-06-09 11:00,Yes,Red,Yes,2026-06-16 10:00,2026-06-16 22:00,180000
CLR-0430,Construction,2,2026-06-09 18:00,Yes,Green,Yes,2026-06-14 09:00,2026-06-15 12:00,180000
CLR-0431,Construction,1,2026-06-09 14:00,Yes,Green,Yes,2026-06-15 09:30,2026-06-15 15:30,135000
CLR-0432,Construction,1,2026-06-09 16:00,Yes,Green,Yes,2026-06-15 17:30,2026-06-17 09:00,180000
CLR-0433,Retailer,1,2026-06-09 15:00,Yes,Red,Yes,2026-06-16 18:30,2026-06-18 12:00,225000
CLR-0434,Electronics,1,2026-06-10 16:00,Yes,Green,Yes,2026-06-16 15:30,2026-06-18 07:00,135000
CLR-0435,Retailer,2,2026-06-11 20:00,Yes,Red,Yes,2026-06-19 11:00,2026-06-20 12:00,450000
CLR-0436,Electronics,1,2026-06-11 19:00,No,Red,Yes,2026-06-18 10:00,2026-06-19 06:00,180000
CLR-0437,Manufacturer,1,2026-06-11 06:00,Yes,Green,Yes,2026-06-16 10:30,2026-06-17 05:30,135000
CLR-0438,Retailer,1,2026-06-12 11:00,Yes,Green,Yes,2026-06-16 10:00,2026-06-17 04:00,45000
CLR-0439,Electronics,2,2026-06-12 09:00,Yes,Green,Yes,2026-06-19 09:00,2026-06-20 06:00,360000
CLR-0440,Manufacturer,1,2026-06-13 10:00,Yes,Yellow,Yes,2026-06-20 11:00,2026-06-21 13:00,225000
CLR-0441,Retailer,3,2026-06-13 15:00,Yes,Green,Yes,2026-06-18 09:00,2026-06-18 23:00,270000
CLR-0442,Manufacturer,1,2026-06-13 06:00,Yes,Red,Yes,2026-06-21 13:00,2026-06-22 17:00,270000
CLR-0443,Retailer,4,2026-06-15 09:00,Yes,Yellow,Yes,2026-06-22 10:00,2026-06-23 15:00,900000
CLR-0444,Construction,2,2026-06-15 13:00,Yes,Red,Yes,2026-06-21 12:30,2026-06-22 04:30,270000
CLR-0445,Retailer,3,2026-06-15 07:00,Yes,Green,Yes,2026-06-21 09:00,2026-06-22 06:00,540000
CLR-0446,Electronics,1,2026-06-16 09:00,No,Red,Yes,2026-06-24 12:30,2026-06-25 15:00,270000
CLR-0447,Electronics,1,2026-06-16 10:00,Yes,Green,Yes,2026-06-21 15:30,2026-06-23 06:00,135000
CLR-0448,Manufacturer,3,2026-06-16 16:00,Yes,Yellow,Yes,2026-06-22 10:00,2026-06-23 02:00,405000
CLR-0449,Electronics,2,2026-06-16 20:00,Yes,Red,Yes,2026-06-24 09:30,2026-06-24 21:30,450000
CLR-0450,Manufacturer,4,2026-06-16 13:00,Yes,Red,Yes,2026-06-24 13:00,2026-06-25 04:00,900000
CLR-0451,Retailer,1,2026-06-17 16:00,Yes,Red,Yes,2026-06-24 10:00,2026-06-25 11:00,180000
CLR-0452,Retailer,3,2026-06-18 16:00,No,Red,Yes,2026-06-29 09:00,2026-06-29 23:00,1080000
CLR-0453,Manufacturer,3,2026-06-18 11:00,Yes,Green,Yes,2026-06-24 09:00,2026-06-25 11:00,405000
CLR-0454,Manufacturer,4,2026-06-18 09:00,Yes,Red,Yes,2026-06-25 12:00,2026-06-26 09:00,900000
CLR-0455,Retailer,1,2026-06-19 19:00,Yes,Red,Yes,2026-06-26 10:00,2026-06-26 20:00,180000
CLR-0456,Retailer,2,2026-06-19 19:00,Yes,Yellow,Yes,2026-06-24 10:00,2026-06-24 23:00,180000
CLR-0457,Pharmaceutical,3,2026-06-20 07:00,Yes,Green,Yes,2026-06-25 11:00,2026-06-25 20:00,405000
CLR-0458,Retailer,3,2026-06-20 06:00,Yes,Green,Yes,2026-06-25 09:00,2026-06-26 08:00,405000
CLR-0459,Construction,1,2026-06-20 13:00,Yes,Green,Yes,2026-06-24 10:00,2026-06-25 04:00,45000
CLR-0460,Manufacturer,1,2026-06-21 08:00,Yes,Red,Yes,2026-06-27 11:00,2026-06-27 20:00,180000
CLR-0461,Retailer,3,2026-06-21 06:00,Yes,Yellow,Yes,2026-06-28 15:00,2026-06-30 06:00,675000
CLR-0462,Manufacturer,1,2026-06-22 07:00,Yes,Green,Yes,2026-06-26 09:30,2026-06-27 19:30,90000
CLR-0463,Construction,1,2026-06-22 19:00,Yes,Red,Yes,2026-06-28 11:00,2026-06-29 11:00,135000
CLR-0464,Construction,4,2026-06-23 09:00,Yes,Green,Yes,2026-06-29 11:30,2026-07-01 00:00,720000
CLR-0465,Construction,1,2026-06-23 05:00,Yes,Red,Yes,2026-06-30 11:00,2026-06-30 23:00,225000
CLR-0466,Manufacturer,4,2026-06-23 19:00,Yes,Green,Yes,2026-06-29 10:00,2026-06-30 08:00,540000
CLR-0467,Construction,2,2026-06-24 20:00,Yes,Red,Yes,2026-07-01 09:00,2026-07-02 18:00,360000
CLR-0468,Construction,1,2026-06-24 07:00,Yes,Green,Yes,2026-06-29 17:30,2026-07-01 03:00,135000
CLR-0469,Pharmaceutical,2,2026-06-24 13:00,Yes,Red,Yes,2026-07-01 09:00,2026-07-02 03:00,360000
CLR-0470,Electronics,1,2026-06-25 13:00,Yes,Red,Yes,2026-07-02 10:00,2026-07-02 18:00,180000
CLR-0471,Manufacturer,3,2026-06-25 08:00,Yes,Yellow,Yes,2026-07-01 09:00,2026-07-02 12:00,540000
CLR-0472,Manufacturer,2,2026-06-25 19:00,Yes,Yellow,Yes,2026-07-02 10:00,2026-07-02 22:00,360000
CLR-0473,Retailer,1,2026-06-25 19:00,Yes,Red,Yes,2026-07-03 09:00,2026-07-04 00:00,225000
CLR-0474,Construction,1,2026-06-25 13:00,Yes,Yellow,Yes,2026-06-30 10:00,2026-07-01 14:00,90000
CLR-0475,Construction,1,2026-06-26 11:00,Yes,Yellow,Yes,2026-07-03 10:00,2026-07-03 22:00,180000
CLR-0476,Manufacturer,2,2026-06-26 12:00,Yes,Red,Yes,2026-07-03 12:00,2026-07-04 05:00,360000
CLR-0477,Manufacturer,1,2026-06-26 06:00,Yes,Green,Yes,2026-06-30 11:00,2026-06-30 23:00,90000
