alert_id,alert_name,fired_at,actionable,minutes_to_acknowledge
A-0006,Heartbeat missed: order-worker,2026-06-01 02:05,0,15
A-0007,Payment gateway error rate above 2%,2026-06-01 08:26,0,9
A-0001,CPU above 70% on any instance,2026-06-01 09:52,0,96
A-0003,CPU above 70% on any instance,2026-06-01 10:16,0,41
A-0005,CPU above 70% on any instance,2026-06-01 15:19,0,16
A-0002,CPU above 70% on any instance,2026-06-01 15:28,0,14
A-0004,CPU above 70% on any instance,2026-06-01 17:43,0,53
A-0012,CPU above 70% on any instance,2026-06-02 00:11,0,25
A-0009,CPU above 70% on any instance,2026-06-02 07:12,0,14
A-0010,CPU above 70% on any instance,2026-06-02 10:07,0,126
A-0014,Payment gateway error rate above 2%,2026-06-02 12:49,1,6
A-0013,Heartbeat missed: order-worker,2026-06-02 14:26,0,13
A-0011,CPU above 70% on any instance,2026-06-02 16:28,0,29
A-0008,CPU above 70% on any instance,2026-06-02 21:19,0,25
A-0018,CPU above 70% on any instance,2026-06-03 03:14,0,44
A-0019,CPU above 70% on any instance,2026-06-03 06:40,0,48
A-0016,CPU above 70% on any instance,2026-06-03 06:43,0,32
A-0020,Heartbeat missed: order-worker,2026-06-03 14:46,0,12
A-0015,CPU above 70% on any instance,2026-06-03 20:20,0,24
A-0017,CPU above 70% on any instance,2026-06-03 20:44,0,21
A-0025,CPU above 70% on any instance,2026-06-04 02:05,0,51
A-0023,CPU above 70% on any instance,2026-06-04 06:43,0,33
A-0024,CPU above 70% on any instance,2026-06-04 08:24,0,15
A-0022,CPU above 70% on any instance,2026-06-04 10:35,0,59
A-0028,Payment gateway error rate above 2%,2026-06-04 16:17,0,25
A-0027,Heartbeat missed: order-worker,2026-06-04 17:18,0,45
A-0026,Heartbeat missed: order-worker,2026-06-04 17:25,0,45
A-0021,CPU above 70% on any instance,2026-06-04 21:57,1,7
A-0034,Heartbeat missed: order-worker,2026-06-05 03:38,0,2
A-0030,CPU above 70% on any instance,2026-06-05 10:18,0,27
A-0032,CPU above 70% on any instance,2026-06-05 12:32,0,31
A-0031,CPU above 70% on any instance,2026-06-05 16:14,0,45
A-0033,CPU above 70% on any instance,2026-06-05 18:32,0,53
A-0035,Payment gateway error rate above 2%,2026-06-05 20:50,0,38
A-0029,CPU above 70% on any instance,2026-06-05 23:27,0,31
A-0042,Payment gateway error rate above 2%,2026-06-06 00:40,0,14
A-0038,CPU above 70% on any instance,2026-06-06 02:55,0,18
A-0040,CPU above 70% on any instance,2026-06-06 03:09,0,20
A-0036,CPU above 70% on any instance,2026-06-06 08:25,0,59
A-0041,Heartbeat missed: order-worker,2026-06-06 11:37,0,12
A-0039,CPU above 70% on any instance,2026-06-06 20:17,0,29
A-0037,CPU above 70% on any instance,2026-06-06 21:42,0,15
A-0048,Heartbeat missed: order-worker,2026-06-07 00:39,0,58
A-0049,Heartbeat missed: order-worker,2026-06-07 08:27,1,6
A-0045,CPU above 70% on any instance,2026-06-07 08:31,1,5
A-0044,CPU above 70% on any instance,2026-06-07 10:28,0,11
A-0047,CPU above 70% on any instance,2026-06-07 16:38,0,21
A-0043,CPU above 70% on any instance,2026-06-07 18:54,0,32
A-0046,CPU above 70% on any instance,2026-06-07 21:08,0,179
A-0051,CPU above 70% on any instance,2026-06-08 02:25,0,27
A-0053,CPU above 70% on any instance,2026-06-08 07:22,0,41
A-0050,CPU above 70% on any instance,2026-06-08 08:06,0,37
A-0052,CPU above 70% on any instance,2026-06-08 10:35,0,15
A-0055,Heartbeat missed: order-worker,2026-06-08 18:58,0,14
A-0054,CPU above 70% on any instance,2026-06-08 20:46,0,6
A-0062,Heartbeat missed: order-worker,2026-06-09 00:52,0,27
A-0059,CPU above 70% on any instance,2026-06-09 01:48,0,21
A-0057,CPU above 70% on any instance,2026-06-09 02:22,0,20
A-0056,CPU above 70% on any instance,2026-06-09 04:02,0,22
A-0058,CPU above 70% on any instance,2026-06-09 05:44,0,35
A-0064,Checkout p95 latency above 2s,2026-06-09 15:07,1,4
A-0063,Payment gateway error rate above 2%,2026-06-09 19:36,0,32
A-0061,Heartbeat missed: order-worker,2026-06-09 20:07,0,28
A-0060,CPU above 70% on any instance,2026-06-09 20:09,0,14
A-0070,Heartbeat missed: order-worker,2026-06-10 01:19,0,14
A-0067,CPU above 70% on any instance,2026-06-10 01:46,0,19
A-0065,CPU above 70% on any instance,2026-06-10 08:42,0,50
A-0068,CPU above 70% on any instance,2026-06-10 08:57,0,60
A-0066,CPU above 70% on any instance,2026-06-10 18:00,0,45
A-0071,Payment gateway error rate above 2%,2026-06-10 20:30,0,8
A-0069,CPU above 70% on any instance,2026-06-10 21:45,0,37
A-0076,CPU above 70% on any instance,2026-06-11 01:12,1,3
A-0075,CPU above 70% on any instance,2026-06-11 07:46,0,17
A-0073,CPU above 70% on any instance,2026-06-11 11:13,0,56
A-0074,CPU above 70% on any instance,2026-06-11 12:20,0,30
A-0072,CPU above 70% on any instance,2026-06-11 15:40,0,39
A-0077,Heartbeat missed: order-worker,2026-06-11 20:20,0,22
A-0078,Payment gateway error rate above 2%,2026-06-11 21:45,0,11
A-0083,CPU above 70% on any instance,2026-06-12 02:48,0,17
A-0081,CPU above 70% on any instance,2026-06-12 03:31,0,16
A-0080,CPU above 70% on any instance,2026-06-12 06:26,0,19
A-0079,CPU above 70% on any instance,2026-06-12 12:07,0,38
A-0085,Database connections above 90%,2026-06-12 18:52,1,13
A-0082,CPU above 70% on any instance,2026-06-12 21:57,0,7
A-0084,Heartbeat missed: order-worker,2026-06-12 23:17,0,13
A-0091,Heartbeat missed: order-worker,2026-06-13 01:53,0,15
A-0089,CPU above 70% on any instance,2026-06-13 03:07,0,36
A-0090,CPU above 70% on any instance,2026-06-13 06:57,0,48
A-0088,CPU above 70% on any instance,2026-06-13 10:07,0,86
A-0087,CPU above 70% on any instance,2026-06-13 12:58,0,114
A-0086,CPU above 70% on any instance,2026-06-13 16:52,0,32
A-0093,CPU above 70% on any instance,2026-06-14 00:27,0,24
A-0095,CPU above 70% on any instance,2026-06-14 02:33,0,14
A-0092,CPU above 70% on any instance,2026-06-14 05:23,0,29
A-0096,CPU above 70% on any instance,2026-06-14 15:59,0,12
A-0097,Heartbeat missed: order-worker,2026-06-14 17:58,0,27
A-0094,CPU above 70% on any instance,2026-06-14 18:33,0,28
A-0104,Heartbeat missed: order-worker,2026-06-15 02:43,0,58
A-0100,CPU above 70% on any instance,2026-06-15 08:36,0,7
A-0103,Disk above 80% on bastion,2026-06-15 11:39,0,29
A-0098,CPU above 70% on any instance,2026-06-15 12:18,0,17
A-0102,CPU above 70% on any instance,2026-06-15 16:25,0,72
A-0101,CPU above 70% on any instance,2026-06-15 21:28,0,18
A-0099,CPU above 70% on any instance,2026-06-15 23:54,1,5
A-0109,CPU above 70% on any instance,2026-06-16 04:24,0,18
A-0108,CPU above 70% on any instance,2026-06-16 06:11,0,15
A-0110,Heartbeat missed: order-worker,2026-06-16 08:35,0,13
A-0105,CPU above 70% on any instance,2026-06-16 13:50,0,18
A-0106,CPU above 70% on any instance,2026-06-16 20:57,0,56
A-0111,Payment gateway error rate above 2%,2026-06-16 21:08,0,109
A-0107,CPU above 70% on any instance,2026-06-16 21:25,0,35
A-0118,Payment gateway error rate above 2%,2026-06-17 02:56,0,15
A-0116,CPU above 70% on any instance,2026-06-17 07:02,1,5
A-0112,CPU above 70% on any instance,2026-06-17 16:00,0,15
A-0115,CPU above 70% on any instance,2026-06-17 20:51,0,17
A-0114,CPU above 70% on any instance,2026-06-17 21:01,0,62
A-0117,Heartbeat missed: order-worker,2026-06-17 22:38,0,25
A-0113,CPU above 70% on any instance,2026-06-17 23:41,0,74
A-0119,CPU above 70% on any instance,2026-06-18 04:15,0,28
A-0123,CPU above 70% on any instance,2026-06-18 05:04,1,14
A-0124,Heartbeat missed: order-worker,2026-06-18 07:01,0,75
A-0121,CPU above 70% on any instance,2026-06-18 10:14,0,40
A-0122,CPU above 70% on any instance,2026-06-18 11:50,0,14
A-0120,CPU above 70% on any instance,2026-06-18 21:58,0,10
A-0127,CPU above 70% on any instance,2026-06-19 01:49,0,64
A-0125,CPU above 70% on any instance,2026-06-19 08:54,0,27
A-0126,CPU above 70% on any instance,2026-06-19 08:59,0,27
A-0130,Heartbeat missed: order-worker,2026-06-19 13:31,0,52
A-0128,CPU above 70% on any instance,2026-06-19 14:09,0,15
A-0129,CPU above 70% on any instance,2026-06-19 14:09,0,39
A-0131,CPU above 70% on any instance,2026-06-20 04:42,0,33
A-0133,CPU above 70% on any instance,2026-06-20 07:52,0,48
A-0135,CPU above 70% on any instance,2026-06-20 12:31,0,50
A-0132,CPU above 70% on any instance,2026-06-20 14:03,0,55
A-0137,Payment gateway error rate above 2%,2026-06-20 16:47,0,50
A-0136,Heartbeat missed: order-worker,2026-06-20 17:38,0,14
A-0134,CPU above 70% on any instance,2026-06-20 18:21,0,14
A-0141,CPU above 70% on any instance,2026-06-21 03:40,0,54
A-0138,CPU above 70% on any instance,2026-06-21 04:46,1,7
A-0144,Payment gateway error rate above 2%,2026-06-21 12:50,0,37
A-0142,CPU above 70% on any instance,2026-06-21 14:33,0,53
A-0140,CPU above 70% on any instance,2026-06-21 17:49,0,49
A-0139,CPU above 70% on any instance,2026-06-21 22:55,0,65
A-0143,Heartbeat missed: order-worker,2026-06-21 23:10,0,15
A-0145,CPU above 70% on any instance,2026-06-22 06:00,0,50
A-0151,Database connections above 90%,2026-06-22 10:32,1,12
A-0149,CPU above 70% on any instance,2026-06-22 11:09,0,11
A-0146,CPU above 70% on any instance,2026-06-22 11:39,0,80
A-0150,Heartbeat missed: order-worker,2026-06-22 12:20,1,15
A-0147,CPU above 70% on any instance,2026-06-22 16:24,0,12
A-0148,CPU above 70% on any instance,2026-06-22 18:37,0,18
A-0155,CPU above 70% on any instance,2026-06-23 00:11,0,40
A-0153,CPU above 70% on any instance,2026-06-23 02:56,0,23
A-0158,Heartbeat missed: order-worker,2026-06-23 09:51,0,43
A-0156,CPU above 70% on any instance,2026-06-23 11:45,0,27
A-0157,Heartbeat missed: order-worker,2026-06-23 14:43,0,17
A-0154,CPU above 70% on any instance,2026-06-23 20:10,0,17
A-0152,CPU above 70% on any instance,2026-06-23 23:55,0,54
A-0164,Heartbeat missed: order-worker,2026-06-24 00:34,0,24
A-0165,Heartbeat missed: order-worker,2026-06-24 03:13,0,24
A-0162,CPU above 70% on any instance,2026-06-24 03:56,1,3
A-0163,CPU above 70% on any instance,2026-06-24 04:31,0,13
A-0159,CPU above 70% on any instance,2026-06-24 09:18,0,66
A-0161,CPU above 70% on any instance,2026-06-24 11:20,0,12
A-0160,CPU above 70% on any instance,2026-06-24 19:50,0,24
A-0172,Heartbeat missed: order-worker,2026-06-25 01:51,0,16
A-0166,CPU above 70% on any instance,2026-06-25 06:45,1,6
A-0167,CPU above 70% on any instance,2026-06-25 07:41,0,31
A-0170,CPU above 70% on any instance,2026-06-25 10:46,0,60
A-0169,CPU above 70% on any instance,2026-06-25 11:04,0,52
A-0168,CPU above 70% on any instance,2026-06-25 16:13,0,17
A-0171,Disk above 80% on bastion,2026-06-25 18:53,0,8
A-0176,CPU above 70% on any instance,2026-06-26 02:25,0,28
A-0177,CPU above 70% on any instance,2026-06-26 03:00,1,4
A-0180,Checkout p95 latency above 2s,2026-06-26 07:04,0,4
A-0174,CPU above 70% on any instance,2026-06-26 16:55,0,6
A-0178,Heartbeat missed: order-worker,2026-06-26 16:57,0,32
A-0175,CPU above 70% on any instance,2026-06-26 17:30,0,21
A-0179,Heartbeat missed: order-worker,2026-06-26 19:56,0,17
A-0173,CPU above 70% on any instance,2026-06-26 23:03,0,59
A-0182,CPU above 70% on any instance,2026-06-27 03:01,0,8
A-0183,CPU above 70% on any instance,2026-06-27 10:11,0,13
A-0185,CPU above 70% on any instance,2026-06-27 11:15,0,15
A-0186,Heartbeat missed: order-worker,2026-06-27 12:17,0,16
A-0187,Heartbeat missed: order-worker,2026-06-27 13:30,0,83
A-0181,CPU above 70% on any instance,2026-06-27 18:52,0,11
A-0184,CPU above 70% on any instance,2026-06-27 19:59,0,20
A-0189,CPU above 70% on any instance,2026-06-28 05:56,0,55
A-0190,CPU above 70% on any instance,2026-06-28 10:09,0,32
A-0192,CPU above 70% on any instance,2026-06-28 12:06,0,44
A-0193,Heartbeat missed: order-worker,2026-06-28 14:13,0,25
A-0188,CPU above 70% on any instance,2026-06-28 15:31,0,54
A-0195,Payment gateway error rate above 2%,2026-06-28 15:48,0,18
A-0191,CPU above 70% on any instance,2026-06-28 21:18,0,12
A-0194,Heartbeat missed: order-worker,2026-06-28 21:41,0,28
A-0198,CPU above 70% on any instance,2026-06-29 02:17,0,24
A-0199,CPU above 70% on any instance,2026-06-29 03:25,0,26
A-0200,CPU above 70% on any instance,2026-06-29 08:31,0,41
A-0196,CPU above 70% on any instance,2026-06-29 14:41,0,12
A-0201,Disk above 80% on bastion,2026-06-29 16:35,0,22
A-0202,Heartbeat missed: order-worker,2026-06-29 21:08,0,19
A-0197,CPU above 70% on any instance,2026-06-29 22:55,0,23
A-0208,Heartbeat missed: order-worker,2026-06-30 03:05,0,77
A-0209,Heartbeat missed: order-worker,2026-06-30 04:53,1,5
A-0210,Payment gateway error rate above 2%,2026-06-30 05:32,0,19
A-0204,CPU above 70% on any instance,2026-06-30 07:58,0,16
A-0205,CPU above 70% on any instance,2026-06-30 08:05,0,59
A-0203,CPU above 70% on any instance,2026-06-30 14:24,0,21
A-0207,CPU above 70% on any instance,2026-06-30 16:54,0,42
A-0206,CPU above 70% on any instance,2026-06-30 23:18,0,38
A-0212,CPU above 70% on any instance,2026-07-01 01:35,0,5
A-0217,Heartbeat missed: order-worker,2026-07-01 06:30,0,48
A-0211,CPU above 70% on any instance,2026-07-01 10:41,0,38
A-0214,CPU above 70% on any instance,2026-07-01 14:22,0,22
A-0215,CPU above 70% on any instance,2026-07-01 22:38,0,21
A-0213,CPU above 70% on any instance,2026-07-01 23:00,0,24
A-0216,Disk above 80% on bastion,2026-07-01 23:59,0,11
A-0218,CPU above 70% on any instance,2026-07-02 02:14,0,58
A-0222,CPU above 70% on any instance,2026-07-02 12:29,0,12
A-0219,CPU above 70% on any instance,2026-07-02 13:44,0,16
A-0223,Heartbeat missed: order-worker,2026-07-02 15:23,0,8
A-0221,CPU above 70% on any instance,2026-07-02 15:59,0,35
A-0220,CPU above 70% on any instance,2026-07-02 19:00,1,19
A-0224,Payment gateway error rate above 2%,2026-07-02 19:21,0,47
A-0231,Heartbeat missed: order-worker,2026-07-03 02:11,0,96
A-0230,Disk above 80% on bastion,2026-07-03 03:54,0,36
A-0233,Payment gateway error rate above 2%,2026-07-03 07:41,0,39
A-0228,CPU above 70% on any instance,2026-07-03 09:12,0,46
A-0227,CPU above 70% on any instance,2026-07-03 10:38,0,30
A-0229,CPU above 70% on any instance,2026-07-03 10:51,0,15
A-0226,CPU above 70% on any instance,2026-07-03 11:06,0,4
A-0225,CPU above 70% on any instance,2026-07-03 15:32,0,8
A-0232,Heartbeat missed: order-worker,2026-07-03 20:27,0,35
A-0240,Payment gateway error rate above 2%,2026-07-04 02:59,1,6
A-0236,CPU above 70% on any instance,2026-07-04 08:35,0,13
A-0241,Checkout p95 latency above 2s,2026-07-04 08:52,1,11
A-0239,Heartbeat missed: order-worker,2026-07-04 10:07,0,21
A-0238,CPU above 70% on any instance,2026-07-04 10:14,0,22
A-0234,CPU above 70% on any instance,2026-07-04 14:30,0,7
A-0237,CPU above 70% on any instance,2026-07-04 16:33,0,34
A-0235,CPU above 70% on any instance,2026-07-04 21:17,0,15
A-0242,CPU above 70% on any instance,2026-07-05 03:40,0,59
A-0245,CPU above 70% on any instance,2026-07-05 11:12,0,26
A-0246,CPU above 70% on any instance,2026-07-05 12:03,0,37
A-0244,CPU above 70% on any instance,2026-07-05 15:29,0,12
A-0243,CPU above 70% on any instance,2026-07-05 16:12,0,31
A-0247,Heartbeat missed: order-worker,2026-07-05 20:40,0,45
A-0251,CPU above 70% on any instance,2026-07-06 02:56,1,9
A-0248,CPU above 70% on any instance,2026-07-06 03:02,0,17
A-0252,CPU above 70% on any instance,2026-07-06 04:35,0,44
A-0249,CPU above 70% on any instance,2026-07-06 08:22,0,52
A-0250,CPU above 70% on any instance,2026-07-06 09:18,0,26
A-0254,Payment gateway error rate above 2%,2026-07-06 19:03,1,11
A-0253,Heartbeat missed: order-worker,2026-07-06 19:26,0,9
A-0255,CPU above 70% on any instance,2026-07-07 00:58,0,85
A-0257,CPU above 70% on any instance,2026-07-07 01:54,0,42
A-0260,Heartbeat missed: order-worker,2026-07-07 05:51,0,72
A-0259,CPU above 70% on any instance,2026-07-07 05:53,0,33
A-0256,CPU above 70% on any instance,2026-07-07 08:08,0,44
A-0258,CPU above 70% on any instance,2026-07-07 14:56,0,82
A-0261,Payment gateway error rate above 2%,2026-07-07 21:51,0,42
A-0266,CPU above 70% on any instance,2026-07-08 03:40,0,20
A-0262,CPU above 70% on any instance,2026-07-08 09:53,0,42
A-0264,CPU above 70% on any instance,2026-07-08 14:35,0,13
A-0263,CPU above 70% on any instance,2026-07-08 16:12,0,19
A-0268,Heartbeat missed: order-worker,2026-07-08 19:18,0,23
A-0265,CPU above 70% on any instance,2026-07-08 21:33,0,54
A-0267,Heartbeat missed: order-worker,2026-07-08 23:46,0,11
A-0274,Heartbeat missed: order-worker,2026-07-09 02:29,0,32
A-0270,CPU above 70% on any instance,2026-07-09 08:29,0,46
A-0269,CPU above 70% on any instance,2026-07-09 09:46,0,56
A-0271,CPU above 70% on any instance,2026-07-09 11:42,0,23
A-0273,CPU above 70% on any instance,2026-07-09 15:54,0,31
A-0272,CPU above 70% on any instance,2026-07-09 22:47,0,21
A-0277,CPU above 70% on any instance,2026-07-10 06:57,0,21
A-0279,CPU above 70% on any instance,2026-07-10 12:22,0,6
A-0280,Heartbeat missed: order-worker,2026-07-10 13:26,0,33
A-0278,CPU above 70% on any instance,2026-07-10 16:04,0,16
A-0275,CPU above 70% on any instance,2026-07-10 17:39,0,33
A-0276,CPU above 70% on any instance,2026-07-10 18:01,0,10
A-0281,Payment gateway error rate above 2%,2026-07-10 21:46,1,3
A-0283,CPU above 70% on any instance,2026-07-11 00:14,0,52
A-0286,CPU above 70% on any instance,2026-07-11 01:36,0,63
A-0284,CPU above 70% on any instance,2026-07-11 04:09,0,68
A-0285,CPU above 70% on any instance,2026-07-11 04:10,0,10
A-0282,CPU above 70% on any instance,2026-07-11 06:35,0,23
A-0287,Heartbeat missed: order-worker,2026-07-11 18:07,0,89
A-0293,Heartbeat missed: order-worker,2026-07-12 02:38,0,80
A-0289,CPU above 70% on any instance,2026-07-12 05:41,0,29
A-0292,CPU above 70% on any instance,2026-07-12 09:58,0,15
A-0291,CPU above 70% on any instance,2026-07-12 14:25,0,85
A-0294,Payment gateway error rate above 2%,2026-07-12 15:42,0,24
A-0288,CPU above 70% on any instance,2026-07-12 18:11,0,30
A-0290,CPU above 70% on any instance,2026-07-12 21:13,0,35
A-0301,Heartbeat missed: order-worker,2026-07-13 00:16,0,10
A-0298,CPU above 70% on any instance,2026-07-13 02:47,0,22
A-0296,CPU above 70% on any instance,2026-07-13 03:10,0,17
A-0299,CPU above 70% on any instance,2026-07-13 08:04,0,33
A-0297,CPU above 70% on any instance,2026-07-13 09:44,0,79
A-0295,CPU above 70% on any instance,2026-07-13 19:40,0,31
A-0300,Disk above 80% on bastion,2026-07-13 20:40,0,17
A-0302,CPU above 70% on any instance,2026-07-14 00:47,0,62
A-0309,Payment gateway error rate above 2%,2026-07-14 10:19,1,14
A-0306,CPU above 70% on any instance,2026-07-14 17:41,0,46
A-0307,Heartbeat missed: order-worker,2026-07-14 18:10,0,56
A-0308,Heartbeat missed: order-worker,2026-07-14 19:52,0,5
A-0304,CPU above 70% on any instance,2026-07-14 19:58,0,20
A-0303,CPU above 70% on any instance,2026-07-14 21:56,0,30
A-0305,CPU above 70% on any instance,2026-07-14 23:16,0,46
A-0312,CPU above 70% on any instance,2026-07-15 03:22,0,65
A-0313,CPU above 70% on any instance,2026-07-15 08:59,0,15
A-0314,CPU above 70% on any instance,2026-07-15 12:36,0,8
A-0311,CPU above 70% on any instance,2026-07-15 16:50,0,30
A-0315,Heartbeat missed: order-worker,2026-07-15 17:19,0,60
A-0310,CPU above 70% on any instance,2026-07-15 23:13,0,27
A-0317,CPU above 70% on any instance,2026-07-16 00:15,1,10
A-0316,CPU above 70% on any instance,2026-07-16 02:43,0,16
A-0322,Payment gateway error rate above 2%,2026-07-16 04:12,1,31
A-0318,CPU above 70% on any instance,2026-07-16 17:03,0,39
A-0321,Heartbeat missed: order-worker,2026-07-16 18:58,0,21
A-0319,CPU above 70% on any instance,2026-07-16 20:04,0,19
A-0320,CPU above 70% on any instance,2026-07-16 20:38,0,16
A-0326,CPU above 70% on any instance,2026-07-17 02:28,1,4
A-0328,Heartbeat missed: order-worker,2026-07-17 02:59,0,21
A-0325,CPU above 70% on any instance,2026-07-17 04:03,0,39
A-0323,CPU above 70% on any instance,2026-07-17 15:53,0,28
A-0329,Heartbeat missed: order-worker,2026-07-17 17:10,0,19
A-0327,CPU above 70% on any instance,2026-07-17 20:30,0,16
A-0330,Payment gateway error rate above 2%,2026-07-17 21:37,0,27
A-0324,CPU above 70% on any instance,2026-07-17 21:46,0,23
A-0337,Heartbeat missed: order-worker,2026-07-18 01:36,0,9
A-0338,Payment gateway error rate above 2%,2026-07-18 14:23,1,5
A-0331,CPU above 70% on any instance,2026-07-18 14:41,0,79
A-0332,CPU above 70% on any instance,2026-07-18 16:31,0,34
A-0333,CPU above 70% on any instance,2026-07-18 21:17,0,12
A-0336,Heartbeat missed: order-worker,2026-07-18 22:10,0,9
A-0335,CPU above 70% on any instance,2026-07-18 22:41,0,8
A-0334,CPU above 70% on any instance,2026-07-18 23:04,0,29
A-0342,CPU above 70% on any instance,2026-07-19 09:52,0,16
A-0343,CPU above 70% on any instance,2026-07-19 11:43,0,11
A-0341,CPU above 70% on any instance,2026-07-19 14:53,0,22
A-0344,Heartbeat missed: order-worker,2026-07-19 15:17,0,21
A-0340,CPU above 70% on any instance,2026-07-19 15:30,0,52
A-0339,CPU above 70% on any instance,2026-07-19 17:00,0,15
A-0345,CPU above 70% on any instance,2026-07-20 02:07,0,26
A-0346,CPU above 70% on any instance,2026-07-20 05:51,0,24
A-0347,CPU above 70% on any instance,2026-07-20 08:40,0,31
A-0348,CPU above 70% on any instance,2026-07-20 12:50,0,48
A-0349,CPU above 70% on any instance,2026-07-20 17:19,0,29
A-0350,Heartbeat missed: order-worker,2026-07-20 22:21,0,40
A-0352,CPU above 70% on any instance,2026-07-21 01:29,0,6
A-0356,Disk above 80% on bastion,2026-07-21 01:41,0,38
A-0351,CPU above 70% on any instance,2026-07-21 02:48,0,9
A-0353,CPU above 70% on any instance,2026-07-21 13:17,0,34
A-0354,CPU above 70% on any instance,2026-07-21 16:15,0,5
A-0355,CPU above 70% on any instance,2026-07-21 17:59,0,50
A-0357,Heartbeat missed: order-worker,2026-07-21 23:16,0,22
A-0360,CPU above 70% on any instance,2026-07-22 04:18,0,4
A-0365,Checkout p95 latency above 2s,2026-07-22 06:46,1,13
A-0364,Heartbeat missed: order-worker,2026-07-22 11:03,0,10
A-0358,CPU above 70% on any instance,2026-07-22 13:29,0,25
A-0362,CPU above 70% on any instance,2026-07-22 13:52,0,47
A-0359,CPU above 70% on any instance,2026-07-22 18:27,0,48
A-0361,CPU above 70% on any instance,2026-07-22 22:29,0,18
A-0363,Disk above 80% on bastion,2026-07-22 22:48,0,149
A-0368,CPU above 70% on any instance,2026-07-23 07:24,0,21
A-0371,Heartbeat missed: order-worker,2026-07-23 14:57,0,15
A-0366,CPU above 70% on any instance,2026-07-23 15:27,0,21
A-0367,CPU above 70% on any instance,2026-07-23 15:38,0,25
A-0369,CPU above 70% on any instance,2026-07-23 17:57,0,10
A-0370,CPU above 70% on any instance,2026-07-23 21:58,0,63
A-0373,CPU above 70% on any instance,2026-07-24 03:27,0,20
A-0377,Heartbeat missed: order-worker,2026-07-24 05:45,0,8
A-0372,CPU above 70% on any instance,2026-07-24 10:45,0,40
A-0378,Payment gateway error rate above 2%,2026-07-24 16:27,1,4
A-0376,CPU above 70% on any instance,2026-07-24 17:10,0,17
A-0375,CPU above 70% on any instance,2026-07-24 17:23,0,26
A-0374,CPU above 70% on any instance,2026-07-24 23:08,0,4
A-0380,CPU above 70% on any instance,2026-07-25 03:58,1,13
A-0382,CPU above 70% on any instance,2026-07-25 05:04,0,45
A-0383,CPU above 70% on any instance,2026-07-25 05:30,0,12
A-0384,Heartbeat missed: order-worker,2026-07-25 07:34,0,48
A-0381,CPU above 70% on any instance,2026-07-25 09:24,0,78
A-0379,CPU above 70% on any instance,2026-07-25 20:50,0,49
A-0389,CPU above 70% on any instance,2026-07-26 01:46,0,34
A-0388,CPU above 70% on any instance,2026-07-26 03:12,0,20
A-0386,CPU above 70% on any instance,2026-07-26 08:19,0,33
A-0387,CPU above 70% on any instance,2026-07-26 09:48,0,93
A-0385,CPU above 70% on any instance,2026-07-26 17:00,0,26
A-0391,Payment gateway error rate above 2%,2026-07-26 19:53,1,6
A-0390,Heartbeat missed: order-worker,2026-07-26 20:49,0,12
A-0397,Heartbeat missed: order-worker,2026-07-27 05:50,0,90
A-0395,CPU above 70% on any instance,2026-07-27 13:35,0,24
A-0393,CPU above 70% on any instance,2026-07-27 13:55,0,7
A-0394,CPU above 70% on any instance,2026-07-27 15:35,0,24
A-0392,CPU above 70% on any instance,2026-07-27 19:28,0,30
A-0396,CPU above 70% on any instance,2026-07-27 23:39,0,41
A-0404,Checkout 5xx above 5% for 5 minutes,2026-07-28 00:11,1,7
A-0402,CPU above 70% on any instance,2026-07-28 05:36,0,21
A-0399,CPU above 70% on any instance,2026-07-28 10:08,0,50
A-0400,CPU above 70% on any instance,2026-07-28 11:38,0,119
A-0401,CPU above 70% on any instance,2026-07-28 13:05,0,14
A-0403,Heartbeat missed: order-worker,2026-07-28 15:30,0,11
A-0398,CPU above 70% on any instance,2026-07-28 17:22,0,7
A-0406,CPU above 70% on any instance,2026-07-29 04:52,0,11
A-0409,CPU above 70% on any instance,2026-07-29 05:45,0,24
A-0405,CPU above 70% on any instance,2026-07-29 07:50,0,76
A-0408,CPU above 70% on any instance,2026-07-29 11:35,0,6
A-0410,Disk above 80% on bastion,2026-07-29 13:09,0,63
A-0411,Heartbeat missed: order-worker,2026-07-29 16:34,0,42
A-0412,Checkout p95 latency above 2s,2026-07-29 17:33,1,3
A-0407,CPU above 70% on any instance,2026-07-29 23:02,0,52
A-0419,Heartbeat missed: order-worker,2026-07-30 00:16,0,21
A-0416,CPU above 70% on any instance,2026-07-30 05:30,0,5
A-0417,CPU above 70% on any instance,2026-07-30 07:14,0,12
A-0418,Disk above 80% on bastion,2026-07-30 11:41,0,15
A-0415,CPU above 70% on any instance,2026-07-30 12:02,0,16
A-0413,CPU above 70% on any instance,2026-07-30 13:39,0,20
A-0420,Payment gateway error rate above 2%,2026-07-30 15:45,1,17
A-0414,CPU above 70% on any instance,2026-07-30 23:15,0,23
A-0427,Heartbeat missed: order-worker,2026-07-31 00:50,0,17
A-0429,Payment gateway error rate above 2%,2026-07-31 02:47,1,25
A-0426,Disk above 80% on bastion,2026-07-31 11:05,0,32
A-0421,CPU above 70% on any instance,2026-07-31 14:37,0,31
A-0424,CPU above 70% on any instance,2026-07-31 18:03,0,16
A-0428,Heartbeat missed: order-worker,2026-07-31 18:13,0,13
A-0425,CPU above 70% on any instance,2026-07-31 19:47,0,29
A-0423,CPU above 70% on any instance,2026-07-31 19:57,0,13
A-0422,CPU above 70% on any instance,2026-07-31 23:26,0,16
A-0431,CPU above 70% on any instance,2026-08-01 01:16,0,24
A-0434,CPU above 70% on any instance,2026-08-01 02:55,0,10
A-0435,Heartbeat missed: order-worker,2026-08-01 03:29,0,54
A-0432,CPU above 70% on any instance,2026-08-01 12:02,0,23
A-0436,Payment gateway error rate above 2%,2026-08-01 12:40,0,8
A-0430,CPU above 70% on any instance,2026-08-01 17:01,0,13
A-0433,CPU above 70% on any instance,2026-08-01 23:09,0,18
A-0442,Heartbeat missed: order-worker,2026-08-02 04:50,0,41
A-0439,CPU above 70% on any instance,2026-08-02 05:56,0,14
A-0437,CPU above 70% on any instance,2026-08-02 06:10,0,5
A-0438,CPU above 70% on any instance,2026-08-02 08:42,0,31
A-0440,CPU above 70% on any instance,2026-08-02 10:21,0,86
A-0443,Payment gateway error rate above 2%,2026-08-02 16:38,1,5
A-0441,CPU above 70% on any instance,2026-08-02 19:10,0,64
A-0444,CPU above 70% on any instance,2026-08-03 02:41,0,21
A-0452,Database connections above 90%,2026-08-03 08:09,0,13
A-0447,CPU above 70% on any instance,2026-08-03 10:14,0,44
A-0448,CPU above 70% on any instance,2026-08-03 13:56,0,43
A-0450,Heartbeat missed: order-worker,2026-08-03 15:02,0,26
A-0451,Payment gateway error rate above 2%,2026-08-03 15:27,1,3
A-0449,Disk above 80% on bastion,2026-08-03 16:57,0,8
A-0445,CPU above 70% on any instance,2026-08-03 22:20,0,6
A-0446,CPU above 70% on any instance,2026-08-03 23:20,0,49
A-0455,CPU above 70% on any instance,2026-08-04 06:25,0,22
A-0453,CPU above 70% on any instance,2026-08-04 09:30,0,15
A-0456,CPU above 70% on any instance,2026-08-04 14:19,0,14
A-0459,Payment gateway error rate above 2%,2026-08-04 17:31,0,75
A-0458,Heartbeat missed: order-worker,2026-08-04 20:00,1,1
A-0454,CPU above 70% on any instance,2026-08-04 20:01,0,41
A-0457,CPU above 70% on any instance,2026-08-04 21:08,0,67
A-0461,CPU above 70% on any instance,2026-08-05 01:46,0,39
A-0463,CPU above 70% on any instance,2026-08-05 04:43,0,30
A-0460,CPU above 70% on any instance,2026-08-05 06:26,0,6
A-0462,CPU above 70% on any instance,2026-08-05 06:44,0,13
A-0465,Heartbeat missed: order-worker,2026-08-05 13:53,0,32
A-0466,Heartbeat missed: order-worker,2026-08-05 17:23,0,19
A-0464,CPU above 70% on any instance,2026-08-05 22:42,0,10
A-0470,CPU above 70% on any instance,2026-08-06 06:34,0,21
A-0467,CPU above 70% on any instance,2026-08-06 06:36,0,51
A-0469,CPU above 70% on any instance,2026-08-06 07:40,0,10
A-0471,CPU above 70% on any instance,2026-08-06 08:53,0,39
A-0472,Heartbeat missed: order-worker,2026-08-06 10:54,0,27
A-0468,CPU above 70% on any instance,2026-08-06 17:31,0,34
A-0473,Payment gateway error rate above 2%,2026-08-06 23:58,1,9
A-0475,CPU above 70% on any instance,2026-08-07 02:43,0,45
A-0479,Disk above 80% on bastion,2026-08-07 04:01,0,29
A-0478,CPU above 70% on any instance,2026-08-07 05:12,0,19
A-0476,CPU above 70% on any instance,2026-08-07 08:37,0,38
A-0477,CPU above 70% on any instance,2026-08-07 08:49,0,5
A-0482,Payment gateway error rate above 2%,2026-08-07 14:12,1,9
A-0474,CPU above 70% on any instance,2026-08-07 17:29,0,70
A-0480,Heartbeat missed: order-worker,2026-08-07 23:28,1,13
A-0481,Heartbeat missed: order-worker,2026-08-07 23:44,0,30
A-0489,Payment gateway error rate above 2%,2026-08-08 00:07,0,28
A-0486,CPU above 70% on any instance,2026-08-08 03:24,0,18
A-0484,CPU above 70% on any instance,2026-08-08 06:46,0,25
A-0487,CPU above 70% on any instance,2026-08-08 15:08,0,29
A-0483,CPU above 70% on any instance,2026-08-08 15:50,0,122
A-0485,CPU above 70% on any instance,2026-08-08 19:44,0,18
A-0488,Heartbeat missed: order-worker,2026-08-08 20:33,0,8
A-0493,CPU above 70% on any instance,2026-08-09 01:16,0,15
A-0490,CPU above 70% on any instance,2026-08-09 03:51,0,27
A-0495,Heartbeat missed: order-worker,2026-08-09 08:55,0,28
A-0491,CPU above 70% on any instance,2026-08-09 09:47,0,25
A-0494,CPU above 70% on any instance,2026-08-09 16:04,0,27
A-0492,CPU above 70% on any instance,2026-08-09 17:01,0,23
A-0496,Heartbeat missed: order-worker,2026-08-09 22:49,0,10
A-0502,Heartbeat missed: order-worker,2026-08-10 02:04,0,11
A-0501,CPU above 70% on any instance,2026-08-10 02:43,0,16
A-0500,CPU above 70% on any instance,2026-08-10 07:19,0,33
A-0499,CPU above 70% on any instance,2026-08-10 10:41,0,71
A-0498,CPU above 70% on any instance,2026-08-10 13:20,0,28
A-0503,Payment gateway error rate above 2%,2026-08-10 16:47,1,4
A-0505,Database connections above 90%,2026-08-10 20:45,1,4
A-0504,Checkout p95 latency above 2s,2026-08-10 21:03,0,40
A-0497,CPU above 70% on any instance,2026-08-10 21:40,0,15
A-0507,CPU above 70% on any instance,2026-08-11 02:07,0,19
A-0506,CPU above 70% on any instance,2026-08-11 08:39,0,36
A-0512,Payment gateway error rate above 2%,2026-08-11 14:02,0,16
A-0510,CPU above 70% on any instance,2026-08-11 14:08,0,25
A-0513,Checkout 5xx above 5% for 5 minutes,2026-08-11 16:16,1,5
A-0509,CPU above 70% on any instance,2026-08-11 17:45,0,31
A-0511,Heartbeat missed: order-worker,2026-08-11 18:27,1,10
A-0508,CPU above 70% on any instance,2026-08-11 20:24,0,24
A-0517,CPU above 70% on any instance,2026-08-12 01:15,0,40
A-0515,CPU above 70% on any instance,2026-08-12 07:39,0,60
A-0520,Checkout p95 latency above 2s,2026-08-12 10:19,1,4
A-0519,Heartbeat missed: order-worker,2026-08-12 10:56,0,30
A-0518,CPU above 70% on any instance,2026-08-12 11:40,0,19
A-0516,CPU above 70% on any instance,2026-08-12 19:55,0,33
A-0514,CPU above 70% on any instance,2026-08-12 23:14,0,23
A-0525,CPU above 70% on any instance,2026-08-13 02:21,0,7
A-0526,Heartbeat missed: order-worker,2026-08-13 05:10,0,45
A-0522,CPU above 70% on any instance,2026-08-13 12:06,0,38
A-0523,CPU above 70% on any instance,2026-08-13 18:09,0,11
A-0524,CPU above 70% on any instance,2026-08-13 21:27,0,20
A-0521,CPU above 70% on any instance,2026-08-13 23:59,0,33
A-0533,Heartbeat missed: order-worker,2026-08-14 00:31,0,42
A-0534,Payment gateway error rate above 2%,2026-08-14 01:37,1,3
A-0530,CPU above 70% on any instance,2026-08-14 04:39,0,67
A-0527,CPU above 70% on any instance,2026-08-14 06:52,0,44
A-0529,CPU above 70% on any instance,2026-08-14 07:35,0,11
A-0531,CPU above 70% on any instance,2026-08-14 13:42,0,17
A-0532,Disk above 80% on bastion,2026-08-14 14:35,0,15
A-0528,CPU above 70% on any instance,2026-08-14 20:37,0,42
A-0540,Heartbeat missed: order-worker,2026-08-15 01:04,0,14
A-0538,CPU above 70% on any instance,2026-08-15 04:42,0,20
A-0539,CPU above 70% on any instance,2026-08-15 06:40,0,3
A-0537,CPU above 70% on any instance,2026-08-15 09:23,0,29
A-0535,CPU above 70% on any instance,2026-08-15 15:29,0,11
A-0536,CPU above 70% on any instance,2026-08-15 17:38,0,34
A-0544,CPU above 70% on any instance,2026-08-16 05:30,0,80
A-0542,CPU above 70% on any instance,2026-08-16 06:20,0,46
A-0545,CPU above 70% on any instance,2026-08-16 08:22,0,8
A-0541,CPU above 70% on any instance,2026-08-16 11:38,0,21
A-0546,Heartbeat missed: order-worker,2026-08-16 12:47,0,10
A-0543,CPU above 70% on any instance,2026-08-16 22:32,0,30
A-0552,Disk above 80% on bastion,2026-08-17 05:16,0,51
A-0549,CPU above 70% on any instance,2026-08-17 05:45,0,81
A-0554,Heartbeat missed: order-worker,2026-08-17 09:30,0,26
A-0551,CPU above 70% on any instance,2026-08-17 09:51,0,22
A-0547,CPU above 70% on any instance,2026-08-17 11:22,0,23
A-0553,Heartbeat missed: order-worker,2026-08-17 15:14,0,12
A-0550,CPU above 70% on any instance,2026-08-17 15:23,0,23
A-0548,CPU above 70% on any instance,2026-08-17 19:53,0,6
A-0559,CPU above 70% on any instance,2026-08-18 01:58,0,21
A-0562,Payment gateway error rate above 2%,2026-08-18 05:22,0,34
A-0560,Heartbeat missed: order-worker,2026-08-18 10:12,0,37
A-0563,Checkout p95 latency above 2s,2026-08-18 10:39,0,38
A-0564,Database connections above 90%,2026-08-18 15:08,1,6
A-0557,CPU above 70% on any instance,2026-08-18 16:49,0,48
A-0555,CPU above 70% on any instance,2026-08-18 20:25,0,87
A-0561,Heartbeat missed: order-worker,2026-08-18 20:25,0,52
A-0558,CPU above 70% on any instance,2026-08-18 21:40,0,21
A-0556,CPU above 70% on any instance,2026-08-18 23:35,0,18
A-0566,CPU above 70% on any instance,2026-08-19 00:50,0,38
A-0571,Payment gateway error rate above 2%,2026-08-19 08:04,0,10
A-0569,CPU above 70% on any instance,2026-08-19 12:51,0,32
A-0568,CPU above 70% on any instance,2026-08-19 13:29,0,23
A-0570,Heartbeat missed: order-worker,2026-08-19 20:17,0,8
A-0567,CPU above 70% on any instance,2026-08-19 21:06,0,37
A-0565,CPU above 70% on any instance,2026-08-19 21:51,0,17
A-0572,CPU above 70% on any instance,2026-08-20 01:05,0,85
A-0576,CPU above 70% on any instance,2026-08-20 08:59,0,33
A-0577,Heartbeat missed: order-worker,2026-08-20 09:01,0,21
A-0579,Checkout 5xx above 5% for 5 minutes,2026-08-20 10:49,1,11
A-0574,CPU above 70% on any instance,2026-08-20 11:40,0,46
A-0573,CPU above 70% on any instance,2026-08-20 13:44,0,57
A-0578,Checkout p95 latency above 2s,2026-08-20 17:40,1,5
A-0575,CPU above 70% on any instance,2026-08-20 21:18,0,15
A-0583,CPU above 70% on any instance,2026-08-21 05:04,0,8
A-0586,Payment gateway error rate above 2%,2026-08-21 05:53,1,1
A-0581,CPU above 70% on any instance,2026-08-21 09:12,0,24
A-0585,Heartbeat missed: order-worker,2026-08-21 10:00,0,12
A-0582,CPU above 70% on any instance,2026-08-21 14:57,0,25
A-0584,CPU above 70% on any instance,2026-08-21 18:26,0,10
A-0580,CPU above 70% on any instance,2026-08-21 22:49,0,9
A-0587,CPU above 70% on any instance,2026-08-22 00:07,0,104
A-0592,Disk above 80% on bastion,2026-08-22 00:53,0,20
A-0593,Heartbeat missed: order-worker,2026-08-22 06:16,0,26
A-0594,Payment gateway error rate above 2%,2026-08-22 07:06,0,39
A-0590,CPU above 70% on any instance,2026-08-22 11:44,0,10
A-0589,CPU above 70% on any instance,2026-08-22 15:13,0,91
A-0588,CPU above 70% on any instance,2026-08-22 18:23,0,61
A-0591,CPU above 70% on any instance,2026-08-22 19:08,0,7
A-0598,CPU above 70% on any instance,2026-08-23 00:51,0,11
A-0595,CPU above 70% on any instance,2026-08-23 05:59,0,6
A-0602,Payment gateway error rate above 2%,2026-08-23 09:54,1,6
A-0601,Heartbeat missed: order-worker,2026-08-23 11:47,0,7
A-0599,CPU above 70% on any instance,2026-08-23 12:06,0,31
A-0597,CPU above 70% on any instance,2026-08-23 16:29,0,16
A-0596,CPU above 70% on any instance,2026-08-23 18:56,0,40
A-0600,Heartbeat missed: order-worker,2026-08-23 23:04,0,29
A-0606,CPU above 70% on any instance,2026-08-24 07:10,0,17
A-0603,CPU above 70% on any instance,2026-08-24 08:04,0,103
A-0605,CPU above 70% on any instance,2026-08-24 09:19,0,94
A-0607,CPU above 70% on any instance,2026-08-24 11:50,0,54
A-0608,Heartbeat missed: order-worker,2026-08-24 18:15,0,72
A-0604,CPU above 70% on any instance,2026-08-24 20:57,0,16
A-0614,Disk above 80% on bastion,2026-08-25 01:10,0,20
A-0609,CPU above 70% on any instance,2026-08-25 07:40,0,4
A-0612,CPU above 70% on any instance,2026-08-25 11:21,0,75
A-0616,Database connections above 90%,2026-08-25 13:06,1,3
A-0610,CPU above 70% on any instance,2026-08-25 17:02,0,18
A-0615,Heartbeat missed: order-worker,2026-08-25 17:07,0,11
A-0613,CPU above 70% on any instance,2026-08-25 18:17,0,46
A-0611,CPU above 70% on any instance,2026-08-25 18:51,0,4
A-0620,CPU above 70% on any instance,2026-08-26 00:15,1,3
A-0618,CPU above 70% on any instance,2026-08-26 05:21,0,6
A-0622,Heartbeat missed: order-worker,2026-08-26 07:39,0,19
A-0623,Payment gateway error rate above 2%,2026-08-26 11:23,0,54
A-0621,CPU above 70% on any instance,2026-08-26 14:50,0,35
A-0619,CPU above 70% on any instance,2026-08-26 15:25,0,42
A-0617,CPU above 70% on any instance,2026-08-26 21:40,0,8
A-0630,Database connections above 90%,2026-08-27 02:16,1,4
A-0624,CPU above 70% on any instance,2026-08-27 04:39,0,15
A-0628,CPU above 70% on any instance,2026-08-27 11:03,0,38
A-0629,Heartbeat missed: order-worker,2026-08-27 13:33,0,36
A-0627,CPU above 70% on any instance,2026-08-27 13:42,0,60
A-0626,CPU above 70% on any instance,2026-08-27 17:58,0,28
A-0625,CPU above 70% on any instance,2026-08-27 20:13,1,5
A-0632,CPU above 70% on any instance,2026-08-28 02:30,0,58
A-0635,CPU above 70% on any instance,2026-08-28 02:56,0,13
A-0636,Heartbeat missed: order-worker,2026-08-28 10:13,0,50
A-0637,Heartbeat missed: order-worker,2026-08-28 14:29,0,75
A-0634,CPU above 70% on any instance,2026-08-28 16:22,0,27
A-0633,CPU above 70% on any instance,2026-08-28 16:24,0,54
A-0631,CPU above 70% on any instance,2026-08-28 17:35,0,36
A-0638,Payment gateway error rate above 2%,2026-08-28 19:07,0,9
A-0646,Checkout p95 latency above 2s,2026-08-29 00:15,1,8
A-0644,Heartbeat missed: order-worker,2026-08-29 01:49,0,29
A-0645,Payment gateway error rate above 2%,2026-08-29 04:17,1,3
A-0640,CPU above 70% on any instance,2026-08-29 08:52,0,5
A-0642,CPU above 70% on any instance,2026-08-29 12:04,0,51
A-0639,CPU above 70% on any instance,2026-08-29 12:13,0,31
A-0641,CPU above 70% on any instance,2026-08-29 21:42,0,35
A-0643,CPU above 70% on any instance,2026-08-29 22:25,0,30
