deploy_id,service,deployed_at,lead_time_hours,lines_changed,has_tests,result,minutes_to_restore
D-0001,catalog-api,2026-03-02 12:13,59.6,523,1,Success,
D-0002,web-frontend,2026-03-02 13:46,12.8,307,0,Rolled back,81
D-0003,order-worker,2026-03-03 18:51,26.6,100,1,Success,
D-0004,checkout-api,2026-03-05 16:04,19.3,100,0,Success,
D-0005,catalog-api,2026-03-05 10:09,21.2,365,0,Rolled back,9
D-0006,web-frontend,2026-03-06 18:57,55.6,55,1,Success,
D-0007,web-frontend,2026-03-09 10:34,64.8,50,0,Success,
D-0008,checkout-api,2026-03-10 09:17,50.9,233,1,Success,
D-0009,web-frontend,2026-03-10 16:25,27.3,717,0,Success,
D-0010,checkout-api,2026-03-11 13:27,97.2,142,1,Success,
D-0011,checkout-api,2026-03-12 17:10,85.7,93,1,Success,
D-0012,catalog-api,2026-03-12 18:21,17.6,414,1,Success,
D-0013,web-frontend,2026-03-13 15:29,18.7,42,1,Success,
D-0014,checkout-api,2026-03-13 13:19,63.3,17,0,Rolled back,40
D-0015,catalog-api,2026-03-13 16:53,35.9,250,0,Hotfixed,134
D-0016,checkout-api,2026-03-16 09:13,38.8,55,1,Success,
D-0017,checkout-api,2026-03-17 09:47,32,268,1,Success,
D-0018,order-worker,2026-03-18 11:06,23.3,351,1,Rolled back,19
D-0019,web-frontend,2026-03-18 17:21,91.5,59,1,Success,
D-0020,web-frontend,2026-03-18 11:38,21.1,177,1,Success,
D-0021,web-frontend,2026-03-19 16:17,34,66,1,Success,
D-0022,web-frontend,2026-03-19 15:33,36.4,216,1,Success,
D-0023,catalog-api,2026-03-19 09:46,19,32,1,Success,
D-0024,catalog-api,2026-03-24 09:50,8,108,1,Success,
D-0025,checkout-api,2026-03-25 18:56,19.4,207,1,Success,
D-0026,checkout-api,2026-03-26 14:20,126,90,0,Hotfixed,19
D-0027,checkout-api,2026-03-26 15:03,61.2,98,0,Success,
D-0028,checkout-api,2026-03-31 18:35,16.3,98,1,Success,
D-0029,checkout-api,2026-04-01 14:12,21.7,708,0,Success,
D-0030,checkout-api,2026-04-01 16:12,29.7,339,1,Rolled back,103
D-0031,catalog-api,2026-04-02 10:51,17.6,78,1,Success,
D-0032,checkout-api,2026-04-02 18:14,18.4,151,1,Success,
D-0033,catalog-api,2026-04-03 17:55,37.9,446,1,Success,
D-0034,web-frontend,2026-04-03 12:25,9.7,163,0,Success,
D-0035,catalog-api,2026-04-06 14:30,88.1,27,0,Success,
D-0036,web-frontend,2026-04-07 10:38,15.6,107,1,Success,
D-0037,checkout-api,2026-04-09 11:12,25.6,68,1,Success,
D-0038,web-frontend,2026-04-09 18:52,69.7,157,1,Success,
D-0039,catalog-api,2026-04-10 18:34,6.3,50,1,Success,
D-0040,catalog-api,2026-04-10 12:39,44.5,521,0,Hotfixed,13
D-0041,web-frontend,2026-04-13 18:35,17.1,20,0,Success,
D-0042,catalog-api,2026-04-13 13:04,21.9,267,1,Success,
D-0043,web-frontend,2026-04-15 18:19,111,415,1,Success,
D-0044,checkout-api,2026-04-17 14:38,10.4,174,0,Success,
D-0045,web-frontend,2026-04-17 16:35,22.1,111,0,Success,
D-0046,web-frontend,2026-04-21 11:27,16.8,50,1,Success,
D-0047,web-frontend,2026-04-22 18:02,28.6,277,1,Success,
D-0048,web-frontend,2026-04-23 14:28,82.9,104,1,Success,
D-0049,web-frontend,2026-04-23 17:46,36.5,117,1,Success,
D-0050,catalog-api,2026-04-24 18:00,74.4,262,1,Success,
D-0051,checkout-api,2026-04-24 18:41,66.1,45,0,Success,
D-0052,catalog-api,2026-04-24 16:13,29.1,187,1,Rolled back,33
D-0053,checkout-api,2026-04-27 09:32,3.8,104,1,Success,
D-0054,checkout-api,2026-04-29 15:03,9.5,907,0,Success,
D-0055,web-frontend,2026-04-29 16:37,27,193,1,Hotfixed,124
D-0056,checkout-api,2026-05-01 09:55,11,264,1,Success,
D-0057,checkout-api,2026-05-05 12:08,47.8,15,1,Success,
D-0058,checkout-api,2026-05-07 17:57,10.1,383,1,Success,
D-0059,web-frontend,2026-05-08 14:14,49.2,403,1,Rolled back,97
D-0060,web-frontend,2026-05-08 10:59,40.8,153,1,Success,
D-0061,checkout-api,2026-05-11 10:17,170.8,337,1,Success,
D-0062,web-frontend,2026-05-11 15:29,52.9,172,1,Success,
D-0063,catalog-api,2026-05-12 16:11,79.7,143,1,Success,
D-0064,checkout-api,2026-05-12 18:18,47.9,271,0,Success,
D-0065,checkout-api,2026-05-15 11:20,33.8,187,1,Success,
D-0066,web-frontend,2026-05-15 09:27,25.2,169,0,Success,
D-0067,checkout-api,2026-05-19 12:23,14.1,13,0,Success,
D-0068,checkout-api,2026-05-20 10:50,69.2,41,0,Success,
D-0069,checkout-api,2026-05-22 15:09,61,47,0,Success,
D-0070,catalog-api,2026-05-25 11:28,10.6,89,1,Hotfixed,20
D-0071,catalog-api,2026-05-26 16:33,26.7,705,0,Hotfixed,58
D-0072,web-frontend,2026-05-27 10:51,44.3,571,1,Success,
D-0073,web-frontend,2026-05-29 10:02,45.3,114,1,Success,
D-0074,web-frontend,2026-05-29 15:18,18.2,183,0,Success,
D-0075,catalog-api,2026-06-01 09:11,16.7,48,1,Success,
D-0076,web-frontend,2026-06-01 18:13,18.1,270,1,Success,
D-0077,catalog-api,2026-06-02 16:41,17,54,0,Success,
D-0078,checkout-api,2026-06-02 18:06,19.3,58,1,Success,
D-0079,checkout-api,2026-06-03 12:54,53.1,56,0,Hotfixed,56
D-0080,web-frontend,2026-06-08 16:23,21.9,147,1,Success,
D-0081,checkout-api,2026-06-08 09:15,71.8,77,1,Success,
D-0082,catalog-api,2026-06-10 12:05,51.8,41,1,Success,
D-0083,catalog-api,2026-06-10 13:19,49,156,1,Success,
D-0084,catalog-api,2026-06-11 14:37,180.7,109,1,Success,
D-0085,web-frontend,2026-06-11 12:29,2.9,26,1,Success,
D-0086,web-frontend,2026-06-12 18:43,26.9,255,1,Rolled back,54
D-0087,web-frontend,2026-06-12 18:28,42,349,1,Rolled back,54
D-0088,order-worker,2026-06-15 12:54,42.2,118,0,Success,
D-0089,checkout-api,2026-06-16 11:19,58.1,49,1,Success,
D-0090,catalog-api,2026-06-17 13:12,27.8,24,0,Success,
D-0091,web-frontend,2026-06-17 09:11,95,193,1,Success,
D-0092,checkout-api,2026-06-18 13:13,43.7,115,1,Success,
D-0093,web-frontend,2026-06-18 15:10,21.6,595,1,Success,
D-0094,catalog-api,2026-06-18 16:13,36.3,496,1,Success,
D-0095,catalog-api,2026-06-19 16:36,7.2,23,0,Rolled back,16
D-0096,checkout-api,2026-06-19 16:05,53.7,247,1,Rolled back,56
D-0097,order-worker,2026-06-19 16:16,14,76,1,Success,
D-0098,catalog-api,2026-06-22 18:03,241.4,217,0,Success,
D-0099,catalog-api,2026-06-23 09:40,44.9,208,1,Rolled back,20
D-0100,order-worker,2026-06-24 14:05,26,1348,1,Success,
D-0101,web-frontend,2026-06-24 16:42,36.1,159,1,Success,
D-0102,checkout-api,2026-06-29 15:48,16.8,699,1,Success,
D-0103,checkout-api,2026-06-29 14:39,8.7,218,1,Success,
D-0104,checkout-api,2026-07-01 10:47,16.3,191,1,Success,
D-0105,web-frontend,2026-07-02 13:55,12.9,241,1,Success,
D-0106,web-frontend,2026-07-02 13:29,52.9,144,1,Success,
D-0107,checkout-api,2026-07-06 09:57,45.2,431,1,Success,
D-0108,web-frontend,2026-07-06 11:36,5.6,40,1,Success,
D-0109,checkout-api,2026-07-07 17:35,29.4,55,1,Success,
D-0110,catalog-api,2026-07-07 16:50,77.4,61,0,Success,
D-0111,catalog-api,2026-07-09 15:53,48,71,0,Success,
D-0112,web-frontend,2026-07-13 18:51,22.2,83,1,Success,
D-0113,checkout-api,2026-07-15 10:51,70.3,160,1,Success,
D-0114,checkout-api,2026-07-15 18:21,26.1,239,1,Success,
D-0115,catalog-api,2026-07-16 15:44,50.4,194,1,Success,
D-0116,catalog-api,2026-07-16 09:41,23.6,37,1,Success,
D-0117,web-frontend,2026-07-17 14:25,24.7,114,1,Success,
D-0118,web-frontend,2026-07-17 13:06,39.4,48,1,Success,
D-0119,checkout-api,2026-07-17 09:12,24.5,124,1,Success,
D-0120,checkout-api,2026-07-20 16:55,49.3,283,1,Success,
D-0121,catalog-api,2026-07-22 13:54,37.3,108,0,Success,
D-0122,order-worker,2026-07-22 12:10,14.9,182,0,Success,
D-0123,catalog-api,2026-07-23 14:18,56.3,78,0,Success,
D-0124,order-worker,2026-07-24 16:33,105.5,97,0,Success,
D-0125,order-worker,2026-07-27 14:36,11.7,433,0,Success,
D-0126,checkout-api,2026-07-27 16:25,18.9,358,1,Success,
D-0127,catalog-api,2026-07-28 13:20,56.4,66,1,Success,
D-0128,order-worker,2026-07-28 11:06,55.9,111,0,Success,
D-0129,order-worker,2026-07-29 10:03,51.3,130,1,Success,
D-0130,web-frontend,2026-07-29 18:16,49.7,90,1,Success,
D-0131,order-worker,2026-07-29 13:27,22.3,63,1,Success,
D-0132,checkout-api,2026-07-30 11:53,28.6,1009,1,Success,
D-0133,catalog-api,2026-07-31 13:39,32.5,157,1,Success,
D-0134,web-frontend,2026-07-31 11:04,44.1,92,0,Success,
D-0135,checkout-api,2026-08-03 16:36,41.4,173,1,Success,
D-0136,checkout-api,2026-08-03 17:21,13.5,121,1,Success,
D-0137,checkout-api,2026-08-04 18:38,13.9,79,1,Success,
D-0138,web-frontend,2026-08-04 15:15,24.4,167,1,Success,
D-0139,catalog-api,2026-08-05 11:28,50.1,62,1,Success,
D-0140,web-frontend,2026-08-05 11:28,43.1,75,1,Success,
D-0141,order-worker,2026-08-05 18:00,14.4,92,1,Rolled back,33
D-0142,catalog-api,2026-08-06 10:36,181.3,112,1,Success,
D-0143,checkout-api,2026-08-06 15:37,13,22,1,Success,
D-0144,web-frontend,2026-08-10 10:09,10.7,92,1,Success,
D-0145,checkout-api,2026-08-11 18:03,31.5,511,1,Success,
D-0146,checkout-api,2026-08-12 09:17,20.5,102,0,Rolled back,14
D-0147,web-frontend,2026-08-12 18:14,16.3,347,1,Rolled back,42
D-0148,web-frontend,2026-08-13 09:44,27.6,139,1,Success,
D-0149,order-worker,2026-08-14 11:03,156.2,110,1,Success,
D-0150,checkout-api,2026-08-17 11:26,21.8,108,1,Rolled back,9
D-0151,order-worker,2026-08-17 15:03,20.1,208,1,Success,
D-0152,checkout-api,2026-08-18 09:08,37.2,107,0,Success,
D-0153,checkout-api,2026-08-18 17:15,11.4,102,0,Success,
D-0154,web-frontend,2026-08-18 14:18,47.4,272,1,Success,
D-0155,checkout-api,2026-08-19 09:41,12.3,89,0,Success,
D-0156,catalog-api,2026-08-20 12:43,28.5,49,0,Success,
D-0157,web-frontend,2026-08-20 09:46,28.4,57,1,Success,
D-0158,checkout-api,2026-08-21 10:57,9.8,122,1,Success,
D-0159,checkout-api,2026-08-21 09:05,44.7,172,0,Success,
D-0160,checkout-api,2026-08-24 17:11,33.5,238,1,Success,
D-0161,catalog-api,2026-08-24 12:34,50.7,69,1,Success,
D-0162,web-frontend,2026-08-25 17:05,70.2,257,1,Success,
D-0163,checkout-api,2026-08-25 17:50,37.8,45,0,Success,
D-0164,web-frontend,2026-08-26 10:10,21.7,63,1,Success,
D-0165,order-worker,2026-08-26 15:08,54.2,566,0,Success,
D-0166,web-frontend,2026-08-28 11:53,14,20,1,Success,
D-0167,web-frontend,2026-08-28 10:12,7.3,221,1,Rolled back,21
