minute,requests_per_s,instances,db_connections_requested,db_max_connections,error_rate,p95_latency_ms,cpu_pct
2025-11-28 08:00,27,6,120,200,0.003,392,21
2025-11-28 08:01,27.6,6,120,200,0.004,382,15
2025-11-28 08:02,27.7,6,120,200,0.0037,417,21
2025-11-28 08:03,28,6,120,200,0.0049,401,22
2025-11-28 08:04,26.7,6,120,200,0.0044,406,18
2025-11-28 08:05,28.5,6,120,200,0.0034,389,15
2025-11-28 08:06,27.7,6,120,200,0.0033,409,22
2025-11-28 08:07,28.7,6,120,200,0.0031,431,16
2025-11-28 08:08,29.4,6,120,200,0.0041,362,15
2025-11-28 08:09,28,6,120,200,0.0038,322,17
2025-11-28 08:10,32.1,6,120,200,0.0039,410,22
2025-11-28 08:11,30.2,6,120,200,0.0031,362,26
2025-11-28 08:12,29.2,6,120,200,0.0049,418,25
2025-11-28 08:13,30.4,6,120,200,0.0051,432,27
2025-11-28 08:14,29.7,6,120,200,0.0046,386,20
2025-11-28 08:15,31.2,6,120,200,0.0032,364,22
2025-11-28 08:16,32,6,120,200,0.0034,392,18
2025-11-28 08:17,31,6,120,200,0.0031,356,25
2025-11-28 08:18,30.7,6,120,200,0.005,341,19
2025-11-28 08:19,32.8,6,120,200,0.0032,401,24
2025-11-28 08:20,32.4,6,120,200,0.0032,377,21
2025-11-28 08:21,33.6,6,120,200,0.004,337,19
2025-11-28 08:22,35.9,6,120,200,0.0032,414,26
2025-11-28 08:23,34.5,6,120,200,0.0036,437,29
2025-11-28 08:24,35.7,6,120,200,0.0048,403,30
2025-11-28 08:25,34.4,6,120,200,0.0033,404,23
2025-11-28 08:26,36.9,6,120,200,0.0045,338,21
2025-11-28 08:27,39.2,6,120,200,0.0032,351,24
2025-11-28 08:28,38.3,6,120,200,0.0044,412,25
2025-11-28 08:29,41.9,6,120,200,0.0038,336,28
2025-11-28 08:30,39.4,6,120,200,0.0034,335,30
2025-11-28 08:31,40.9,6,120,200,0.0038,379,31
2025-11-28 08:32,39.9,6,120,200,0.0033,400,29
2025-11-28 08:33,40.3,6,120,200,0.0035,335,26
2025-11-28 08:34,44,6,120,200,0.0037,369,31
2025-11-28 08:35,42.7,6,120,200,0.0033,345,30
2025-11-28 08:36,43.2,6,120,200,0.0035,370,32
2025-11-28 08:37,45.8,6,120,200,0.004,318,39
2025-11-28 08:38,45.4,6,120,200,0.0042,420,26
2025-11-28 08:39,46.6,6,120,200,0.0049,413,31
2025-11-28 08:40,50.8,6,120,200,0.0034,391,37
2025-11-28 08:41,49.8,6,120,200,0.0033,399,30
2025-11-28 08:42,53.7,6,120,200,0.0037,348,34
2025-11-28 08:43,50.4,6,120,200,0.004,412,35
2025-11-28 08:44,53.9,6,120,200,0.0031,405,40
2025-11-28 08:45,61.9,6,120,200,0.0034,437,42
2025-11-28 08:46,56.5,6,120,200,0.0032,351,38
2025-11-28 08:47,62.2,6,120,200,0.0041,400,45
2025-11-28 08:48,59.4,6,120,200,0.0035,455,41
2025-11-28 08:49,63.2,6,120,200,0.0031,432,42
2025-11-28 08:50,65.2,6,120,200,0.0034,438,49
2025-11-28 08:51,65.3,6,120,200,0.0031,402,46
2025-11-28 08:52,69.9,6,120,200,0.0036,435,51
2025-11-28 08:53,65.7,6,120,200,0.0042,376,42
2025-11-28 08:54,73.4,6,120,200,0.0034,495,53
2025-11-28 08:55,79.9,6,120,200,0.0044,562,56
2025-11-28 08:56,77.9,6,120,200,0.0031,570,57
2025-11-28 08:57,77.6,7,140,200,0.0042,410,50
2025-11-28 08:58,81.1,7,140,200,0.0042,428,47
2025-11-28 08:59,87.5,7,140,200,0.0034,532,54
2025-11-28 09:00,89.7,7,140,200,0.0051,547,57
2025-11-28 09:01,92.1,7,140,200,0.0034,522,58
2025-11-28 09:02,85.7,8,160,200,0.003,427,44
2025-11-28 09:03,90.8,8,160,200,0.0032,458,53
2025-11-28 09:04,94.6,8,160,200,0.004,405,50
2025-11-28 09:05,90.1,8,160,200,0.0042,436,50
2025-11-28 09:06,99.5,8,160,200,0.0041,488,50
2025-11-28 09:07,100.2,8,160,200,0.0047,473,51
2025-11-28 09:08,100.7,8,160,200,0.0037,450,55
2025-11-28 09:09,106,9,180,200,0.0032,536,50
2025-11-28 09:10,105.8,9,180,200,0.0043,483,46
2025-11-28 09:11,108.8,9,180,200,0.0043,433,52
2025-11-28 09:12,103.2,9,180,200,0.004,463,47
2025-11-28 09:13,107.5,9,180,200,0.0036,498,49
2025-11-28 09:14,111.4,10,200,200,0.0039,348,46
2025-11-28 09:15,114.5,9,180,200,0.0044,520,54
2025-11-28 09:16,120.2,9,180,200,0.0031,546,63
2025-11-28 09:17,129.2,10,200,200,0.0041,484,49
2025-11-28 09:18,115,10,200,200,0.0034,477,53
2025-11-28 09:19,117,11,220,200,0.1025,3449,42
2025-11-28 09:20,122,11,220,200,0.0959,3091,46
2025-11-28 09:21,121.7,10,200,200,0.004,534,54
2025-11-28 09:22,123.1,10,200,200,0.0047,522,50
2025-11-28 09:23,132.5,11,220,200,0.0893,4512,53
2025-11-28 09:24,124.9,11,220,200,0.1012,4325,48
2025-11-28 09:25,124.9,11,220,200,0.1142,4173,50
2025-11-28 09:26,129.9,12,240,200,0.166,3864,43
2025-11-28 09:27,125.4,11,220,200,0.0595,4183,49
2025-11-28 09:28,130,11,220,200,0.1474,3744,51
2025-11-28 09:29,128.5,11,220,200,0.0901,4354,52
2025-11-28 09:30,134.7,11,220,200,0.0978,3933,56
2025-11-28 09:31,127.7,11,220,200,0.1184,4716,49
2025-11-28 09:32,130.3,11,220,200,0.0861,4411,43
2025-11-28 09:33,132.8,12,240,200,0.1513,4400,46
2025-11-28 09:34,137.7,11,220,200,0.1197,3694,55
2025-11-28 09:35,133.3,11,220,200,0.102,3161,53
2025-11-28 09:36,132.9,12,240,200,0.1492,4274,52
2025-11-28 09:37,133.1,12,240,200,0.1894,4434,42
2025-11-28 09:38,145.5,12,240,200,0.1583,4491,48
2025-11-28 09:39,153.5,12,240,200,0.2,4258,52
2025-11-28 09:40,127.9,12,240,200,0.1701,4364,46
2025-11-28 09:41,136,13,260,200,0.245,5090,45
2025-11-28 09:42,139.9,13,260,200,0.2472,3765,47
2025-11-28 09:43,144.2,11,220,200,0.1095,3467,52
2025-11-28 09:44,134.2,12,240,200,0.1428,3901,47
2025-11-28 09:45,140.6,12,240,200,0.1799,4491,52
2025-11-28 09:46,139.5,13,260,200,0.2109,3837,43
2025-11-28 09:47,136,12,240,200,0.195,3877,46
2025-11-28 09:48,144.6,12,240,200,0.1477,3606,53
2025-11-28 09:49,139.5,12,240,200,0.1565,4275,50
2025-11-28 09:50,138.1,12,240,200,0.1789,4204,47
2025-11-28 09:51,139.4,13,260,200,0.2204,4103,41
2025-11-28 09:52,143.4,12,240,200,0.2063,3701,50
2025-11-28 09:53,137.4,12,240,200,0.1605,4220,54
2025-11-28 09:54,139.9,12,240,200,0.1729,4435,50
2025-11-28 09:55,147.8,12,240,200,0.1784,4837,51
2025-11-28 09:56,138.6,12,240,200,0.1419,3963,49
2025-11-28 09:57,146.8,12,240,200,0.1925,5403,58
2025-11-28 09:58,143,13,260,200,0.2305,4580,44
2025-11-28 09:59,148.3,12,240,200,0.1526,3789,54
2025-11-28 10:00,142.3,13,260,200,0.204,4216,41
2025-11-28 10:01,135.6,12,240,200,0.17,3413,46
2025-11-28 10:02,143.5,13,260,200,0.235,3637,52
2025-11-28 10:03,142.8,12,240,200,0.1276,4393,44
2025-11-28 10:04,142.3,12,240,200,0.1883,4664,51
2025-11-28 10:05,149.3,12,240,200,0.159,4202,52
2025-11-28 10:06,146.2,12,240,200,0.1709,4408,52
2025-11-28 10:07,151.4,12,240,200,0.1608,4907,54
2025-11-28 10:08,143.5,13,260,200,0.2495,3761,49
2025-11-28 10:09,142.1,13,260,200,0.2052,4886,45
2025-11-28 10:10,145.3,13,260,200,0.2197,3873,44
2025-11-28 10:11,146.3,12,240,200,0.1631,3508,55
2025-11-28 10:12,139.7,12,240,200,0.1957,4035,47
2025-11-28 10:13,146.8,13,260,200,0.2137,4086,46
2025-11-28 10:14,137.7,13,260,200,0.2335,4583,41
2025-11-28 10:15,144.2,12,240,200,0.1759,4343,53
2025-11-28 10:16,146.1,13,260,200,0.1944,4288,46
2025-11-28 10:17,148.9,12,240,200,0.1745,4322,51
2025-11-28 10:18,143.6,13,260,200,0.2369,4656,46
2025-11-28 10:19,135.9,13,260,200,0.1983,3915,47
2025-11-28 10:20,149.4,13,260,200,0.2763,4017,50
2025-11-28 10:21,142,12,240,200,0.1703,4028,50
2025-11-28 10:22,141.1,12,240,200,0.1529,4032,48
2025-11-28 10:23,143.4,13,260,200,0.2228,3762,45
2025-11-28 10:24,151,12,240,200,0.1281,3685,52
2025-11-28 10:25,135,12,240,200,0.177,4692,44
2025-11-28 10:26,145.7,12,240,200,0.1482,4262,50
2025-11-28 10:27,140.6,13,260,200,0.2321,4985,43
2025-11-28 10:28,147.5,12,240,200,0.1901,4257,55
2025-11-28 10:29,152.5,13,260,200,0.2092,4429,50
2025-11-28 10:30,141.5,12,240,200,0.1622,4241,53
2025-11-28 10:31,146.7,13,260,200,0.2461,3944,45
2025-11-28 10:32,133.2,13,260,200,0.2488,4222,47
2025-11-28 10:33,148,12,240,200,0.173,5236,51
2025-11-28 10:34,156.7,13,260,200,0.2158,4518,54
2025-11-28 10:35,144,12,240,200,0.1948,3830,50
2025-11-28 10:36,147.4,13,260,200,0.2036,3667,46
2025-11-28 10:37,150.3,14,280,200,0.2658,4237,44
2025-11-28 10:38,143.6,12,240,200,0.1443,4237,53
2025-11-28 10:39,143,13,260,200,0.2681,3776,46
2025-11-28 10:40,152,13,260,200,0.2644,3285,55
2025-11-28 10:41,146.8,12,240,200,0.1013,3960,53
2025-11-28 10:42,153,12,240,200,0.1618,4229,53
2025-11-28 10:43,143.6,13,260,200,0.2314,3570,46
2025-11-28 10:44,150.4,13,260,200,0.2337,4290,51
2025-11-28 10:45,145.2,13,260,200,0.2608,4333,46
2025-11-28 10:46,143.6,12,240,200,0.1587,4359,49
2025-11-28 10:47,152.2,13,260,200,0.233,4244,48
2025-11-28 10:48,138.4,13,260,200,0.247,3678,39
2025-11-28 10:49,142.7,12,240,200,0.1759,4842,53
2025-11-28 10:50,141.2,13,260,200,0.1781,3908,43
2025-11-28 10:51,160.3,12,240,200,0.1316,4677,53
2025-11-28 10:52,145.3,12,240,200,0.178,4047,47
2025-11-28 10:53,133.9,12,240,200,0.1479,4344,53
2025-11-28 10:54,153,14,280,200,0.3037,4533,47
2025-11-28 10:55,138.2,13,130,200,0.0236,735,44
2025-11-28 10:56,140.8,12,120,200,0.0211,694,57
2025-11-28 10:57,146.7,13,130,200,0.0204,664,51
2025-11-28 10:58,148.8,12,120,200,0.0173,762,52
2025-11-28 10:59,148.5,12,120,200,0.016,690,49
2025-11-28 11:00,150.4,13,130,200,0.0133,674,45
2025-11-28 11:01,154.3,13,130,200,0.0111,734,51
2025-11-28 11:02,145.6,13,130,200,0.011,746,53
2025-11-28 11:03,139.6,13,130,200,0.007,684,41
2025-11-28 11:04,145.3,13,130,200,0.0054,650,41
2025-11-28 11:05,138.1,13,130,200,0.0033,683,41
2025-11-28 11:06,135.7,12,120,200,0.003,684,46
2025-11-28 11:07,141.4,13,130,200,0.0045,640,44
2025-11-28 11:08,143.5,12,120,200,0.0037,720,49
2025-11-28 11:09,158.1,12,120,200,0.0033,809,51
2025-11-28 11:10,153.2,12,120,200,0.0046,817,49
2025-11-28 11:11,147.8,12,120,200,0.0051,751,48
2025-11-28 11:12,147.1,14,140,200,0.0048,689,45
2025-11-28 11:13,141.8,13,130,200,0.0047,705,46
2025-11-28 11:14,138.4,13,130,200,0.0045,660,48
2025-11-28 11:15,141.9,13,130,200,0.0032,680,45
2025-11-28 11:16,156.3,12,120,200,0.0042,760,56
2025-11-28 11:17,150.6,12,120,200,0.0036,797,53
2025-11-28 11:18,140.1,12,120,200,0.0035,710,50
2025-11-28 11:19,129.4,14,140,200,0.004,654,43
2025-11-28 11:20,147.8,13,130,200,0.0033,787,53
2025-11-28 11:21,135.3,12,120,200,0.0036,669,47
2025-11-28 11:22,143.4,11,110,200,0.004,753,55
2025-11-28 11:23,149.5,13,130,200,0.0036,639,43
2025-11-28 11:24,147.7,12,120,200,0.0033,760,53
2025-11-28 11:25,145.6,12,120,200,0.0035,719,52
2025-11-28 11:26,152.7,13,130,200,0.0037,671,50
2025-11-28 11:27,143.6,13,130,200,0.0046,747,47
2025-11-28 11:28,149.2,13,130,200,0.0031,697,52
2025-11-28 11:29,148.9,13,130,200,0.0041,676,51
2025-11-28 11:30,136.4,12,120,200,0.0041,660,46
2025-11-28 11:31,134.2,13,130,200,0.0031,667,45
2025-11-28 11:32,146.3,13,130,200,0.0036,710,51
2025-11-28 11:33,148.8,12,120,200,0.003,708,50
2025-11-28 11:34,142.9,12,120,200,0.0041,718,51
2025-11-28 11:35,146.9,13,130,200,0.0038,707,49
2025-11-28 11:36,149.1,13,130,200,0.004,656,50
2025-11-28 11:37,156.1,12,120,200,0.0043,789,56
2025-11-28 11:38,157.4,13,130,200,0.0041,743,53
2025-11-28 11:39,135,13,130,200,0.0039,589,43
2025-11-28 11:40,140.1,14,140,200,0.0031,622,47
2025-11-28 11:41,144.4,14,140,200,0.0043,653,43
2025-11-28 11:42,143.1,12,120,200,0.0049,700,48
2025-11-28 11:43,152.5,12,120,200,0.0034,712,58
2025-11-28 11:44,152.9,13,130,200,0.0042,704,53
2025-11-28 11:45,129.4,12,120,200,0.0033,652,45
2025-11-28 11:46,148.4,13,130,200,0.0033,736,38
2025-11-28 11:47,147.2,13,130,200,0.0036,734,45
2025-11-28 11:48,148.1,11,110,200,0.003,777,61
2025-11-28 11:49,145.2,13,130,200,0.0037,672,52
2025-11-28 11:50,137.6,13,130,200,0.0042,658,45
2025-11-28 11:51,151.3,13,130,200,0.0049,763,52
2025-11-28 11:52,138.6,13,130,200,0.0038,637,42
2025-11-28 11:53,155,12,120,200,0.0036,787,57
2025-11-28 11:54,148.3,13,130,200,0.0031,661,55
2025-11-28 11:55,138,12,120,200,0.0049,710,51
2025-11-28 11:56,149.3,13,130,200,0.0031,729,49
2025-11-28 11:57,145.1,13,130,200,0.0035,698,47
2025-11-28 11:58,148.4,12,120,200,0.0043,744,53
2025-11-28 11:59,144.7,13,130,200,0.0033,684,47
2025-11-28 12:00,136,13,130,200,0.0041,580,46
2025-11-28 12:01,143.2,13,130,200,0.0036,732,50
2025-11-28 12:02,151.2,13,130,200,0.004,756,46
2025-11-28 12:03,138.4,12,120,200,0.0042,703,48
2025-11-28 12:04,147.4,12,120,200,0.0032,734,56
2025-11-28 12:05,143.7,13,130,200,0.0037,700,46
2025-11-28 12:06,148,12,120,200,0.0044,761,52
2025-11-28 12:07,145.1,13,130,200,0.0036,694,47
2025-11-28 12:08,140.2,12,120,200,0.0051,751,50
2025-11-28 12:09,145.5,13,130,200,0.0043,649,50
2025-11-28 12:10,139.6,13,130,200,0.0049,677,49
2025-11-28 12:11,140.2,12,120,200,0.0037,691,52
2025-11-28 12:12,148.2,13,130,200,0.0034,671,45
2025-11-28 12:13,149.7,12,120,200,0.0041,701,50
2025-11-28 12:14,146.6,12,120,200,0.0031,712,52
2025-11-28 12:15,140,13,130,200,0.0036,656,46
2025-11-28 12:16,145.3,13,130,200,0.0044,716,46
2025-11-28 12:17,150.8,13,130,200,0.0031,716,49
2025-11-28 12:18,159.7,12,120,200,0.0042,825,52
2025-11-28 12:19,134.6,13,130,200,0.0043,689,45
2025-11-28 12:20,148,13,130,200,0.005,722,50
2025-11-28 12:21,145.3,14,140,200,0.0037,589,46
2025-11-28 12:22,141.5,12,120,200,0.0036,727,48
2025-11-28 12:23,142.7,13,130,200,0.0038,603,47
2025-11-28 12:24,144,13,130,200,0.0038,673,47
2025-11-28 12:25,142.7,12,120,200,0.0044,726,51
2025-11-28 12:26,135.2,12,120,200,0.0031,666,53
2025-11-28 12:27,148.7,12,120,200,0.0048,762,49
2025-11-28 12:28,139.2,12,120,200,0.0041,698,46
2025-11-28 12:29,144.9,12,120,200,0.0039,734,51
2025-11-28 12:30,139.4,13,130,200,0.0046,617,46
2025-11-28 12:31,146.9,12,120,200,0.004,742,56
2025-11-28 12:32,137.5,13,130,200,0.0039,664,40
2025-11-28 12:33,138.6,12,120,200,0.0031,680,55
2025-11-28 12:34,132.8,13,130,200,0.0035,607,43
2025-11-28 12:35,132.6,12,120,200,0.0032,662,51
2025-11-28 12:36,137.9,12,120,200,0.0035,716,48
2025-11-28 12:37,137.7,12,120,200,0.0041,717,47
2025-11-28 12:38,123.3,12,120,200,0.0032,623,37
2025-11-28 12:39,133,12,120,200,0.0049,694,53
2025-11-28 12:40,128.5,12,120,200,0.0033,702,44
2025-11-28 12:41,131,11,110,200,0.0048,698,53
2025-11-28 12:42,124.1,12,120,200,0.0044,671,43
2025-11-28 12:43,125.6,11,110,200,0.0035,682,56
2025-11-28 12:44,124.7,11,110,200,0.0038,714,49
2025-11-28 12:45,124.8,11,110,200,0.0032,679,49
2025-11-28 12:46,126.7,11,110,200,0.0036,704,53
2025-11-28 12:47,132.3,11,110,200,0.0035,698,50
2025-11-28 12:48,122.2,11,110,200,0.0041,670,50
2025-11-28 12:49,125.4,11,110,200,0.0036,699,49
2025-11-28 12:50,124.2,12,120,200,0.0049,631,39
2025-11-28 12:51,116.3,11,110,200,0.0053,654,44
2025-11-28 12:52,117.6,11,110,200,0.003,717,43
2025-11-28 12:53,123.7,11,110,200,0.0039,689,54
2025-11-28 12:54,123.6,10,100,200,0.004,710,51
2025-11-28 12:55,123.4,10,100,200,0.003,745,53
2025-11-28 12:56,110.7,11,110,200,0.004,657,46
2025-11-28 12:57,115.9,11,110,200,0.0036,684,36
2025-11-28 12:58,115.1,11,110,200,0.0038,665,44
2025-11-28 12:59,117.3,10,100,200,0.0034,670,44
2025-11-28 13:00,120,10,100,200,0.0046,704,52
2025-11-28 13:01,120.7,10,100,200,0.0031,710,53
2025-11-28 13:02,112.6,10,100,200,0.0034,693,50
2025-11-28 13:03,118.9,10,100,200,0.0032,737,51
2025-11-28 13:04,108.2,11,110,200,0.0039,597,44
2025-11-28 13:05,113.7,10,100,200,0.0031,730,47
2025-11-28 13:06,112.4,10,100,200,0.0036,651,48
2025-11-28 13:07,116.7,10,100,200,0.0036,659,50
2025-11-28 13:08,105.4,10,100,200,0.003,659,42
2025-11-28 13:09,112,10,100,200,0.0036,728,50
2025-11-28 13:10,105.5,10,100,200,0.0039,555,44
2025-11-28 13:11,104.7,9,90,200,0.0057,784,47
2025-11-28 13:12,107.1,10,100,200,0.0041,612,46
2025-11-28 13:13,112.9,9,90,200,0.0034,756,51
2025-11-28 13:14,106.4,9,90,200,0.0034,683,50
2025-11-28 13:15,99.1,9,90,200,0.0048,714,54
2025-11-28 13:16,101.1,10,100,200,0.0032,615,52
2025-11-28 13:17,106.4,9,90,200,0.0052,672,56
2025-11-28 13:18,101.3,9,90,200,0.0044,689,46
2025-11-28 13:19,107.9,9,90,200,0.004,712,51
2025-11-28 13:20,101.5,9,90,200,0.0031,710,46
2025-11-28 13:21,105.2,9,90,200,0.0039,745,46
2025-11-28 13:22,97,9,90,200,0.0037,666,46
2025-11-28 13:23,104.2,9,90,200,0.0033,672,52
2025-11-28 13:24,96,9,90,200,0.0043,693,44
2025-11-28 13:25,95.8,9,90,200,0.0037,685,45
2025-11-28 13:26,93.9,9,90,200,0.0052,737,45
2025-11-28 13:27,91.6,9,90,200,0.0046,599,42
2025-11-28 13:28,94.2,8,80,200,0.003,705,50
2025-11-28 13:29,93.1,8,80,200,0.005,735,45
2025-11-28 13:30,91.2,8,80,200,0.0031,671,50
2025-11-28 13:31,98.2,8,80,200,0.0046,718,57
2025-11-28 13:32,88.6,8,80,200,0.0033,669,53
2025-11-28 13:33,92.3,8,80,200,0.005,707,55
2025-11-28 13:34,90.5,9,90,200,0.003,676,43
2025-11-28 13:35,91.8,8,80,200,0.0035,682,47
2025-11-28 13:36,84.1,8,80,200,0.0041,669,44
2025-11-28 13:37,88.3,8,80,200,0.0034,682,50
2025-11-28 13:38,83.1,8,80,200,0.0043,698,44
2025-11-28 13:39,93.1,8,80,200,0.0035,667,50
2025-11-28 13:40,84.6,8,80,200,0.0044,683,46
2025-11-28 13:41,93.6,7,70,200,0.0048,775,48
2025-11-28 13:42,90.2,8,80,200,0.003,698,50
2025-11-28 13:43,93.8,8,80,200,0.0037,697,53
2025-11-28 13:44,85.5,8,80,200,0.004,640,44
2025-11-28 13:45,83.9,8,80,200,0.0045,662,46
2025-11-28 13:46,81.5,8,80,200,0.0043,631,39
2025-11-28 13:47,83.6,8,80,200,0.0032,688,43
2025-11-28 13:48,83.5,7,70,200,0.003,691,50
2025-11-28 13:49,86.3,7,70,200,0.003,779,52
2025-11-28 13:50,79.2,7,70,200,0.0032,694,47
2025-11-28 13:51,81.9,7,70,200,0.0042,713,47
2025-11-28 13:52,78.8,8,80,200,0.0034,637,33
2025-11-28 13:53,75.7,7,70,200,0.0034,679,44
2025-11-28 13:54,79.8,7,70,200,0.0044,697,43
2025-11-28 13:55,82.9,7,70,200,0.0039,780,43
2025-11-28 13:56,74.6,7,70,200,0.0038,626,48
2025-11-28 13:57,76.6,7,70,200,0.0033,702,47
2025-11-28 13:58,79.1,7,70,200,0.0046,704,45
2025-11-28 13:59,75.4,7,70,200,0.0037,673,45
