customer_id,email,name
C001,aisha.lawal@example.com,Aisha Lawal
C002,uche.adeyemi@example.com,Uche Adeyemi
C003,amaka.okafor@example.com,Amaka Okafor
C004,hauwa.obi@example.com,Hauwa Obi
C005,emeka.ogunleye@example.com,Emeka Ogunleye
C006,babatunde.eze@example.com,Babatunde Eze
C007,funmilayo.eze@example.com,Funmilayo Eze
C008,obinna.oyelaran@example.com,Obinna Oyelaran
C009,bisi.danjuma@example.com,Bisi Danjuma
C010,tobi.ogunleye@example.com,Tobi Ogunleye
C011,kelechi.bello@example.com,Kelechi Bello
C012,zainab.ogunleye@example.com,Zainab Ogunleye
C013,chiamaka.olawale@example.com,Chiamaka Olawale
C014,sade.ndukwe@example.com,Sade Ndukwe
C015,adaeze.umar@example.com,Adaeze Umar
C016,ifeoma.chukwu@example.com,Ifeoma Chukwu
C017,aisha.suleiman@example.com,Aisha Suleiman
C018,emeka.okeke@example.com,Emeka Okeke
C019,tobi.ibe@example.com,Tobi Ibe
C020,kelechi.okeke@example.com,Kelechi Okeke
C021,aisha.oyelaran@example.com,Aisha Oyelaran
C022,yusuf.nwosu@example.com,Yusuf Nwosu
C023,kelechi.danjuma@example.com,Kelechi Danjuma
C024,funmilayo.abdullahi@example.com,Funmilayo Abdullahi
C025,ibrahim.ibe@example.com,Ibrahim Ibe
C026,funmilayo.adebayo@example.com,Funmilayo Adebayo
C027,obinna.okafor@example.com,Obinna Okafor
C028,adaeze.ibe@example.com,Adaeze Ibe
C029,ngozi.chukwu@example.com,Ngozi Chukwu
C030,musa.obi@example.com,Musa Obi
C031,amaka.oyelaran@example.com,Amaka Oyelaran
C032,adaeze.adeyemi@example.com,Adaeze Adeyemi
C033,yusuf.obi@example.com,Yusuf Obi
C034,dapo.oyelaran@example.com,Dapo Oyelaran
C035,emeka.eze@example.com,Emeka Eze
C036,zainab.nwosu@example.com,Zainab Nwosu
C037,chiamaka.abdullahi@example.com,Chiamaka Abdullahi
C038,hauwa.lawal@example.com,Hauwa Lawal
C039,sade.chukwu@example.com,Sade Chukwu
C040,maryam.adebayo@example.com,Maryam Adebayo
C041,temitope.adebayo@example.com,Temitope Adebayo
C042,chiamaka.adebayo@example.com,Chiamaka Adebayo
C043,babatunde.afolabi@example.com,Babatunde Afolabi
C044,tobi.ndukwe@example.com,Tobi Ndukwe
C045,ibrahim.umar@example.com,Ibrahim Umar
C046,ibrahim.afolabi@example.com,Ibrahim Afolabi
C047,babatunde.ndukwe@example.com,Babatunde Ndukwe
C048,segun.lawal@example.com,Segun Lawal
C049,kelechi.abdullahi@example.com,Kelechi Abdullahi
C050,hauwa.eze@example.com,Hauwa Eze
C051,amaka.okeke@example.com,Amaka Okeke
C052,sade.ibe@example.com,Sade Ibe
C053,ibrahim.chukwu@example.com,Ibrahim Chukwu
C054,hauwa.danjuma@example.com,Hauwa Danjuma
C055,halima.obi@example.com,Halima Obi
C056,folake.bello@example.com,Folake Bello
C057,funmilayo.suleiman@example.com,Funmilayo Suleiman
C058,halima.abdullahi@example.com,Halima Abdullahi
C059,emeka.nwosu@example.com,Emeka Nwosu
C060,amaka.danjuma@example.com,Amaka Danjuma
