order_id,sku,quantity,unit_price_kobo
K-1001,TEE-3PK,1,249999
K-1002,SHO-RN,1,3250000
K-1003,DRS-AK,1,1899900
K-1004,EAR-B2,1,2499900
K-1004,CRM-SH,2,650000
K-1005,POT-SET,2,2750000
K-1005,BLN-X1,1,4500000
K-1006,BAG-TT,1,1250000
K-1007,BLN-X1,1,4500000
K-1007,CRM-SH,1,650000
K-1007,SHO-RN,1,3250000
K-1008,TEE-3PK,1,249999
K-1009,TEE-3PK,1,249999
K-1010,DRS-AK,2,1899900
K-1011,POT-SET,3,2750000
K-1011,DRS-AK,1,1899900
K-1012,TEE-3PK,2,249999
K-1013,BLN-X1,1,4500000
K-1014,BLN-X1,1,4500000
K-1015,PHN-Z5,1,18500000
K-1016,CRM-SH,1,650000
K-1017,RCE-50,2,7200000
K-1017,TEE-3PK,2,249999
K-1018,POT-SET,2,2750000
K-1018,CRM-SH,1,650000
K-1019,POT-SET,3,2750000
K-1020,POT-SET,1,2750000
K-1021,SHO-RN,1,3250000
K-1021,BLN-X1,1,4500000
K-1022,DRS-AK,1,1899900
K-1023,TEE-3PK,1,249999
K-1024,SHO-RN,1,3250000
K-1024,CRM-SH,2,650000
K-1025,SHO-RN,1,3250000
K-1026,TEE-3PK,1,249999
K-1026,PHN-Z5,1,18500000
K-1027,TEE-3PK,1,249999
K-1027,BLN-X1,2,4500000
K-1028,BLN-X1,1,4500000
K-1029,RCE-50,1,7200000
K-1030,TEE-3PK,1,249999
K-1031,BLN-X1,1,4500000
K-1031,EAR-B2,2,2499900
K-1032,TEE-3PK,1,249999
K-1032,BAG-TT,1,1250000
K-1033,SHO-RN,2,3250000
K-1034,RCE-50,1,7200000
K-1035,POT-SET,1,2750000
K-1035,CRM-SH,1,650000
K-1036,POT-SET,1,2750000
K-1036,CRM-SH,2,650000
K-1037,POT-SET,1,2750000
K-1037,PHN-Z5,2,18500000
K-1037,BAG-TT,1,1250000
K-1038,PHN-Z5,1,18500000
K-1038,CRM-SH,1,650000
K-1039,PHN-Z5,2,18500000
K-1039,TEE-3PK,1,249999
K-1040,DRS-AK,1,1899900
K-1041,DRS-AK,1,1899900
K-1041,BAG-TT,2,1250000
K-1042,RCE-50,1,7200000
K-1042,SHO-RN,1,3250000
K-1043,SHO-RN,1,3250000
K-1043,DRS-AK,1,1899900
K-1044,BLN-X1,1,4500000
K-1045,TEE-3PK,1,249999
K-1045,SHO-RN,1,3250000
K-1046,CRM-SH,1,650000
K-1047,PHN-Z5,2,18500000
K-1048,PHN-Z5,1,18500000
K-1049,TEE-3PK,2,249999
K-1049,RCE-50,1,7200000
K-1050,DRS-AK,1,1899900
K-1050,BAG-TT,1,1250000
K-1051,RCE-50,1,7200000
K-1052,EAR-B2,1,2499900
K-1053,SHO-RN,2,3250000
K-1054,RCE-50,1,7200000
K-1054,SHO-RN,3,3250000
K-1054,EAR-B2,1,2499900
K-1055,BLN-X1,1,4500000
K-1055,DRS-AK,1,1899900
K-1056,RCE-50,1,7200000
K-1057,RCE-50,1,7200000
K-1057,PHN-Z5,1,18500000
K-1058,PHN-Z5,1,18500000
K-1059,PHN-Z5,1,18500000
K-1059,BAG-TT,1,1250000
K-1060,POT-SET,2,2750000
K-1060,SHO-RN,2,3250000
K-1061,BLN-X1,1,4500000
K-1062,TEE-3PK,2,249999
K-1062,DRS-AK,2,1899900
K-1062,SHO-RN,1,3250000
K-1063,RCE-50,1,7200000
K-1063,DRS-AK,2,1899900
K-1064,EAR-B2,1,2499900
K-1064,POT-SET,1,2750000
K-1065,DRS-AK,1,1899900
K-1066,RCE-50,1,7200000
K-1066,TEE-3PK,1,249999
K-1067,BLN-X1,2,4500000
K-1068,SHO-RN,3,3250000
K-1068,CRM-SH,1,650000
K-1069,EAR-B2,1,2499900
K-1069,BAG-TT,1,1250000
K-1070,BAG-TT,2,1250000
K-1070,TEE-3PK,3,249999
K-1071,POT-SET,1,2750000
K-1071,RCE-50,1,7200000
K-1071,PHN-Z5,1,18500000
K-1072,SHO-RN,1,3250000
K-1073,POT-SET,1,2750000
K-1074,SHO-RN,1,3250000
K-1075,CRM-SH,2,650000
K-1075,BAG-TT,1,1250000
K-1075,EAR-B2,1,2499900
K-1076,TEE-3PK,1,249999
K-1077,CRM-SH,1,650000
K-1078,BLN-X1,1,4500000
K-1078,SHO-RN,3,3250000
K-1079,EAR-B2,2,2499900
K-1080,POT-SET,1,2750000
K-1080,RCE-50,1,7200000
K-1080,BLN-X1,1,4500000
K-1081,RCE-50,3,7200000
K-1081,BAG-TT,2,1250000
K-1081,TEE-3PK,1,249999
K-1082,CRM-SH,1,650000
K-1083,EAR-B2,1,2499900
K-1084,DRS-AK,1,1899900
K-1085,TEE-3PK,1,249999
K-1086,CRM-SH,1,650000
K-1086,PHN-Z5,2,18500000
K-1087,DRS-AK,1,1899900
K-1088,BAG-TT,2,1250000
K-1089,TEE-3PK,1,249999
K-1090,EAR-B2,1,2499900
K-1090,SHO-RN,1,3250000
K-1091,CRM-SH,1,650000
K-1092,BLN-X1,1,4500000
K-1093,EAR-B2,1,2499900
K-1094,BAG-TT,1,1250000
K-1094,SHO-RN,1,3250000
K-1095,POT-SET,1,2750000
K-1096,SHO-RN,1,3250000
K-1097,TEE-3PK,1,249999
K-1097,PHN-Z5,1,18500000
K-1098,CRM-SH,1,650000
K-1099,EAR-B2,2,2499900
K-1099,BAG-TT,3,1250000
K-1099,DRS-AK,1,1899900
K-1100,CRM-SH,3,650000
K-1100,RCE-50,1,7200000
K-1100,SHO-RN,1,3250000
K-1101,BLN-X1,3,4500000
K-1101,RCE-50,1,7200000
K-1102,POT-SET,2,2750000
K-1102,TEE-3PK,2,249999
K-1103,SHO-RN,1,3250000
K-1104,PHN-Z5,2,18500000
K-1105,CRM-SH,2,650000
K-1106,BLN-X1,3,4500000
K-1106,CRM-SH,1,650000
K-1107,RCE-50,2,7200000
K-1108,PHN-Z5,3,18500000
K-1108,BLN-X1,3,4500000
K-1109,SHO-RN,1,3250000
K-1110,TEE-3PK,2,249999
K-1110,SHO-RN,1,3250000
K-1111,SHO-RN,1,3250000
K-1111,POT-SET,1,2750000
K-1112,RCE-50,1,7200000
K-1112,EAR-B2,1,2499900
K-1113,TEE-3PK,1,249999
K-1113,DRS-AK,1,1899900
K-1114,EAR-B2,2,2499900
K-1114,SHO-RN,1,3250000
K-1114,TEE-3PK,1,249999
K-1115,TEE-3PK,1,249999
K-1116,CRM-SH,1,650000
K-1117,SHO-RN,1,3250000
K-1117,TEE-3PK,1,249999
K-1118,TEE-3PK,3,249999
K-1118,CRM-SH,1,650000
K-1119,CRM-SH,3,650000
K-1120,EAR-B2,1,2499900
K-1120,BAG-TT,2,1250000
K-1121,TEE-3PK,3,249999
K-1121,BLN-X1,1,4500000
K-1121,DRS-AK,1,1899900
K-1122,SHO-RN,1,3250000
K-1123,SHO-RN,2,3250000
K-1123,EAR-B2,2,2499900
K-1124,SHO-RN,2,3250000
K-1124,RCE-50,1,7200000
K-1125,DRS-AK,1,1899900
K-1126,EAR-B2,2,2499900
K-1126,POT-SET,3,2750000
K-1127,BLN-X1,1,4500000
K-1128,BAG-TT,2,1250000
K-1128,CRM-SH,1,650000
K-1129,CRM-SH,1,650000
K-1130,SHO-RN,1,3250000
K-1131,SHO-RN,1,3250000
K-1131,TEE-3PK,1,249999
K-1131,BAG-TT,1,1250000
K-1132,SHO-RN,3,3250000
K-1133,DRS-AK,1,1899900
K-1134,EAR-B2,1,2499900
K-1134,RCE-50,1,7200000
K-1135,RCE-50,3,7200000
K-1136,DRS-AK,3,1899900
K-1137,SHO-RN,1,3250000
K-1138,EAR-B2,1,2499900
K-1138,DRS-AK,2,1899900
K-1139,DRS-AK,1,1899900
K-1140,SHO-RN,2,3250000
K-1141,RCE-50,1,7200000
K-1142,EAR-B2,1,2499900
K-1142,PHN-Z5,1,18500000
K-1143,BAG-TT,2,1250000
K-1143,PHN-Z5,1,18500000
K-1143,EAR-B2,1,2499900
K-1144,BAG-TT,1,1250000
K-1145,PHN-Z5,1,18500000
K-1146,POT-SET,1,2750000
K-1147,BLN-X1,2,4500000
K-1148,POT-SET,1,2750000
K-1149,TEE-3PK,1,249999
K-1150,CRM-SH,1,650000
