deploy_id,baseline_requests,baseline_errors,canary_requests,canary_errors,baseline_p95_ms,canary_p95_ms,decision
D0041,23117,50,2569,7,240,234,promoted
D0042,19359,109,2151,13,188,189,promoted
D0043,27402,155,3045,16,314,294,promoted
D0044,16364,74,1818,5,211,208,promoted
D0045,18514,76,2057,10,297,338,promoted
D0046,11860,69,1318,9,301,313,promoted
D0047,22131,74,2459,10,317,341,promoted
D0048,9893,40,1099,3,227,205,promoted
D0049,26055,151,2895,19,237,259,promoted
D0050,24222,72,2691,6,285,277,promoted
D0051,28284,118,3143,16,194,193,promoted
D0052,18789,48,2088,5,222,225,promoted
D0053,19498,67,2166,5,272,263,promoted
D0054,22457,68,2495,8,258,259,promoted
D0055,20312,119,2257,9,239,255,promoted
D0056,12634,35,1404,2,207,228,promoted
D0057,10014,23,1113,3,186,212,promoted
D0058,17590,41,1954,4,318,291,promoted
D0059,18740,92,2082,10,253,243,promoted
D0060,28314,81,3146,8,262,254,promoted
D0061,29318,73,3258,8,262,248,promoted
D0062,23199,68,2578,7,244,258,promoted
D0063,25585,75,2843,12,245,273,promoted
D0064,10529,54,1170,8,276,305,promoted
D0065,26089,136,2899,18,262,277,promoted
D0066,29585,156,3287,24,242,263,promoted
D0067,16462,57,1829,7,242,256,promoted
D0068,21459,85,2384,10,181,184,promoted
D0069,19433,52,2159,5,260,245,promoted
D0070,25965,80,2885,11,257,260,promoted
D0071,19874,114,2208,18,215,226,promoted
D0072,22774,64,2530,5,237,270,promoted
D0073,10276,41,1142,5,236,213,promoted
D0074,18459,63,2051,6,312,306,promoted
D0075,15825,62,1758,10,312,339,promoted
D0076,24675,132,2742,158,255,250,rolled_back
D0077,11758,48,1306,5,208,235,promoted
D0078,10808,52,1201,8,233,260,promoted
D0079,15358,73,1706,11,234,237,promoted
D0080,26943,136,2994,17,304,288,promoted
D0081,19712,60,2190,8,279,296,promoted
D0082,26421,123,2936,9,255,281,promoted
D0083,16592,37,1844,4,280,282,promoted
D0084,14549,50,1617,3,195,183,promoted
D0085,17474,56,1942,4,200,218,promoted
D0086,10733,64,1193,5,278,279,promoted
D0087,9204,27,1023,4,240,264,promoted
D0088,28676,84,3186,40,229,615,rolled_back
D0089,12763,76,1418,6,260,272,promoted
D0090,9448,56,1050,7,268,305,promoted
D0091,26791,124,2977,20,297,289,promoted
D0092,22643,120,2516,18,305,307,promoted
D0093,25330,147,2814,94,226,224,rolled_back
D0094,21184,83,2354,6,258,288,promoted
D0095,12985,38,1443,4,257,239,promoted
D0096,27408,135,3045,12,186,176,promoted
D0097,13586,52,1510,9,301,326,promoted
D0098,25346,82,2816,6,284,296,promoted
D0099,26309,127,2923,19,203,228,promoted
D0100,15635,57,1737,10,195,218,promoted
D0101,24637,73,2737,71,245,241,rolled_back
D0102,28289,132,3143,18,201,196,promoted
D0103,16796,72,1866,10,301,317,promoted
D0104,23306,74,2590,12,191,181,promoted
D0105,27231,75,3026,8,318,351,promoted
D0106,12037,27,1337,3,278,251,promoted
D0107,26133,122,2904,15,237,240,promoted
D0108,28355,83,3151,14,317,323,promoted
D0109,25907,94,2879,15,264,277,promoted
D0110,14714,49,1635,7,215,231,promoted
D0111,14249,63,1583,9,263,242,promoted
D0112,19434,97,2159,7,269,258,promoted
D0113,21449,84,2383,13,295,314,promoted
D0114,26495,117,2944,12,300,338,promoted
D0115,22605,53,2512,9,184,185,promoted
D0116,14906,61,1656,6,247,280,promoted
D0117,21238,88,2360,13,195,195,promoted
D0118,18782,44,2087,6,303,309,promoted
D0119,19066,100,2118,12,264,248,promoted
D0120,15658,33,1740,3,261,265,promoted
D0121,19267,80,2141,6,215,245,promoted
D0122,17870,89,1986,8,316,339,promoted
D0123,18480,58,2053,79,181,462,rolled_back
D0124,15423,68,1714,9,196,220,promoted
D0125,21749,117,2417,11,273,313,promoted
D0126,13219,42,1469,6,309,338,promoted
D0127,14744,75,1638,6,193,201,promoted
D0128,14136,62,1571,4,275,248,promoted
D0129,11502,49,1278,4,273,258,promoted
D0130,22429,125,2492,11,201,208,promoted
D0131,26915,156,2991,14,319,349,promoted
D0132,23786,88,2643,11,208,206,promoted
D0133,12829,54,1425,6,247,281,promoted
D0134,28968,156,3219,11,255,248,promoted
D0135,15787,42,1754,4,204,208,promoted
D0136,22333,62,2481,6,317,362,promoted
D0137,23598,71,2622,10,221,229,promoted
D0138,18624,66,2069,8,288,329,promoted
D0139,15057,73,1673,6,237,272,promoted
D0140,18394,92,2044,45,261,492,rolled_back
D0141,17493,88,1944,6,276,285,promoted
D0142,20078,108,2231,13,186,188,promoted
D0143,13641,61,1516,10,223,223,promoted
D0144,28553,146,3173,20,270,280,promoted
D0145,10000,24,1111,3,237,223,promoted
D0146,14513,48,1613,7,308,341,promoted
D0147,25909,76,2879,11,203,194,promoted
D0148,28148,81,3128,8,291,319,promoted
D0149,27215,132,3024,20,186,183,promoted
D0150,12076,38,1342,5,233,252,promoted
D0151,15973,65,1775,8,261,267,promoted
D0152,20137,86,2237,6,221,249,promoted
D0153,11901,55,1322,6,229,225,promoted
D0154,17286,50,1921,7,303,290,promoted
D0155,10196,29,1133,4,252,274,promoted
D0156,28105,137,3123,16,254,231,promoted
D0157,27890,148,3099,23,210,190,promoted
D0158,23227,70,2581,5,286,271,promoted
D0159,15377,60,1709,6,245,258,promoted
D0160,22467,130,2496,15,223,239,promoted
D0161,10790,38,1199,6,290,302,promoted
D0162,19464,48,2163,5,257,282,promoted
D0163,20943,121,2327,19,236,257,promoted
D0164,18423,52,2047,6,248,274,promoted
D0165,24524,123,2725,20,298,283,promoted
D0166,14118,38,1569,4,252,241,promoted
D0167,16149,76,1794,8,291,293,promoted
D0168,10521,42,1169,5,266,275,promoted
D0169,19351,76,2150,8,293,267,promoted
D0170,18680,81,2076,9,280,316,promoted
D0171,23595,49,2622,8,247,255,promoted
D0172,11839,70,1315,7,215,208,promoted
D0173,25003,145,2778,11,280,257,promoted
D0174,20002,101,2222,9,218,198,promoted
D0175,24397,98,2711,79,226,245,rolled_back
D0176,16219,96,1802,8,218,247,promoted
D0177,28715,98,3191,13,241,232,promoted
D0178,16258,48,1806,4,305,310,promoted
D0179,21210,69,2357,5,252,276,promoted
D0180,16020,48,1780,7,182,173,promoted
D0181,14968,55,1663,6,240,224,promoted
D0182,14092,70,1566,12,236,242,promoted
D0183,9302,41,1034,4,185,172,promoted
D0184,25344,84,2816,7,273,301,promoted
D0185,14171,30,1575,4,226,255,promoted
D0186,24634,68,2737,8,217,242,promoted
D0187,19956,60,2217,6,200,187,promoted
D0188,15318,81,1702,9,302,280,promoted
D0189,12957,60,1440,7,290,294,promoted
D0190,16842,48,1871,3,222,244,promoted
D0191,25706,109,2856,17,187,195,promoted
D0192,18401,110,2045,17,226,219,promoted
D0193,16961,68,1885,8,299,304,promoted
D0194,28891,63,3210,49,284,699,rolled_back
D0195,17595,71,1955,9,266,286,promoted
D0196,20679,45,2298,3,239,254,promoted
D0197,15057,54,1673,5,279,312,promoted
D0198,10795,61,1199,6,254,241,promoted
D0199,16726,60,1858,10,319,348,promoted
D0200,23672,124,2630,20,285,264,promoted
D0201,14799,57,1644,8,235,257,promoted
D0202,23381,95,2598,9,214,238,promoted
D0203,20257,55,2251,6,186,187,promoted
D0204,19397,88,2155,11,222,254,promoted
D0205,29530,143,3281,52,187,179,rolled_back
D0206,19505,81,2167,13,317,337,promoted
D0207,10035,55,1115,7,309,345,promoted
D0208,22099,102,2455,11,184,173,promoted
D0209,17382,38,1931,3,289,278,promoted
D0210,25068,51,2785,6,259,235,promoted
D0211,10811,49,1201,4,263,243,promoted
D0212,24449,100,2717,14,244,228,promoted
D0213,20267,118,2252,18,228,217,promoted
D0214,13476,39,1497,5,267,277,promoted
D0215,16710,59,1857,4,274,300,promoted
D0216,25588,57,2843,8,185,170,promoted
D0217,9739,25,1082,3,247,264,promoted
D0218,19796,95,2200,7,250,228,promoted
D0219,16420,39,1824,3,300,297,promoted
D0220,22491,63,2499,7,289,322,promoted
D0221,16963,93,1885,9,309,334,promoted
D0222,15910,93,1768,10,275,260,promoted
D0223,18127,67,2014,11,242,230,promoted
D0224,27061,131,3007,18,184,169,promoted
D0225,24846,113,2761,8,290,267,promoted
D0226,26210,145,2912,14,294,308,promoted
D0227,16841,75,1871,11,265,283,promoted
D0228,9461,43,1051,3,255,265,promoted
D0229,25538,91,2838,11,231,240,promoted
D0230,11147,47,1239,7,268,268,promoted
D0231,20387,41,2265,7,291,294,promoted
D0232,21507,119,2390,9,236,223,promoted
D0233,18370,45,2041,32,232,489,rolled_back
D0234,12842,59,1427,36,205,477,rolled_back
D0235,19284,51,2143,5,302,291,promoted
D0236,11794,64,1310,8,306,337,promoted
D0237,17264,77,1918,8,315,341,promoted
D0238,24768,92,2752,6,248,226,promoted
D0239,12007,35,1334,6,184,198,promoted
D0240,14147,55,1572,8,292,296,promoted
D0241,23958,69,2662,6,203,186,promoted
D0242,10159,21,1129,2,269,292,promoted
D0243,25041,74,2782,8,277,310,promoted
D0244,11661,34,1296,2,300,335,promoted
D0245,15267,31,1696,4,198,196,promoted
D0246,25217,85,2802,8,212,239,promoted
D0247,25068,124,2785,18,218,239,promoted
D0248,18507,65,2056,5,191,194,promoted
D0249,14527,34,1614,4,216,213,promoted
D0250,13302,31,1478,3,198,225,promoted
D0251,26352,114,2928,8,206,227,promoted
D0252,23448,106,2605,16,186,183,promoted
D0253,12225,36,1358,6,198,217,promoted
D0254,13581,42,1509,5,276,282,promoted
D0255,13525,45,1503,3,246,230,promoted
D0256,26678,102,2964,113,309,341,rolled_back
D0257,23642,134,2627,12,226,239,promoted
D0258,21953,72,2439,8,309,326,promoted
D0259,24771,80,2752,11,212,231,promoted
D0260,19411,57,2157,4,286,302,promoted
D0261,27984,120,3109,10,239,260,promoted
D0262,26158,93,2906,8,299,303,promoted
D0263,29547,159,3283,24,294,312,promoted
D0264,21193,84,2355,12,237,248,promoted
D0265,15832,53,1759,80,230,243,rolled_back
D0266,24349,119,2705,12,261,274,promoted
D0267,13312,36,1479,6,199,196,promoted
D0268,25997,72,2889,5,248,257,promoted
D0269,16196,34,1800,4,259,274,promoted
D0270,29051,94,3228,11,283,281,promoted
D0271,13545,40,1505,4,266,246,promoted
D0272,22446,109,2494,9,261,243,promoted
D0273,15726,49,1747,8,184,208,promoted
D0274,21832,69,2426,9,223,250,promoted
D0275,14290,83,1588,8,260,293,promoted
D0276,16174,56,1797,9,236,216,promoted
D0277,10758,42,1195,4,194,207,promoted
D0278,29597,130,3289,15,182,172,promoted
D0279,25054,52,2784,7,188,188,promoted
D0280,25891,139,2877,15,235,252,promoted
D0281,19054,111,2117,17,285,318,promoted
D0282,10681,46,1187,5,294,301,promoted
D0283,22796,123,2533,13,248,241,promoted
D0284,15180,33,1687,4,243,275,promoted
D0285,18733,109,2081,7,206,234,promoted
D0286,16794,71,1866,7,237,262,promoted
D0287,25433,101,2826,165,319,358,rolled_back
D0288,20652,82,2295,11,296,309,promoted
D0289,12351,62,1372,8,204,219,promoted
D0290,20224,83,2247,9,308,284,promoted
D0291,15987,68,1776,11,196,194,promoted
D0292,20664,120,2296,187,269,280,rolled_back
D0293,16710,42,1857,7,312,299,promoted
D0294,21675,127,2408,16,258,267,promoted
D0295,23121,82,2569,100,228,249,rolled_back
D0296,10967,28,1219,3,312,339,promoted
D0297,14115,73,1568,6,244,233,promoted
D0298,12940,70,1438,9,203,199,promoted
D0299,22389,102,2488,7,275,277,promoted
D0300,10700,42,1189,5,209,200,promoted
D0301,10193,27,1133,4,197,197,promoted
D0302,18998,60,2111,5,182,208,promoted
D0303,16249,97,1805,151,223,252,rolled_back
D0304,16332,48,1815,4,225,203,promoted
D0305,17685,37,1965,3,194,221,promoted
