deploy_id,service,pipeline,strategy,first_commit_at,deployed_at,commits,result,caused_incident,minutes_to_restore
D0001,web,old,all_at_once,2026-02-27 00:27,2026-03-02 11:00,8,success,0,
D0002,worker,old,all_at_once,2026-02-23 14:14,2026-03-02 13:00,28,success,0,
D0003,api,old,all_at_once,2026-02-25 21:52,2026-03-02 16:00,10,success,0,
D0004,worker,old,all_at_once,2026-02-26 11:02,2026-03-06 13:00,29,success,0,
D0005,web,old,all_at_once,2026-03-02 03:57,2026-03-09 11:00,16,success,0,
D0006,api,old,all_at_once,2026-03-03 06:18,2026-03-11 16:00,10,success,0,
D0007,worker,old,all_at_once,2026-03-12 22:21,2026-03-16 13:00,32,rolled_back,1,306
D0008,web,old,all_at_once,2026-03-13 05:38,2026-03-17 11:00,13,success,0,
D0009,api,old,all_at_once,2026-03-15 01:17,2026-03-20 16:00,11,success,0,
D0010,web,old,all_at_once,2026-03-17 22:20,2026-03-25 11:00,27,success,0,
D0011,worker,old,all_at_once,2026-03-21 08:37,2026-03-25 13:00,16,success,0,
D0012,web,old,all_at_once,2026-03-26 08:53,2026-03-30 11:00,13,success,0,
D0013,worker,old,all_at_once,2026-03-27 01:42,2026-03-30 13:00,24,success,0,
D0014,api,old,all_at_once,2026-03-20 15:37,2026-03-30 16:00,25,success,0,
D0015,worker,old,all_at_once,2026-03-30 21:32,2026-04-03 13:00,37,success,0,
D0016,web,old,all_at_once,2026-03-29 10:56,2026-04-07 11:00,32,rolled_back,1,277
D0017,api,old,all_at_once,2026-04-01 01:56,2026-04-07 16:00,20,success,0,
D0018,worker,old,all_at_once,2026-04-01 21:59,2026-04-09 13:00,21,success,0,
D0019,web,old,all_at_once,2026-04-07 04:04,2026-04-13 11:00,32,success,0,
D0020,api,old,all_at_once,2026-04-08 04:58,2026-04-13 16:00,23,success,0,
D0021,worker,old,all_at_once,2026-04-10 17:50,2026-04-15 13:00,9,success,0,
D0022,web,old,all_at_once,2026-04-14 19:25,2026-04-20 11:00,19,fixed_forward,1,216
D0023,api,old,all_at_once,2026-04-14 21:44,2026-04-21 16:00,27,success,0,
D0024,worker,old,all_at_once,2026-04-14 23:03,2026-04-22 13:00,16,success,0,
D0025,web,old,all_at_once,2026-04-15 01:09,2026-04-24 11:00,24,success,0,
D0026,api,old,all_at_once,2026-04-23 07:57,2026-04-28 16:00,11,success,0,
D0027,web,old,all_at_once,2026-04-25 09:46,2026-05-01 11:00,28,success,0,
D0028,worker,old,all_at_once,2026-04-25 05:20,2026-05-01 13:00,21,success,0,
D0029,api,old,all_at_once,2026-04-27 04:18,2026-05-04 16:00,12,success,0,
D0030,web,old,all_at_once,2026-04-28 18:57,2026-05-05 11:00,32,fixed_forward,1,172
D0031,worker,old,all_at_once,2026-05-02 12:45,2026-05-08 13:00,23,success,0,
D0032,web,old,all_at_once,2026-05-06 21:48,2026-05-11 11:00,25,rolled_back,1,194
D0033,api,old,all_at_once,2026-05-03 05:26,2026-05-11 16:00,34,success,0,
D0034,worker,old,all_at_once,2026-05-06 15:15,2026-05-13 13:00,16,success,0,
D0035,web,old,all_at_once,2026-05-09 17:44,2026-05-18 11:00,8,rolled_back,1,96
D0036,api,old,all_at_once,2026-05-11 18:09,2026-05-18 16:00,35,fixed_forward,1,278
D0037,worker,old,all_at_once,2026-05-11 09:35,2026-05-20 13:00,8,success,0,
D0038,api,old,all_at_once,2026-05-19 02:02,2026-05-25 16:00,29,success,0,
D0039,worker,old,all_at_once,2026-05-16 21:40,2026-05-26 13:00,40,success,0,
D0040,web,old,all_at_once,2026-05-18 07:53,2026-05-27 11:00,23,rolled_back,1,61
D0041,worker,new,canary,2026-06-01 09:57,2026-06-01 13:00,1,success,0,
D0042,api,new,canary,2026-06-01 07:25,2026-06-01 16:00,3,success,0,
D0043,web,new,canary,2026-06-01 23:51,2026-06-02 11:00,5,success,0,
D0044,worker,new,canary,2026-06-01 17:50,2026-06-02 13:00,3,success,0,
D0045,worker,new,canary,2026-06-01 11:10,2026-06-02 16:00,2,success,0,
D0046,web,new,canary,2026-06-02 10:11,2026-06-03 13:00,4,success,0,
D0047,api,new,canary,2026-06-02 11:19,2026-06-03 15:00,1,success,0,
D0048,worker,new,canary,2026-06-03 04:33,2026-06-04 10:00,3,success,0,
D0049,web,new,canary,2026-06-03 11:30,2026-06-04 13:00,1,success,0,
D0050,api,new,canary,2026-06-03 13:55,2026-06-04 17:00,4,success,0,
D0051,worker,new,canary,2026-06-04 04:20,2026-06-05 09:00,4,success,0,
D0052,worker,new,canary,2026-06-04 12:42,2026-06-05 11:00,5,success,0,
D0053,api,new,canary,2026-06-04 14:37,2026-06-05 12:00,3,success,0,
D0054,web,new,canary,2026-06-05 03:20,2026-06-05 14:00,2,success,0,
D0055,web,new,canary,2026-06-04 23:06,2026-06-05 14:00,3,success,0,
D0056,web,new,canary,2026-06-05 10:23,2026-06-05 14:00,4,success,0,
D0057,api,new,canary,2026-06-04 19:17,2026-06-05 14:00,1,success,0,
D0058,api,new,canary,2026-06-04 15:12,2026-06-05 17:00,3,success,0,
D0059,worker,new,canary,2026-06-07 16:30,2026-06-08 12:00,4,success,0,
D0060,web,new,canary,2026-06-07 18:24,2026-06-08 13:00,5,success,0,
D0061,api,new,canary,2026-06-08 00:55,2026-06-08 13:00,4,success,0,
D0062,worker,new,canary,2026-06-08 06:36,2026-06-08 14:00,2,success,0,
D0063,api,new,canary,2026-06-07 21:22,2026-06-08 16:00,2,success,0,
D0064,worker,new,canary,2026-06-09 00:14,2026-06-09 12:00,2,success,0,
D0065,web,new,canary,2026-06-08 08:36,2026-06-09 14:00,3,success,0,
D0066,api,new,canary,2026-06-09 00:34,2026-06-09 16:00,1,success,0,
D0067,worker,new,canary,2026-06-09 18:34,2026-06-10 13:00,3,success,0,
D0068,web,new,canary,2026-06-09 09:50,2026-06-10 14:00,3,success,0,
D0069,api,new,canary,2026-06-09 11:26,2026-06-10 16:00,2,success,0,
D0070,worker,new,canary,2026-06-09 19:04,2026-06-10 17:00,2,success,0,
D0071,web,new,canary,2026-06-11 04:57,2026-06-11 13:00,2,success,0,
D0072,api,new,canary,2026-06-11 08:47,2026-06-11 14:00,5,success,0,
D0073,web,new,canary,2026-06-10 22:41,2026-06-11 15:00,4,success,0,
D0074,worker,new,canary,2026-06-10 18:44,2026-06-11 15:00,3,success,0,
D0075,worker,new,canary,2026-06-10 19:23,2026-06-11 15:00,2,success,0,
D0076,web,new,canary,2026-06-10 20:24,2026-06-11 16:00,1,rolled_back,0,
D0077,api,new,canary,2026-06-10 15:35,2026-06-11 16:00,3,success,0,
D0078,web,new,canary,2026-06-10 18:51,2026-06-11 17:00,1,success,0,
D0079,worker,new,canary,2026-06-12 13:54,2026-06-12 16:00,3,success,0,
D0080,worker,new,canary,2026-06-11 10:41,2026-06-12 16:00,3,success,0,
D0081,api,new,canary,2026-06-14 10:15,2026-06-15 13:00,5,success,0,
D0082,worker,new,canary,2026-06-14 11:14,2026-06-15 14:00,2,success,0,
D0083,web,new,canary,2026-06-14 22:36,2026-06-15 15:00,5,success,0,
D0084,web,new,canary,2026-06-15 04:00,2026-06-15 16:00,3,success,0,
D0085,api,new,canary,2026-06-16 08:37,2026-06-16 11:00,2,success,0,
D0086,worker,new,canary,2026-06-15 09:35,2026-06-16 12:00,2,success,0,
D0087,web,new,canary,2026-06-15 18:18,2026-06-16 15:00,2,success,0,
D0088,api,new,canary,2026-06-16 03:00,2026-06-16 15:00,3,rolled_back,0,
D0089,web,new,canary,2026-06-16 11:02,2026-06-16 16:00,3,success,0,
D0090,web,new,canary,2026-06-16 16:33,2026-06-17 11:00,1,success,0,
D0091,web,new,canary,2026-06-16 06:09,2026-06-17 12:00,1,success,0,
D0092,web,new,canary,2026-06-17 04:57,2026-06-17 13:00,2,success,0,
D0093,worker,new,canary,2026-06-17 06:03,2026-06-17 14:00,2,rolled_back,0,
D0094,api,new,canary,2026-06-16 17:42,2026-06-17 17:00,3,success,0,
D0095,worker,new,canary,2026-06-18 07:55,2026-06-18 12:00,1,success,0,
D0096,web,new,canary,2026-06-17 12:02,2026-06-18 13:00,1,success,0,
D0097,web,new,canary,2026-06-17 11:11,2026-06-18 13:00,3,success,0,
D0098,api,new,canary,2026-06-18 09:21,2026-06-18 16:00,4,success,0,
D0099,worker,new,canary,2026-06-18 11:08,2026-06-19 10:00,1,success,0,
D0100,api,new,canary,2026-06-19 03:21,2026-06-19 13:00,3,success,0,
D0101,worker,new,canary,2026-06-18 16:52,2026-06-19 13:00,4,rolled_back,0,
D0102,web,new,canary,2026-06-19 01:34,2026-06-19 14:00,4,success,0,
D0103,web,new,canary,2026-06-21 22:16,2026-06-22 10:00,4,success,0,
D0104,web,new,canary,2026-06-21 06:38,2026-06-22 11:00,4,success,0,
D0105,api,new,canary,2026-06-22 05:51,2026-06-22 11:00,3,success,0,
D0106,api,new,canary,2026-06-21 21:35,2026-06-22 11:00,4,success,0,
D0107,worker,new,canary,2026-06-21 21:01,2026-06-22 13:00,2,success,0,
D0108,web,new,canary,2026-06-21 18:30,2026-06-22 14:00,5,success,0,
D0109,api,new,canary,2026-06-21 10:57,2026-06-22 14:00,3,success,0,
D0110,worker,new,canary,2026-06-22 05:42,2026-06-22 16:00,4,success,0,
D0111,worker,new,canary,2026-06-22 12:13,2026-06-23 14:00,5,success,0,
D0112,web,new,canary,2026-06-23 08:46,2026-06-23 16:00,5,success,0,
D0113,api,new,canary,2026-06-23 07:28,2026-06-23 16:00,4,success,0,
D0114,worker,new,canary,2026-06-23 04:05,2026-06-23 17:00,4,success,0,
D0115,web,new,canary,2026-06-23 17:05,2026-06-24 10:00,4,success,0,
D0116,api,new,canary,2026-06-23 12:26,2026-06-24 14:00,4,success,0,
D0117,web,new,canary,2026-06-24 11:37,2026-06-25 10:00,2,success,0,
D0118,web,new,canary,2026-06-24 22:33,2026-06-25 12:00,3,success,0,
D0119,worker,new,canary,2026-06-24 12:51,2026-06-25 13:00,4,success,0,
D0120,web,new,canary,2026-06-25 10:11,2026-06-25 14:00,3,success,0,
D0121,api,new,canary,2026-06-24 17:18,2026-06-25 16:00,5,success,0,
D0122,worker,new,canary,2026-06-25 22:46,2026-06-26 14:00,4,success,0,
D0123,web,new,canary,2026-06-25 23:11,2026-06-26 15:00,1,rolled_back,0,
D0124,worker,new,canary,2026-06-26 12:20,2026-06-26 16:00,4,success,0,
D0125,api,new,canary,2026-06-29 04:47,2026-06-29 14:00,1,success,0,
D0126,web,new,canary,2026-06-29 11:05,2026-06-29 16:00,2,success,0,
D0127,worker,new,canary,2026-06-29 11:49,2026-06-29 16:00,2,success,0,
D0128,api,new,canary,2026-06-30 09:00,2026-06-30 14:00,3,success,0,
D0129,web,new,canary,2026-06-30 06:54,2026-06-30 15:00,5,success,0,
D0130,api,new,canary,2026-06-30 13:07,2026-06-30 16:00,5,success,0,
D0131,worker,new,canary,2026-06-29 18:05,2026-06-30 16:00,1,success,0,
D0132,api,new,canary,2026-07-01 10:17,2026-07-01 14:00,2,success,0,
D0133,web,new,canary,2026-07-01 08:12,2026-07-01 15:00,3,rolled_back,1,25
D0134,worker,new,canary,2026-06-30 20:48,2026-07-01 17:00,5,success,0,
D0135,api,new,canary,2026-07-01 07:29,2026-07-02 09:00,1,success,0,
D0136,worker,new,canary,2026-07-01 21:03,2026-07-02 13:00,5,success,0,
D0137,api,new,canary,2026-07-02 04:20,2026-07-02 14:00,5,success,0,
D0138,web,new,canary,2026-07-01 17:25,2026-07-02 17:00,2,success,0,
D0139,worker,new,canary,2026-07-03 04:44,2026-07-03 11:00,5,success,0,
D0140,worker,new,canary,2026-07-03 00:16,2026-07-03 11:00,4,rolled_back,0,
D0141,api,new,canary,2026-07-02 11:25,2026-07-03 14:00,3,success,0,
D0142,worker,new,canary,2026-07-02 12:33,2026-07-03 14:00,5,success,0,
D0143,web,new,canary,2026-07-03 06:38,2026-07-03 15:00,3,success,0,
D0144,worker,new,canary,2026-07-05 09:11,2026-07-06 13:00,4,success,0,
D0145,web,new,canary,2026-07-05 22:40,2026-07-06 16:00,4,success,0,
D0146,api,new,canary,2026-07-05 21:48,2026-07-06 16:00,2,success,0,
D0147,web,new,canary,2026-07-07 03:19,2026-07-07 09:00,5,success,0,
D0148,web,new,canary,2026-07-06 22:45,2026-07-07 09:00,5,success,0,
D0149,worker,new,canary,2026-07-07 04:54,2026-07-07 12:00,1,success,0,
D0150,api,new,canary,2026-07-06 22:07,2026-07-07 14:00,2,success,0,
D0151,api,new,canary,2026-07-07 05:21,2026-07-07 16:00,3,success,0,
D0152,api,new,canary,2026-07-08 02:21,2026-07-08 13:00,3,success,0,
D0153,worker,new,canary,2026-07-08 07:45,2026-07-08 14:00,1,success,0,
D0154,web,new,canary,2026-07-08 21:22,2026-07-09 09:00,4,success,0,
D0155,api,new,canary,2026-07-09 00:31,2026-07-09 12:00,4,success,0,
D0156,worker,new,canary,2026-07-09 00:34,2026-07-09 12:00,5,success,0,
D0157,web,new,canary,2026-07-09 18:47,2026-07-10 08:00,3,success,0,
D0158,api,new,canary,2026-07-09 15:33,2026-07-10 10:00,3,success,0,
D0159,worker,new,canary,2026-07-09 08:05,2026-07-10 12:00,5,success,0,
D0160,web,new,canary,2026-07-09 14:18,2026-07-10 13:00,5,success,0,
D0161,worker,new,canary,2026-07-10 04:08,2026-07-10 13:00,4,success,0,
D0162,web,new,canary,2026-07-09 14:11,2026-07-10 14:00,1,success,0,
D0163,web,new,canary,2026-07-09 15:29,2026-07-10 14:00,1,success,0,
D0164,api,new,canary,2026-07-12 10:49,2026-07-13 08:00,3,success,0,
D0165,worker,new,canary,2026-07-12 07:15,2026-07-13 11:00,3,success,0,
D0166,api,new,canary,2026-07-12 11:52,2026-07-13 12:00,4,success,0,
D0167,worker,new,canary,2026-07-12 23:17,2026-07-13 12:00,2,success,0,
D0168,web,new,canary,2026-07-12 14:10,2026-07-13 16:00,5,success,0,
D0169,worker,new,canary,2026-07-13 08:19,2026-07-13 17:00,2,success,0,
D0170,worker,new,canary,2026-07-13 10:47,2026-07-13 17:00,5,success,0,
D0171,api,new,canary,2026-07-13 08:32,2026-07-14 12:00,5,success,0,
D0172,api,new,canary,2026-07-14 04:31,2026-07-14 13:00,1,success,0,
D0173,worker,new,canary,2026-07-13 16:13,2026-07-14 15:00,4,success,0,
D0174,api,new,canary,2026-07-13 11:37,2026-07-14 16:00,2,success,0,
D0175,web,new,canary,2026-07-15 05:43,2026-07-15 13:00,3,rolled_back,0,
D0176,api,new,canary,2026-07-14 17:12,2026-07-15 16:00,1,success,0,
D0177,worker,new,canary,2026-07-15 06:26,2026-07-15 16:00,5,success,0,
D0178,web,new,canary,2026-07-15 07:16,2026-07-16 11:00,4,success,0,
D0179,worker,new,canary,2026-07-15 08:18,2026-07-16 14:00,2,success,0,
D0180,web,new,canary,2026-07-16 14:29,2026-07-17 10:00,5,success,0,
D0181,web,new,canary,2026-07-17 07:55,2026-07-17 12:00,1,success,0,
D0182,api,new,canary,2026-07-16 18:36,2026-07-17 12:00,5,success,0,
D0183,worker,new,canary,2026-07-16 11:05,2026-07-17 13:00,5,success,0,
D0184,web,new,canary,2026-07-17 07:33,2026-07-17 14:00,1,success,0,
D0185,worker,new,canary,2026-07-17 12:32,2026-07-17 17:00,2,success,0,
D0186,web,new,canary,2026-07-19 19:31,2026-07-20 12:00,2,success,0,
D0187,api,new,canary,2026-07-20 09:10,2026-07-20 13:00,1,success,0,
D0188,worker,new,canary,2026-07-20 05:03,2026-07-20 15:00,4,success,0,
D0189,web,new,canary,2026-07-21 07:04,2026-07-21 12:00,4,success,0,
D0190,web,new,canary,2026-07-20 12:58,2026-07-21 12:00,5,success,0,
D0191,api,new,canary,2026-07-20 12:25,2026-07-21 12:00,1,success,0,
D0192,api,new,canary,2026-07-20 12:28,2026-07-21 15:00,2,success,0,
D0193,web,new,canary,2026-07-20 22:04,2026-07-21 16:00,4,success,0,
D0194,worker,new,canary,2026-07-21 01:58,2026-07-21 17:00,1,rolled_back,0,
D0195,web,new,canary,2026-07-22 10:05,2026-07-22 16:00,5,success,0,
D0196,api,new,canary,2026-07-22 00:44,2026-07-22 17:00,2,success,0,
D0197,api,new,canary,2026-07-21 23:43,2026-07-22 17:00,4,success,0,
D0198,worker,new,canary,2026-07-21 15:22,2026-07-22 17:00,2,success,0,
D0199,api,new,canary,2026-07-22 04:07,2026-07-23 09:00,2,success,0,
D0200,web,new,canary,2026-07-22 22:35,2026-07-23 13:00,3,success,0,
D0201,api,new,canary,2026-07-23 01:12,2026-07-23 13:00,2,success,0,
D0202,web,new,canary,2026-07-23 00:30,2026-07-23 14:00,2,success,0,
D0203,web,new,canary,2026-07-23 13:35,2026-07-23 16:00,2,success,0,
D0204,worker,new,canary,2026-07-22 23:39,2026-07-23 16:00,3,success,0,
D0205,api,new,canary,2026-07-23 20:34,2026-07-24 13:00,2,rolled_back,0,
D0206,web,new,canary,2026-07-23 20:09,2026-07-24 14:00,5,success,0,
D0207,api,new,canary,2026-07-23 23:58,2026-07-24 14:00,5,success,0,
D0208,api,new,canary,2026-07-24 04:18,2026-07-24 14:00,1,success,0,
D0209,web,new,canary,2026-07-23 12:44,2026-07-24 16:00,3,success,0,
D0210,worker,new,canary,2026-07-26 23:18,2026-07-27 09:00,1,success,0,
D0211,api,new,canary,2026-07-26 20:28,2026-07-27 13:00,2,success,0,
D0212,web,new,canary,2026-07-26 23:24,2026-07-27 14:00,3,success,0,
D0213,api,new,canary,2026-07-27 07:07,2026-07-27 14:00,5,success,0,
D0214,worker,new,canary,2026-07-27 13:39,2026-07-28 09:00,4,success,0,
D0215,web,new,canary,2026-07-27 13:39,2026-07-28 12:00,1,success,0,
D0216,api,new,canary,2026-07-28 02:19,2026-07-28 16:00,1,success,0,
D0217,web,new,canary,2026-07-29 00:17,2026-07-29 11:00,1,success,0,
D0218,worker,new,canary,2026-07-28 09:12,2026-07-29 11:00,4,success,0,
D0219,web,new,canary,2026-07-28 20:11,2026-07-29 12:00,2,success,0,
D0220,worker,new,canary,2026-07-29 21:59,2026-07-30 09:00,2,success,0,
D0221,web,new,canary,2026-07-30 03:04,2026-07-30 13:00,3,success,0,
D0222,api,new,canary,2026-07-29 18:34,2026-07-30 13:00,5,success,0,
D0223,api,new,canary,2026-07-30 16:33,2026-07-31 13:00,3,success,0,
D0224,web,new,canary,2026-07-30 18:23,2026-07-31 15:00,3,success,0,
D0225,worker,new,canary,2026-08-02 21:27,2026-08-03 09:00,2,success,0,
D0226,web,new,canary,2026-08-02 19:11,2026-08-03 15:00,5,success,0,
D0227,api,new,canary,2026-08-03 06:35,2026-08-03 15:00,4,success,0,
D0228,api,new,canary,2026-08-02 14:51,2026-08-03 16:00,4,success,0,
D0229,worker,new,canary,2026-08-04 02:18,2026-08-04 10:00,1,success,0,
D0230,web,new,canary,2026-08-04 14:59,2026-08-04 17:00,1,success,0,
D0231,worker,new,canary,2026-08-05 05:48,2026-08-05 11:00,3,success,0,
D0232,api,new,canary,2026-08-04 23:13,2026-08-05 13:00,4,success,0,
D0233,worker,new,canary,2026-08-05 11:27,2026-08-05 15:00,2,rolled_back,0,
D0234,web,new,canary,2026-08-04 18:31,2026-08-05 17:00,4,rolled_back,0,
D0235,api,new,canary,2026-08-04 22:56,2026-08-05 17:00,2,success,0,
D0236,api,new,canary,2026-08-05 16:25,2026-08-06 13:00,5,success,0,
D0237,web,new,canary,2026-08-05 09:49,2026-08-06 14:00,4,success,0,
D0238,worker,new,canary,2026-08-06 09:21,2026-08-06 17:00,5,success,0,
D0239,api,new,canary,2026-08-06 18:32,2026-08-07 14:00,5,success,0,
D0240,web,new,canary,2026-08-07 11:49,2026-08-07 15:00,2,success,0,
D0241,worker,new,canary,2026-08-10 01:29,2026-08-10 09:00,3,success,0,
D0242,worker,new,canary,2026-08-09 19:47,2026-08-10 11:00,2,success,0,
D0243,api,new,canary,2026-08-10 06:49,2026-08-10 12:00,4,success,0,
D0244,api,new,canary,2026-08-09 18:16,2026-08-10 13:00,3,success,0,
D0245,web,new,canary,2026-08-09 14:29,2026-08-10 17:00,1,success,0,
D0246,api,new,canary,2026-08-11 04:45,2026-08-11 12:00,1,success,0,
D0247,worker,new,canary,2026-08-11 09:10,2026-08-11 13:00,5,success,0,
D0248,worker,new,canary,2026-08-11 12:43,2026-08-11 15:00,2,success,0,
D0249,api,new,canary,2026-08-10 11:13,2026-08-11 16:00,4,success,0,
D0250,api,new,canary,2026-08-11 21:18,2026-08-12 10:00,4,success,0,
D0251,web,new,canary,2026-08-11 14:09,2026-08-12 14:00,1,success,0,
D0252,worker,new,canary,2026-08-11 23:30,2026-08-12 14:00,4,success,0,
D0253,worker,new,canary,2026-08-12 09:10,2026-08-12 15:00,1,success,0,
D0254,web,new,canary,2026-08-13 08:35,2026-08-13 12:00,3,success,0,
D0255,api,new,canary,2026-08-12 14:22,2026-08-13 12:00,3,success,0,
D0256,worker,new,canary,2026-08-12 12:24,2026-08-13 12:00,3,rolled_back,0,
D0257,worker,new,canary,2026-08-13 02:48,2026-08-13 16:00,3,success,0,
D0258,worker,new,canary,2026-08-12 18:46,2026-08-13 17:00,2,success,0,
D0259,web,new,canary,2026-08-13 23:17,2026-08-14 11:00,2,success,0,
D0260,api,new,canary,2026-08-14 10:39,2026-08-14 13:00,5,success,0,
D0261,web,new,canary,2026-08-14 11:56,2026-08-14 15:00,1,success,0,
D0262,web,new,canary,2026-08-13 14:06,2026-08-14 15:00,1,success,0,
D0263,worker,new,canary,2026-08-13 23:48,2026-08-14 15:00,3,success,0,
D0264,web,new,canary,2026-08-13 15:41,2026-08-14 16:00,4,success,0,
D0265,worker,new,canary,2026-08-17 04:36,2026-08-17 09:00,2,rolled_back,0,
D0266,api,new,canary,2026-08-16 16:37,2026-08-17 11:00,3,success,0,
D0267,worker,new,canary,2026-08-16 11:56,2026-08-17 12:00,3,success,0,
D0268,web,new,canary,2026-08-17 03:34,2026-08-17 16:00,4,success,0,
D0269,web,new,canary,2026-08-16 17:36,2026-08-17 17:00,1,success,0,
D0270,api,new,canary,2026-08-17 12:52,2026-08-18 11:00,1,success,0,
D0271,worker,new,canary,2026-08-17 16:24,2026-08-18 12:00,1,success,0,
D0272,web,new,canary,2026-08-17 15:02,2026-08-18 17:00,1,success,0,
D0273,web,new,canary,2026-08-18 12:01,2026-08-19 13:00,2,success,0,
D0274,api,new,canary,2026-08-18 13:00,2026-08-19 13:00,3,rolled_back,1,18
D0275,worker,new,canary,2026-08-18 08:20,2026-08-19 14:00,3,success,0,
D0276,web,new,canary,2026-08-19 05:24,2026-08-20 11:00,4,success,0,
D0277,worker,new,canary,2026-08-19 22:49,2026-08-20 11:00,3,success,0,
D0278,api,new,canary,2026-08-19 10:34,2026-08-20 13:00,4,success,0,
D0279,web,new,canary,2026-08-20 04:10,2026-08-21 09:00,3,success,0,
D0280,api,new,canary,2026-08-20 12:43,2026-08-21 11:00,5,success,0,
D0281,worker,new,canary,2026-08-21 09:33,2026-08-21 13:00,2,success,0,
D0282,web,new,canary,2026-08-24 03:49,2026-08-24 11:00,3,success,0,
D0283,api,new,canary,2026-08-23 19:08,2026-08-24 11:00,3,success,0,
D0284,web,new,canary,2026-08-23 18:50,2026-08-24 12:00,4,success,0,
D0285,api,new,canary,2026-08-23 11:06,2026-08-24 12:00,4,success,0,
D0286,api,new,canary,2026-08-24 09:23,2026-08-24 13:00,4,success,0,
D0287,worker,new,canary,2026-08-23 14:05,2026-08-24 15:00,2,rolled_back,0,
D0288,web,new,canary,2026-08-24 09:25,2026-08-25 13:00,5,success,0,
D0289,api,new,canary,2026-08-24 10:12,2026-08-25 15:00,4,success,0,
D0290,worker,new,canary,2026-08-25 09:53,2026-08-25 15:00,5,success,0,
D0291,api,new,canary,2026-08-24 16:07,2026-08-25 16:00,3,success,0,
D0292,api,new,canary,2026-08-26 07:26,2026-08-26 11:00,1,rolled_back,0,
D0293,web,new,canary,2026-08-25 22:54,2026-08-26 12:00,4,success,0,
D0294,worker,new,canary,2026-08-26 02:30,2026-08-26 14:00,2,success,0,
D0295,web,new,canary,2026-08-26 17:17,2026-08-27 10:00,5,rolled_back,0,
D0296,api,new,canary,2026-08-26 19:34,2026-08-27 11:00,5,success,0,
D0297,worker,new,canary,2026-08-26 19:29,2026-08-27 16:00,4,success,0,
D0298,web,new,canary,2026-08-28 04:33,2026-08-28 09:00,5,success,0,
D0299,api,new,canary,2026-08-27 21:01,2026-08-28 11:00,3,success,0,
D0300,worker,new,canary,2026-08-27 18:09,2026-08-28 13:00,1,success,0,
D0301,api,new,canary,2026-08-27 12:39,2026-08-28 14:00,4,success,0,
D0302,web,new,canary,2026-08-30 23:02,2026-08-31 11:00,1,success,0,
D0303,worker,new,canary,2026-08-31 04:42,2026-08-31 11:00,1,rolled_back,0,
D0304,web,new,canary,2026-08-30 12:13,2026-08-31 14:00,1,success,0,
D0305,api,new,canary,2026-08-30 23:19,2026-08-31 15:00,4,success,0,
