run_id,deploy_id,started_at,caching,queue_s,checkout_s,install_s,test_s,build_image_s,scan_s,push_s,deploy_s
R0001,D0041,2026-06-01 13:00,0,16,4,207,149,268,38,67,445
R0002,D0042,2026-06-01 16:00,0,26,6,192,156,230,25,63,500
R0003,D0043,2026-06-02 11:00,0,31,5,198,229,230,42,37,538
R0004,D0044,2026-06-02 13:00,0,12,7,156,198,204,43,41,475
R0005,D0045,2026-06-02 16:00,0,315,7,172,183,224,25,40,491
R0006,D0046,2026-06-03 13:00,0,29,5,196,211,267,26,58,503
R0007,D0047,2026-06-03 15:00,0,270,6,150,178,236,45,48,428
R0008,D0048,2026-06-04 10:00,0,28,8,186,200,279,34,45,505
R0009,D0049,2026-06-04 13:00,0,22,4,165,156,242,25,42,524
R0010,D0050,2026-06-04 17:00,0,39,4,158,143,271,44,37,445
R0011,D0051,2026-06-05 09:00,0,553,7,220,202,246,31,35,483
R0012,D0052,2026-06-05 11:00,0,35,8,223,191,257,41,42,470
R0013,D0053,2026-06-05 12:00,0,34,5,193,182,237,27,68,489
R0014,D0054,2026-06-05 14:00,0,10,8,163,248,202,30,65,472
R0015,D0055,2026-06-05 14:00,0,14,4,199,180,270,27,63,482
R0016,D0056,2026-06-05 14:00,0,12,7,222,148,276,40,65,449
R0017,D0057,2026-06-05 14:00,0,23,5,163,211,204,38,63,493
R0018,D0058,2026-06-05 17:00,0,7,8,153,157,242,25,64,420
R0019,D0059,2026-06-08 12:00,0,33,8,205,252,200,25,52,429
R0020,D0060,2026-06-08 13:00,0,17,5,179,229,261,40,61,439
R0021,D0061,2026-06-08 13:00,0,9,8,225,149,222,25,70,462
R0022,D0062,2026-06-08 14:00,0,38,9,212,209,278,28,57,491
R0023,D0063,2026-06-08 16:00,0,37,5,208,183,250,28,42,429
R0024,D0064,2026-06-09 12:00,0,15,9,179,209,203,40,50,533
R0025,D0065,2026-06-09 14:00,0,10,7,152,205,241,35,54,450
R0026,D0066,2026-06-09 16:00,0,25,4,189,252,241,29,35,534
R0027,D0067,2026-06-10 13:00,0,13,8,195,222,261,30,41,490
R0028,D0068,2026-06-10 14:00,0,34,6,227,234,221,35,55,471
R0029,D0069,2026-06-10 16:00,0,422,7,224,149,261,26,48,475
R0030,D0070,2026-06-10 17:00,0,29,8,185,186,264,30,69,494
R0031,D0071,2026-06-11 13:00,0,10,8,202,244,209,34,35,483
R0032,D0072,2026-06-11 14:00,0,3,8,168,165,224,26,63,438
R0033,D0073,2026-06-11 15:00,0,34,8,219,185,213,39,64,466
R0034,D0074,2026-06-11 15:00,0,22,7,168,247,203,25,62,502
R0035,D0075,2026-06-11 15:00,0,7,8,180,244,215,37,38,433
R0036,D0076,2026-06-11 16:00,0,40,7,156,248,267,33,39,475
R0037,D0077,2026-06-11 16:00,0,18,9,151,190,260,36,44,452
R0038,D0078,2026-06-11 17:00,0,14,6,216,209,228,42,41,489
R0039,D0079,2026-06-12 16:00,0,25,8,166,251,258,39,53,533
R0040,D0080,2026-06-12 16:00,0,25,8,202,151,200,39,65,510
R0041,D0081,2026-06-15 13:00,0,37,5,207,195,277,25,51,513
R0042,D0082,2026-06-15 14:00,0,38,5,154,220,201,42,49,454
R0043,D0083,2026-06-15 15:00,0,12,7,217,161,266,34,49,443
R0044,D0084,2026-06-15 16:00,0,36,9,181,205,257,36,61,469
R0045,D0085,2026-06-16 11:00,0,19,7,185,178,256,37,70,517
R0046,D0086,2026-06-16 12:00,0,5,4,206,237,200,35,42,432
R0047,D0087,2026-06-16 15:00,0,35,4,171,153,234,36,47,475
R0048,D0088,2026-06-16 15:00,0,9,9,151,188,235,30,36,535
R0049,D0089,2026-06-16 16:00,0,16,9,163,157,238,25,44,470
R0050,D0090,2026-06-17 11:00,0,38,8,150,170,210,38,66,508
R0051,D0091,2026-06-17 12:00,0,18,4,197,184,201,29,58,537
R0052,D0092,2026-06-17 13:00,0,19,7,171,159,260,27,50,451
R0053,D0093,2026-06-17 14:00,0,17,5,190,179,215,43,46,508
R0054,D0094,2026-06-17 17:00,0,22,7,183,233,267,29,63,510
R0055,D0095,2026-06-18 12:00,0,38,9,169,141,205,41,66,497
R0056,D0096,2026-06-18 13:00,0,35,4,220,191,202,45,44,454
R0057,D0097,2026-06-18 13:00,0,36,4,174,161,231,33,63,489
R0058,D0098,2026-06-18 16:00,0,393,9,204,186,254,28,69,457
R0059,D0099,2026-06-19 10:00,0,24,4,212,206,278,36,59,527
R0060,D0100,2026-06-19 13:00,0,25,5,208,172,274,43,60,516
R0061,D0101,2026-06-19 13:00,0,20,7,186,220,225,42,62,479
R0062,D0102,2026-06-19 14:00,0,23,9,206,161,200,40,49,522
R0063,D0103,2026-06-22 10:00,0,28,7,177,158,207,28,36,522
R0064,D0104,2026-06-22 11:00,0,177,6,161,229,200,42,60,483
R0065,D0105,2026-06-22 11:00,0,31,7,201,220,251,31,38,429
R0066,D0106,2026-06-22 11:00,0,35,7,213,236,278,32,48,426
R0067,D0107,2026-06-22 13:00,0,22,4,180,205,253,45,43,459
R0068,D0108,2026-06-22 14:00,0,23,9,182,200,205,33,38,433
R0069,D0109,2026-06-22 14:00,0,6,4,208,207,205,38,44,449
R0070,D0110,2026-06-22 16:00,0,14,6,166,249,221,35,55,450
R0071,D0111,2026-06-23 14:00,0,40,6,178,157,269,39,55,472
R0072,D0112,2026-06-23 16:00,0,36,7,184,198,207,30,65,449
R0073,D0113,2026-06-23 16:00,0,3,8,224,197,259,26,64,504
R0074,D0114,2026-06-23 17:00,0,37,7,151,208,270,43,54,454
R0075,D0115,2026-06-24 10:00,0,140,8,150,258,239,43,57,462
R0076,D0116,2026-06-24 14:00,0,311,7,202,184,277,32,44,525
R0077,D0117,2026-06-25 10:00,0,16,6,202,220,224,45,65,429
R0078,D0118,2026-06-25 12:00,0,11,8,217,183,254,37,45,504
R0079,D0119,2026-06-25 13:00,0,5,9,180,257,229,43,69,471
R0080,D0120,2026-06-25 14:00,0,9,5,204,207,274,41,69,466
R0081,D0121,2026-06-25 16:00,0,4,7,156,154,209,32,55,448
R0082,D0122,2026-06-26 14:00,0,23,8,221,155,209,31,65,500
R0083,D0123,2026-06-26 15:00,0,31,8,153,174,236,35,57,436
R0084,D0124,2026-06-26 16:00,0,24,8,187,161,216,31,62,450
R0085,D0125,2026-06-29 14:00,0,28,8,186,224,232,41,52,442
R0086,D0126,2026-06-29 16:00,0,30,9,183,150,232,36,65,476
R0087,D0127,2026-06-29 16:00,0,23,7,150,208,209,31,66,517
R0088,D0128,2026-06-30 14:00,0,14,5,229,213,210,27,66,490
R0089,D0129,2026-06-30 15:00,0,29,6,180,165,234,31,70,520
R0090,D0130,2026-06-30 16:00,0,27,4,206,259,236,30,42,524
R0091,D0131,2026-06-30 16:00,0,39,4,153,224,232,27,38,443
R0092,D0132,2026-07-01 14:00,1,34,8,24,257,56,34,8,503
R0093,D0133,2026-07-01 15:00,1,26,4,17,237,68,34,16,499
R0094,D0134,2026-07-01 17:00,1,34,7,33,183,46,42,16,453
R0095,D0135,2026-07-02 09:00,1,11,4,24,249,71,32,16,440
R0096,D0136,2026-07-02 13:00,1,29,4,23,155,44,42,18,491
R0097,D0137,2026-07-02 14:00,1,10,7,29,175,67,44,9,534
R0098,D0138,2026-07-02 17:00,1,21,4,19,236,73,30,8,538
R0099,D0139,2026-07-03 11:00,1,13,5,29,221,52,37,10,493
R0100,D0140,2026-07-03 11:00,1,25,5,19,241,71,29,12,430
R0101,D0141,2026-07-03 14:00,1,16,4,32,163,48,34,20,533
R0102,D0142,2026-07-03 14:00,1,16,8,17,156,65,36,15,503
R0103,D0143,2026-07-03 15:00,1,27,4,29,150,73,28,20,494
R0104,D0144,2026-07-06 13:00,1,26,9,24,206,43,44,20,452
R0105,D0145,2026-07-06 16:00,1,40,5,15,205,75,30,13,425
R0106,D0146,2026-07-06 16:00,1,31,5,14,254,60,34,9,479
R0107,D0147,2026-07-07 09:00,1,33,7,28,258,46,44,17,467
R0108,D0148,2026-07-07 09:00,1,36,8,31,229,55,38,18,445
R0109,D0149,2026-07-07 12:00,1,11,6,24,174,66,26,16,474
R0110,D0150,2026-07-07 14:00,1,38,6,14,184,75,40,11,424
R0111,D0151,2026-07-07 16:00,1,4,6,27,163,42,33,20,527
R0112,D0152,2026-07-08 13:00,1,17,7,19,170,60,43,13,449
R0113,D0153,2026-07-08 14:00,1,5,4,29,168,57,30,13,533
R0114,D0154,2026-07-09 09:00,1,38,4,21,214,74,32,19,440
R0115,D0155,2026-07-09 12:00,1,33,7,27,217,51,36,16,424
R0116,D0156,2026-07-09 12:00,1,24,5,18,183,42,44,11,447
R0117,D0157,2026-07-10 08:00,1,35,5,16,204,57,35,16,423
R0118,D0158,2026-07-10 10:00,1,18,4,31,214,60,32,16,515
R0119,D0159,2026-07-10 12:00,1,28,4,14,197,40,37,12,468
R0120,D0160,2026-07-10 13:00,1,413,7,14,151,80,29,17,538
R0121,D0161,2026-07-10 13:00,1,30,9,18,212,73,29,8,511
R0122,D0162,2026-07-10 14:00,1,31,7,32,217,50,30,8,497
R0123,D0163,2026-07-10 14:00,1,21,7,34,190,68,45,8,525
R0124,D0164,2026-07-13 08:00,1,34,5,24,250,57,44,19,488
R0125,D0165,2026-07-13 11:00,1,39,7,20,240,58,29,14,451
R0126,D0166,2026-07-13 12:00,1,15,8,22,166,66,28,20,427
R0127,D0167,2026-07-13 12:00,1,367,6,21,246,71,34,8,515
R0128,D0168,2026-07-13 16:00,1,35,5,34,176,40,39,19,516
R0129,D0169,2026-07-13 17:00,1,39,9,21,158,42,40,17,500
R0130,D0170,2026-07-13 17:00,1,19,5,29,172,52,25,15,471
R0131,D0171,2026-07-14 12:00,1,3,9,27,185,60,38,12,447
R0132,D0172,2026-07-14 13:00,1,39,5,21,146,73,36,17,496
R0133,D0173,2026-07-14 15:00,1,24,9,31,187,47,43,20,435
R0134,D0174,2026-07-14 16:00,1,40,8,26,185,73,27,16,437
R0135,D0175,2026-07-15 13:00,1,18,5,22,256,76,29,17,458
R0136,D0176,2026-07-15 16:00,1,33,6,22,176,48,35,9,448
R0137,D0177,2026-07-15 16:00,1,20,5,30,223,75,43,16,498
R0138,D0178,2026-07-16 11:00,1,7,6,26,215,45,30,8,460
R0139,D0179,2026-07-16 14:00,1,24,5,31,245,80,28,9,463
R0140,D0180,2026-07-17 10:00,1,26,8,25,245,50,26,16,466
R0141,D0181,2026-07-17 12:00,1,20,8,19,192,61,42,20,452
R0142,D0182,2026-07-17 12:00,1,3,5,23,161,79,28,8,464
R0143,D0183,2026-07-17 13:00,1,40,5,24,211,60,35,11,540
R0144,D0184,2026-07-17 14:00,1,11,8,21,201,40,36,9,472
R0145,D0185,2026-07-17 17:00,1,37,7,14,150,44,34,20,507
R0146,D0186,2026-07-20 12:00,1,4,9,23,141,70,33,11,515
R0147,D0187,2026-07-20 13:00,1,6,5,31,260,78,37,18,525
R0148,D0188,2026-07-20 15:00,1,9,4,24,172,68,26,19,429
R0149,D0189,2026-07-21 12:00,1,30,9,28,145,43,43,12,474
R0150,D0190,2026-07-21 12:00,1,24,9,15,181,51,34,18,462
R0151,D0191,2026-07-21 12:00,1,21,9,34,230,80,40,11,450
R0152,D0192,2026-07-21 15:00,1,25,4,15,246,71,44,12,509
R0153,D0193,2026-07-21 16:00,1,22,8,30,199,43,33,14,479
R0154,D0194,2026-07-21 17:00,1,34,8,35,230,69,33,8,497
R0155,D0195,2026-07-22 16:00,1,606,7,31,145,63,40,10,469
R0156,D0196,2026-07-22 17:00,1,33,8,32,157,52,26,12,505
R0157,D0197,2026-07-22 17:00,1,21,4,21,245,72,26,17,495
R0158,D0198,2026-07-22 17:00,1,15,6,34,145,53,43,20,498
R0159,D0199,2026-07-23 09:00,1,38,5,27,140,47,30,18,539
R0160,D0200,2026-07-23 13:00,1,16,8,18,233,46,28,8,425
R0161,D0201,2026-07-23 13:00,1,359,6,23,199,62,42,15,494
R0162,D0202,2026-07-23 14:00,1,31,7,14,256,80,45,10,540
R0163,D0203,2026-07-23 16:00,1,27,7,32,206,48,27,14,509
R0164,D0204,2026-07-23 16:00,1,34,4,21,190,46,30,20,433
R0165,D0205,2026-07-24 13:00,1,35,6,25,171,43,38,9,473
R0166,D0206,2026-07-24 14:00,1,8,6,20,157,52,25,18,527
R0167,D0207,2026-07-24 14:00,1,26,7,26,237,70,26,9,422
R0168,D0208,2026-07-24 14:00,1,17,6,22,260,50,42,18,475
R0169,D0209,2026-07-24 16:00,1,11,8,35,186,78,30,8,534
R0170,D0210,2026-07-27 09:00,1,25,5,19,197,55,39,15,535
R0171,D0211,2026-07-27 13:00,1,22,5,31,142,69,27,14,499
R0172,D0212,2026-07-27 14:00,1,39,5,15,231,43,42,20,453
R0173,D0213,2026-07-27 14:00,1,33,5,15,163,44,30,13,467
R0174,D0214,2026-07-28 09:00,1,32,4,28,193,74,44,12,506
R0175,D0215,2026-07-28 12:00,1,20,7,25,165,66,38,13,511
R0176,D0216,2026-07-28 16:00,1,36,6,29,175,71,31,16,491
R0177,D0217,2026-07-29 11:00,1,13,4,29,259,76,42,8,435
R0178,D0218,2026-07-29 11:00,1,9,4,28,173,64,32,11,509
R0179,D0219,2026-07-29 12:00,1,22,5,30,149,80,44,15,481
R0180,D0220,2026-07-30 09:00,1,483,8,29,255,58,29,20,455
R0181,D0221,2026-07-30 13:00,1,15,9,28,259,49,26,16,510
R0182,D0222,2026-07-30 13:00,1,455,4,29,148,52,29,8,428
R0183,D0223,2026-07-31 13:00,1,32,5,25,257,56,31,17,459
R0184,D0224,2026-07-31 15:00,1,20,7,21,211,78,35,13,468
R0185,D0225,2026-08-03 09:00,1,30,7,24,146,42,32,10,532
R0186,D0226,2026-08-03 15:00,1,26,9,26,242,69,40,19,439
R0187,D0227,2026-08-03 15:00,1,4,8,21,195,69,36,20,515
R0188,D0228,2026-08-03 16:00,1,19,8,28,173,47,27,13,527
R0189,D0229,2026-08-04 10:00,1,8,8,17,148,64,34,9,447
R0190,D0230,2026-08-04 17:00,1,577,7,30,234,66,38,15,520
R0191,D0231,2026-08-05 11:00,1,17,8,26,210,68,30,8,420
R0192,D0232,2026-08-05 13:00,1,37,8,33,203,62,39,17,538
R0193,D0233,2026-08-05 15:00,1,31,7,22,218,72,41,11,507
R0194,D0234,2026-08-05 17:00,1,18,9,25,255,80,29,13,432
R0195,D0235,2026-08-05 17:00,1,29,9,20,260,46,40,19,438
R0196,D0236,2026-08-06 13:00,1,7,5,23,219,47,40,12,424
R0197,D0237,2026-08-06 14:00,1,22,8,33,156,71,41,17,520
R0198,D0238,2026-08-06 17:00,1,22,8,20,144,77,35,8,452
R0199,D0239,2026-08-07 14:00,1,30,4,15,180,56,36,13,453
R0200,D0240,2026-08-07 15:00,1,8,9,20,189,60,44,18,535
R0201,D0241,2026-08-10 09:00,1,15,6,24,140,71,40,20,500
R0202,D0242,2026-08-10 11:00,1,18,8,17,156,63,34,9,425
R0203,D0243,2026-08-10 12:00,1,29,6,17,227,56,30,10,461
R0204,D0244,2026-08-10 13:00,1,36,4,15,215,70,37,12,516
R0205,D0245,2026-08-10 17:00,1,19,4,33,179,43,27,9,458
R0206,D0246,2026-08-11 12:00,1,19,4,25,244,44,33,14,518
R0207,D0247,2026-08-11 13:00,1,5,9,33,180,49,40,9,430
R0208,D0248,2026-08-11 15:00,1,378,6,17,142,57,42,19,441
R0209,D0249,2026-08-11 16:00,1,184,6,26,258,64,26,11,452
R0210,D0250,2026-08-12 10:00,1,19,5,35,220,66,35,10,455
R0211,D0251,2026-08-12 14:00,1,31,6,24,180,74,34,14,433
R0212,D0252,2026-08-12 14:00,1,26,4,19,240,79,26,11,453
R0213,D0253,2026-08-12 15:00,1,39,5,24,235,67,29,19,433
R0214,D0254,2026-08-13 12:00,1,36,5,19,212,59,39,16,521
R0215,D0255,2026-08-13 12:00,1,30,7,17,175,46,35,9,506
R0216,D0256,2026-08-13 12:00,1,40,5,29,255,74,36,17,435
R0217,D0257,2026-08-13 16:00,1,38,9,14,170,43,36,20,506
R0218,D0258,2026-08-13 17:00,1,23,4,23,251,41,40,18,505
R0219,D0259,2026-08-14 11:00,1,15,7,29,226,65,44,14,476
R0220,D0260,2026-08-14 13:00,1,24,6,22,208,48,38,12,464
R0221,D0261,2026-08-14 15:00,1,3,5,34,225,40,26,15,454
R0222,D0262,2026-08-14 15:00,1,602,6,27,220,57,28,11,458
R0223,D0263,2026-08-14 15:00,1,19,9,27,201,71,34,17,538
R0224,D0264,2026-08-14 16:00,1,333,5,14,188,74,33,11,529
R0225,D0265,2026-08-17 09:00,1,4,9,23,239,71,44,9,437
R0226,D0266,2026-08-17 11:00,1,5,4,31,239,49,36,8,512
R0227,D0267,2026-08-17 12:00,1,4,7,25,180,46,39,14,457
R0228,D0268,2026-08-17 16:00,1,22,7,16,233,56,45,17,427
R0229,D0269,2026-08-17 17:00,1,11,7,22,186,79,42,10,436
R0230,D0270,2026-08-18 11:00,1,25,8,33,235,48,33,17,430
R0231,D0271,2026-08-18 12:00,1,36,9,17,247,53,36,19,532
R0232,D0272,2026-08-18 17:00,1,12,6,16,240,67,29,18,429
R0233,D0273,2026-08-19 13:00,1,39,6,28,232,47,44,20,436
R0234,D0274,2026-08-19 13:00,1,27,6,28,204,57,33,11,461
R0235,D0275,2026-08-19 14:00,1,3,4,33,250,53,31,14,437
R0236,D0276,2026-08-20 11:00,1,11,6,20,146,56,35,9,480
R0237,D0277,2026-08-20 11:00,1,24,6,24,257,57,45,17,534
R0238,D0278,2026-08-20 13:00,1,37,8,19,185,58,33,14,481
R0239,D0279,2026-08-21 09:00,1,3,4,35,241,47,27,17,464
R0240,D0280,2026-08-21 11:00,1,18,4,23,227,41,36,17,485
R0241,D0281,2026-08-21 13:00,1,19,4,21,182,64,42,14,451
R0242,D0282,2026-08-24 11:00,1,28,6,25,146,68,33,15,517
R0243,D0283,2026-08-24 11:00,1,32,5,15,142,52,39,10,461
R0244,D0284,2026-08-24 12:00,1,13,6,16,146,80,34,9,451
R0245,D0285,2026-08-24 12:00,1,208,5,28,198,65,34,19,462
R0246,D0286,2026-08-24 13:00,1,18,7,33,174,55,31,8,520
R0247,D0287,2026-08-24 15:00,1,14,5,14,249,75,37,12,517
R0248,D0288,2026-08-25 13:00,1,27,9,29,186,72,44,11,533
R0249,D0289,2026-08-25 15:00,1,38,6,27,241,59,37,8,475
R0250,D0290,2026-08-25 15:00,1,26,4,33,213,62,37,14,446
R0251,D0291,2026-08-25 16:00,1,17,5,18,197,45,33,11,434
R0252,D0292,2026-08-26 11:00,1,37,8,15,203,78,36,9,449
R0253,D0293,2026-08-26 12:00,1,16,7,15,196,62,30,16,486
R0254,D0294,2026-08-26 14:00,1,31,6,25,172,45,33,15,420
R0255,D0295,2026-08-27 10:00,1,9,9,17,207,56,30,9,507
R0256,D0296,2026-08-27 11:00,1,22,5,35,230,69,36,17,510
R0257,D0297,2026-08-27 16:00,1,25,8,24,222,80,45,16,519
R0258,D0298,2026-08-28 09:00,1,27,4,19,206,67,44,16,499
R0259,D0299,2026-08-28 11:00,1,9,9,28,220,77,29,16,504
R0260,D0300,2026-08-28 13:00,1,13,4,14,145,74,38,16,461
R0261,D0301,2026-08-28 14:00,1,493,9,19,204,42,39,11,489
R0262,D0302,2026-08-31 11:00,1,388,5,24,141,65,27,19,510
R0263,D0303,2026-08-31 11:00,1,13,4,19,202,62,31,16,482
R0264,D0304,2026-08-31 14:00,1,5,7,33,155,62,45,20,462
R0265,D0305,2026-08-31 15:00,1,18,8,21,172,59,41,10,454
