store_id,month,net_sales_target
1,2025-01,47700000
1,2025-02,48400000
1,2025-03,52000000
1,2025-04,52800000
1,2025-05,55900000
1,2025-06,52200000
1,2025-07,56700000
1,2025-08,51800000
1,2025-09,48100000
1,2025-10,53300000
1,2025-11,84800000
1,2025-12,75000000
1,2026-01,55000000
1,2026-02,54600000
1,2026-03,59500000
1,2026-04,62800000
1,2026-05,64600000
1,2026-06,61500000
2,2025-07,52000000
2,2025-08,52000000
2,2025-09,52000000
2,2025-10,52000000
2,2025-11,52000000
2,2025-12,52000000
2,2026-01,52000000
2,2026-02,52000000
2,2026-03,52000000
2,2026-04,52000000
2,2026-05,52000000
2,2026-06,52000000
3,2025-01,38100000
3,2025-02,32200000
3,2025-03,40700000
3,2025-04,41100000
3,2025-05,39600000
3,2025-06,39400000
3,2025-07,46000000
3,2025-08,37500000
3,2025-09,47300000
3,2025-10,41500000
3,2025-11,61900000
3,2025-12,54500000
3,2026-01,42900000
3,2026-02,36800000
3,2026-03,48200000
3,2026-04,45400000
3,2026-05,46700000
3,2026-06,45000000
4,2025-01,35900000
4,2025-02,28500000
4,2025-03,34300000
4,2025-04,36400000
4,2025-05,37700000
4,2025-06,43600000
4,2025-07,38500000
4,2025-08,40600000
4,2025-09,39300000
4,2025-10,41300000
4,2025-11,61900000
4,2025-12,50200000
4,2026-01,42900000
4,2026-02,34400000
4,2026-03,39600000
4,2026-04,41100000
4,2026-05,45900000
4,2026-06,48700000
5,2025-01,36700000
5,2025-02,35700000
5,2025-03,40200000
5,2025-04,40200000
5,2025-05,48600000
5,2025-06,40100000
5,2025-07,51800000
5,2025-08,45800000
5,2025-09,43000000
5,2025-10,45800000
5,2025-11,72800000
5,2025-12,59700000
5,2026-01,42800000
5,2026-02,39300000
5,2026-03,46600000
5,2026-04,47700000
5,2026-05,52800000
5,2026-06,44700000
6,2025-01,22900000
6,2025-02,21900000
6,2025-03,28700000
6,2025-04,26100000
6,2025-05,27500000
6,2025-06,24400000
6,2025-07,29700000
6,2025-08,26500000
6,2025-09,28400000
6,2025-10,28600000
6,2025-11,47200000
6,2025-12,37000000
6,2026-01,26700000
6,2026-02,25600000
6,2026-03,32500000
6,2026-04,30700000
6,2026-05,31700000
6,2026-06,27700000
7,2025-01,36500000
7,2025-02,30600000
7,2025-03,39100000
7,2025-04,40800000
7,2025-05,45700000
7,2025-06,41500000
7,2025-07,38800000
7,2025-08,44100000
7,2025-09,42000000
7,2025-10,39300000
7,2025-11,70400000
7,2025-12,48800000
7,2026-01,46300000
7,2026-02,38300000
7,2026-03,45700000
7,2026-04,51000000
7,2026-05,56200000
7,2026-06,48500000
8,2025-01,24400000
8,2025-02,19600000
8,2025-03,29000000
8,2025-04,27900000
8,2025-05,27500000
8,2025-06,24600000
8,2025-07,31700000
8,2025-08,27500000
8,2025-09,24700000
8,2025-10,29000000
8,2025-11,49000000
8,2025-12,36600000
8,2026-01,28900000
8,2026-02,24300000
8,2026-03,34200000
8,2026-04,32600000
8,2026-05,32700000
8,2026-06,28100000
