date,messages,voice_note_share,invalid_json,escalated,guardrail_blocks,thumbs_down,p95_latency_ms,audited,audit_field_errors,cost_usd
2026-08-03,442,0,4,145,10,16,2978,40,2,2.12
2026-08-04,427,0,3,124,10,16,3208,40,3,2.11
2026-08-05,412,0,4,125,10,15,3361,40,0,2.03
2026-08-06,407,0,3,124,10,17,3305,40,3,1.99
2026-08-07,423,0,4,140,10,15,3030,40,2,2.2
2026-08-08,405,0,3,124,9,17,3171,40,2,1.98
2026-08-09,483,0,5,143,11,19,2935,40,6,2.35
2026-08-10,459,0,3,132,11,18,3160,40,4,2.2
2026-08-11,442,0,3,132,10,17,3325,40,1,2.24
2026-08-12,434,0,4,138,9,18,2897,40,3,2.21
2026-08-13,431,0,3,122,11,17,3061,40,1,2.23
2026-08-14,457,0,3,140,11,16,3486,40,3,2.32
2026-08-15,473,0,4,147,9,20,3411,40,3,2.43
2026-08-16,476,0,3,150,11,19,3150,40,3,2.31
2026-08-17,474,0.08,5,144,11,22,2948,40,5,2.38
2026-08-18,523,0.105,7,168,10,24,3104,40,4,2.47
2026-08-19,499,0.13,7,142,12,25,3348,40,5,2.4
2026-08-20,468,0.155,8,135,12,22,3288,40,6,2.25
2026-08-21,491,0.18,9,150,12,26,3201,40,4,2.29
2026-08-22,473,0.205,8,137,12,24,3064,40,5,2.28
2026-08-23,522,0.23,11,171,13,29,3316,40,4,2.64
2026-08-24,541,0.255,10,158,14,30,2978,40,6,2.68
2026-08-25,505,0.28,10,162,12,30,3582,40,6,2.54
2026-08-26,491,0.305,11,141,10,31,3470,40,7,2.36
2026-08-27,509,0.33,13,147,12,35,3216,40,6,2.57
2026-08-28,556,0.35,15,164,11,35,3348,40,8,2.72
2026-08-29,557,0.35,14,172,13,39,3421,40,8,2.77
2026-08-30,551,0.35,14,171,12,35,3388,40,10,2.8
