date,release,conversations,thumbs_up,thumbs_down,handovers,refusals,p95_latency_ms,graded_sample,graded_correct
2026-05-01,r1-live,1871,46,22,216,52,3579,30,27
2026-05-02,r1-live,1494,36,17,167,42,3405,30,28
2026-05-03,r1-live,1288,38,17,149,35,3339,30,29
2026-05-04,r1-live,1948,49,23,220,66,3219,30,28
2026-05-05,r1-live,1673,48,23,165,45,3590,30,27
2026-05-06,r1-live,1888,46,21,217,58,3380,30,29
2026-05-07,r1-live,1848,50,23,198,62,3207,30,28
2026-05-08,r1-live,1950,52,29,202,62,3416,30,25
2026-05-09,r1-live,1498,43,22,160,47,3259,30,29
2026-05-10,r1-live,1379,37,16,142,39,3279,30,28
2026-05-11,r1-live,1807,43,20,202,59,3564,30,29
2026-05-12,r1-live,1897,52,28,204,60,3408,30,25
2026-05-13,r1-live,1746,49,26,178,56,3306,30,25
2026-05-14,r1-live,1804,42,22,193,60,3286,30,27
2026-05-15,r1-live,1871,50,23,221,61,3334,30,28
2026-05-16,r1-live,1477,37,19,164,49,3577,30,25
2026-05-17,r1-live,1343,34,17,144,42,3571,30,24
2026-05-18,r1-live,1967,56,27,213,52,3422,30,26
2026-05-19,r1-live,2009,55,30,208,65,3533,30,30
2026-05-20,r1-live,1825,48,25,183,53,3315,30,24
2026-05-21,r1-live,1733,51,23,189,54,3533,30,27
2026-05-22,r1-live,1923,47,26,217,53,3214,30,28
2026-05-23,r1-live,1714,50,21,186,50,3577,30,27
2026-05-24,r1-live,1326,36,16,136,35,3321,30,25
2026-05-25,r1-live,1773,43,22,183,57,3325,30,28
2026-05-26,r1-live,1759,52,26,199,59,3496,30,27
2026-05-27,r1-live,1860,54,28,190,53,3307,30,27
2026-05-28,r1-live,1839,50,27,214,54,3556,30,24
2026-05-29,r1-live,1773,51,25,193,52,3516,30,28
2026-05-30,r1-live,1515,43,21,167,48,3295,30,29
2026-05-31,r1-live,1385,34,16,153,45,3453,30,26
2026-06-01,r1-live,1848,46,20,192,54,3434,30,27
2026-06-02,r1-live,1856,47,22,191,54,3594,30,27
2026-06-03,r1-live,2070,60,29,233,69,3333,30,27
2026-06-04,r1-live,1798,55,23,210,51,3243,30,27
2026-06-05,r1-live,2046,51,29,233,63,3494,30,26
2026-06-06,r1-live,1658,44,18,182,47,3413,30,26
2026-06-07,r1-live,1434,39,19,163,38,3591,30,28
2026-06-08,r1-live,1797,49,21,199,53,3236,30,29
2026-06-09,r1-live,1875,47,20,189,54,3427,30,27
2026-06-10,r1-live,2025,59,27,209,53,3592,30,29
2026-06-11,r1-live,1850,47,24,205,48,3400,30,24
2026-06-12,r1-live,2121,60,26,242,66,3443,30,27
2026-06-13,r1-live,1768,46,21,201,51,3562,30,27
2026-06-14,r1-live,1356,34,17,157,36,3400,30,28
2026-06-15,r1-live,1896,54,25,188,51,3429,30,30
2026-06-16,r1-live,1925,52,25,195,61,3540,30,26
2026-06-17,r1-live,2094,58,29,211,57,3215,30,28
2026-06-18,r1-live,2134,51,25,226,69,3319,30,28
2026-06-19,r1-live,2047,53,24,215,58,3256,30,29
2026-06-20,r1-live,1835,45,22,192,56,11800,30,26
2026-06-21,r1-live,1293,34,18,154,36,3267,30,26
2026-06-22,r1-live,1936,48,24,200,56,3493,30,29
2026-06-23,r1-live,2066,61,30,214,58,3474,30,24
2026-06-24,r1-live,1890,46,23,214,61,3579,30,29
2026-06-25,r1-live,2004,59,27,216,61,3523,30,28
2026-06-26,r1-live,2081,50,24,237,57,3239,30,29
2026-06-27,r1-live,1780,51,25,191,51,3226,30,27
2026-06-28,r1-live,1325,39,20,132,35,3282,30,27
2026-06-29,r1-live,2051,62,29,228,66,3389,30,29
2026-06-30,r1-live,2022,53,27,233,55,3388,30,26
2026-07-01,r1-live,1958,53,25,203,64,3218,30,29
2026-07-02,r1-live,2135,61,31,217,65,3245,30,29
2026-07-03,r1-live,1925,47,25,200,52,3331,30,29
2026-07-04,r1-live,1808,43,21,215,54,3214,30,25
2026-07-05,r1-live,1550,38,20,178,51,3551,30,25
2026-07-06,r1-live,2075,55,26,239,60,3457,30,28
2026-07-07,r1-live,2083,61,31,231,69,3576,30,29
2026-07-08,r1-live,2113,64,31,230,72,3430,30,28
2026-07-09,r1-live,1967,51,25,199,53,3385,30,26
2026-07-10,r1-live,1959,51,22,227,53,3369,30,26
2026-07-11,r1-live,1857,58,25,206,50,3362,30,29
2026-07-12,r1-live,1376,40,18,162,39,3214,30,23
2026-07-13,r1-live,2083,54,26,211,58,3474,30,29
2026-07-14,r1-live,1949,51,36,272,159,3422,30,28
2026-07-15,r1-live,1978,49,36,277,175,3203,30,26
2026-07-16,r1-live,1986,46,34,274,174,3419,30,26
2026-07-17,r1-live,2135,42,35,310,172,3359,30,24
2026-07-18,r1-live,1936,41,36,262,165,3318,30,26
2026-07-19,r1-live,1494,33,26,219,127,3227,30,28
2026-07-20,r1-live,2230,62,33,223,63,3404,30,26
2026-07-21,r1-live,1990,46,25,217,56,3409,30,28
2026-07-22,r1-live,2204,56,26,262,62,3208,30,26
2026-07-23,r1-live,2274,67,33,233,75,3296,30,25
2026-07-24,r1-live,2077,63,30,214,65,3203,30,29
2026-07-25,r1-live,1760,49,23,211,58,3296,30,24
2026-07-26,r1-live,1501,37,20,165,50,3507,30,25
2026-07-27,r1-live,2279,61,27,246,70,3478,30,24
2026-07-28,r1-live,2299,67,35,235,75,3359,30,26
2026-07-29,r1-live,2084,57,25,235,54,3257,30,29
2026-07-30,r1-live,2062,59,32,225,65,3263,30,28
2026-07-31,r1-live,2073,56,31,233,66,3440,30,28
2026-08-01,r1-live,1876,48,25,216,52,3534,30,26
2026-08-02,r1-live,1528,40,18,153,46,3339,30,30
2026-08-03,r1-live,2110,56,30,224,58,3344,30,29
2026-08-04,r1-live,2165,55,29,246,66,3399,30,24
2026-08-05,r1-live,2059,55,32,246,63,3484,30,23
2026-08-06,r1-live,2331,57,35,237,75,3380,30,21
2026-08-07,r1-live,2333,64,39,253,78,3505,30,24
2026-08-08,r1-live,1907,52,28,222,57,3537,30,25
2026-08-09,r1-live,1440,32,20,150,44,3205,30,24
2026-08-10,r1-live,2170,59,37,254,65,3324,30,24
2026-08-11,r1-live,2094,52,28,247,69,3475,30,23
2026-08-12,r1-live,2085,52,29,245,68,3563,30,25
2026-08-13,r1-live,2053,50,29,224,64,3576,30,25
2026-08-14,r1-live,2199,56,28,229,60,3323,30,22
2026-08-15,r1-live,1902,46,29,223,50,3276,30,24
2026-08-16,r1-live,1442,32,19,148,40,3490,30,24
2026-08-17,r1-live,2215,48,32,238,71,3500,30,23
2026-08-18,r1-live,2223,69,31,257,71,3457,30,26
2026-08-19,r1-live,2294,54,28,248,62,3577,30,26
2026-08-20,r1-live,2294,54,29,256,66,3264,30,28
2026-08-21,r1-live,2171,62,33,250,65,3502,30,24
2026-08-22,r1-live,1917,49,26,196,54,3252,30,29
2026-08-23,r1-live,1665,42,21,182,46,3310,30,25
2026-08-24,r1-live,2088,52,27,238,61,3446,30,28
2026-08-25,r1-live,2302,56,26,251,71,3380,30,26
2026-08-26,r1-live,2126,60,27,214,56,3521,30,27
2026-08-27,r1-live,2440,71,38,256,80,3493,30,26
2026-08-28,r1-live,2345,57,28,253,68,3438,30,24
2026-08-29,r1-live,2040,50,25,248,68,3447,30,28
2026-08-30,r1-live,1559,43,21,159,41,3567,30,26
2026-08-31,r1-live,2171,53,24,240,67,3239,30,29
