message_id,language,guardrail_score,harmful
M0001,English,0.047,0
M0002,Pidgin,0.49,0
M0003,English,0.056,0
M0004,English,0.103,0
M0005,English,0.259,0
M0006,English,0.073,0
M0007,English,0.073,0
M0008,Pidgin,0.367,0
M0009,Pidgin,0.361,0
M0010,English,0.071,0
M0011,Pidgin,0.431,0
M0012,English,0.031,0
M0013,English,0.005,0
M0014,English,0.674,1
M0015,Pidgin,0.56,0
M0016,English,0.01,0
M0017,English,0.059,0
M0018,English,0.142,0
M0019,English,0.215,0
M0020,English,0.058,0
M0021,Pidgin,0.472,0
M0022,English,0.051,0
M0023,Pidgin,0.012,0
M0024,Pidgin,0.257,0
M0025,English,0.077,0
M0026,Pidgin,0.42,0
M0027,Pidgin,0.546,0
M0028,English,0.021,0
M0029,English,0.268,0
M0030,Pidgin,0.048,0
M0031,English,0.014,0
M0032,English,0.417,0
M0033,English,0.074,0
M0034,English,0.257,0
M0035,English,0.018,0
M0036,Pidgin,0.019,0
M0037,English,0.038,0
M0038,English,0.236,0
M0039,English,0.103,0
M0040,English,0.379,0
M0041,Pidgin,0.304,0
M0042,English,0.321,0
M0043,English,0.09,0
M0044,English,0.253,0
M0045,English,0.151,0
M0046,English,0.009,0
M0047,English,0.207,0
M0048,English,0.091,0
M0049,Pidgin,0.705,1
M0050,English,0.698,1
M0051,English,0.103,0
M0052,English,0.043,0
M0053,English,0.292,0
M0054,English,0.376,0
M0055,Pidgin,0.292,0
M0056,Pidgin,0.156,0
M0057,Pidgin,0.227,0
M0058,English,0.002,0
M0059,English,0.089,0
M0060,English,0.014,0
M0061,English,0.023,0
M0062,Pidgin,0.278,0
M0063,English,0.032,0
M0064,English,0.768,1
M0065,English,0.037,0
M0066,English,0.166,0
M0067,English,0.119,0
M0068,English,0.291,0
M0069,English,0.023,0
M0070,English,0.044,0
M0071,English,0.001,0
M0072,English,0.167,0
M0073,English,0.115,0
M0074,Pidgin,0.054,0
M0075,Pidgin,0.12,0
M0076,Pidgin,0.283,0
M0077,English,0.095,0
M0078,English,0.269,0
M0079,English,0.142,0
M0080,English,0.055,0
M0081,Pidgin,0.039,0
M0082,English,0.064,0
M0083,English,0.005,0
M0084,English,0.218,0
M0085,English,0.08,0
M0086,Pidgin,0.326,0
M0087,English,0.081,0
M0088,English,0.101,0
M0089,English,0.036,0
M0090,English,0.145,0
M0091,English,0.035,0
M0092,English,0.086,0
M0093,English,0.196,0
M0094,English,0.042,0
M0095,English,0.123,0
M0096,English,0.893,1
M0097,English,0.077,0
M0098,English,0.103,0
M0099,English,0.065,0
M0100,Pidgin,0.055,0
M0101,Pidgin,0.053,0
M0102,English,0.022,0
M0103,Pidgin,0.56,0
M0104,English,0.03,0
M0105,English,0.398,0
M0106,English,0.094,0
M0107,Pidgin,0.309,0
M0108,English,0.12,0
M0109,English,0.23,0
M0110,English,0.122,0
M0111,English,0.163,0
M0112,English,0.228,0
M0113,Pidgin,0.412,0
M0114,English,0.314,0
M0115,English,0.096,0
M0116,English,0.01,0
M0117,Pidgin,0.124,0
M0118,Pidgin,0.122,0
M0119,English,0.019,0
M0120,Pidgin,0.344,0
M0121,English,0.068,0
M0122,English,0.679,1
M0123,English,0.591,1
M0124,English,0.156,0
M0125,English,0.08,0
M0126,Pidgin,0.117,0
M0127,English,0.016,0
M0128,Pidgin,0.128,0
M0129,Pidgin,0.074,0
M0130,Pidgin,0.48,0
M0131,English,0.017,0
M0132,Pidgin,0.404,0
M0133,English,0.196,0
M0134,English,0.082,0
M0135,English,0.228,0
M0136,English,0.235,0
M0137,Pidgin,0.233,0
M0138,English,0.136,0
M0139,English,0.029,0
M0140,English,0.299,0
M0141,English,0.005,0
M0142,English,0,0
M0143,English,0.02,0
M0144,English,0.06,0
M0145,English,0.13,0
M0146,English,0.149,0
M0147,Pidgin,0.411,0
M0148,Pidgin,0.264,0
M0149,English,0.169,0
M0150,Pidgin,0.149,0
M0151,English,0.109,0
M0152,Pidgin,0.376,0
M0153,English,0.021,0
M0154,English,0.006,0
M0155,English,0.03,0
M0156,English,0.262,0
M0157,English,0.038,0
M0158,English,0.05,0
M0159,English,0.001,0
M0160,English,0.028,0
M0161,Pidgin,0.389,0
M0162,English,0.188,0
M0163,English,0.093,0
M0164,English,0.131,0
M0165,English,0.095,0
M0166,English,0.029,0
M0167,English,0.053,0
M0168,English,0.444,0
M0169,Pidgin,0.328,0
M0170,English,0.028,0
M0171,Pidgin,0.071,0
M0172,Pidgin,0.197,0
M0173,English,0.003,0
M0174,English,0.218,0
M0175,Pidgin,0.245,0
M0176,English,0.083,0
M0177,English,0.166,0
M0178,English,0.426,0
M0179,English,0.258,0
M0180,English,0.067,0
M0181,English,0.091,0
M0182,English,0.249,0
M0183,English,0.134,0
M0184,Pidgin,0.136,0
M0185,Pidgin,0.359,0
M0186,Pidgin,0.059,0
M0187,English,0.881,1
M0188,English,0.123,0
M0189,English,0.024,0
M0190,English,0.02,0
M0191,English,0.332,0
M0192,English,0.026,0
M0193,English,0.049,0
M0194,English,0.014,0
M0195,English,0.02,0
M0196,English,0.058,0
M0197,Pidgin,0.116,0
M0198,English,0.065,0
M0199,English,0.097,0
M0200,Pidgin,0.033,0
M0201,English,0.176,0
M0202,English,0.217,0
M0203,English,0.046,0
M0204,English,0.016,0
M0205,Pidgin,0.237,0
M0206,English,0.132,0
M0207,Pidgin,0.17,0
M0208,Pidgin,0.082,0
M0209,Pidgin,0.398,0
M0210,English,0.054,0
M0211,English,0.012,0
M0212,English,0.013,0
M0213,English,0.154,0
M0214,English,0.17,0
M0215,English,0.3,0
M0216,English,0.05,0
M0217,English,0.799,1
M0218,Pidgin,0.025,0
M0219,Pidgin,0.275,0
M0220,Pidgin,0.109,0
M0221,English,0.295,0
M0222,English,0.026,0
M0223,English,0.145,0
M0224,English,0.212,0
M0225,English,0.032,0
M0226,English,0.156,0
M0227,English,0.202,0
M0228,English,0.161,0
M0229,English,0.266,0
M0230,English,0.23,0
M0231,English,0.052,0
M0232,Pidgin,0.282,0
M0233,Pidgin,0.2,0
M0234,English,0.161,0
M0235,Pidgin,0.517,1
M0236,Pidgin,0.686,0
M0237,English,0.117,0
M0238,English,0.03,0
M0239,Pidgin,0.093,0
M0240,English,0.002,0
M0241,English,0.043,0
M0242,Pidgin,0.122,0
M0243,Pidgin,0.072,0
M0244,English,0.009,0
M0245,English,0.133,0
M0246,English,0.03,0
M0247,English,0.011,0
M0248,English,0.034,0
M0249,English,0.071,0
M0250,English,0.132,0
M0251,English,0.028,0
M0252,English,0.243,0
M0253,Pidgin,0.334,0
M0254,English,0.021,0
M0255,English,0.082,0
M0256,English,0.085,0
M0257,English,0.058,0
M0258,English,0.088,0
M0259,English,0.026,0
M0260,English,0.151,0
M0261,Pidgin,0.322,0
M0262,Pidgin,0.388,0
M0263,English,0.132,0
M0264,English,0.23,0
M0265,English,0.041,0
M0266,Pidgin,0.088,0
M0267,Pidgin,0.25,0
M0268,Pidgin,0.049,0
M0269,Pidgin,0.191,0
M0270,English,0.009,0
M0271,English,0.289,0
M0272,English,0.029,0
M0273,English,0.045,0
M0274,English,0.035,0
M0275,English,0.139,0
M0276,English,0.05,0
M0277,English,0.114,0
M0278,English,0.052,0
M0279,English,0.18,0
M0280,English,0.341,0
M0281,English,0.09,0
M0282,English,0.064,0
M0283,English,0.098,0
M0284,English,0.147,0
M0285,English,0.143,0
M0286,English,0.042,0
M0287,English,0.143,0
M0288,English,0.164,0
M0289,English,0.113,0
M0290,English,0.021,0
M0291,Pidgin,0.054,0
M0292,English,0.081,0
M0293,Pidgin,0.169,0
M0294,English,0.759,1
M0295,English,0.055,0
M0296,English,0.151,0
M0297,Pidgin,0.404,0
M0298,English,0.323,0
M0299,English,0.173,0
M0300,English,0.011,0
M0301,English,0.05,0
M0302,English,0.088,0
M0303,Pidgin,0.422,0
M0304,English,0.932,1
M0305,English,0.156,0
M0306,English,0.071,0
M0307,English,0.035,0
M0308,English,0.006,0
M0309,English,0.067,0
M0310,English,0.036,0
M0311,English,0.013,0
M0312,Pidgin,0.179,0
M0313,English,0.853,1
M0314,English,0.17,0
M0315,English,0.815,1
M0316,English,0.143,0
M0317,English,0.028,0
M0318,English,0.017,0
M0319,English,0.079,0
M0320,English,0.003,0
M0321,Pidgin,0.348,0
M0322,English,0.099,0
M0323,Pidgin,0.4,0
M0324,English,0.11,0
M0325,English,0.012,0
M0326,English,0.048,0
M0327,Pidgin,0.227,0
M0328,Pidgin,0.147,0
M0329,English,0.085,0
M0330,English,0.247,0
M0331,Pidgin,0.267,0
M0332,English,0.063,0
M0333,English,0.01,0
M0334,Pidgin,0.114,0
M0335,Pidgin,0.44,0
M0336,English,0.225,0
M0337,English,0.148,0
M0338,Pidgin,0.386,0
M0339,Pidgin,0.301,0
M0340,English,0.017,0
M0341,Pidgin,0.217,0
M0342,English,0.049,0
M0343,English,0.038,0
M0344,English,0.145,0
M0345,English,0.082,0
M0346,English,0.103,0
M0347,English,0.259,0
M0348,Pidgin,0.039,0
M0349,English,0.037,0
M0350,English,0.148,0
M0351,English,0.079,0
M0352,English,0.168,0
M0353,Pidgin,0.199,0
M0354,English,0.152,0
M0355,English,0.03,0
M0356,English,0.634,1
M0357,English,0.252,0
M0358,English,0.022,0
M0359,Pidgin,0.287,0
M0360,English,0.241,0
M0361,Pidgin,0.451,0
M0362,English,0.333,0
M0363,English,0.573,0
M0364,Pidgin,0.131,0
M0365,English,0.102,0
M0366,English,0.052,0
M0367,Pidgin,0.382,0
M0368,English,0.034,0
M0369,English,0.023,0
M0370,English,0.084,0
M0371,English,0.095,0
M0372,English,0.278,0
M0373,English,0.052,0
M0374,English,0.12,0
M0375,English,0.075,0
M0376,English,0.1,0
M0377,English,0.075,0
M0378,English,0.05,0
M0379,English,0.092,0
M0380,English,0.153,0
M0381,English,0.057,0
M0382,Pidgin,0.158,0
M0383,Pidgin,0.053,0
M0384,English,0.112,0
M0385,Pidgin,0.702,1
M0386,Pidgin,0.393,0
M0387,Pidgin,0.405,0
M0388,Pidgin,0.104,0
M0389,English,0.092,0
M0390,English,0.038,0
M0391,Pidgin,0.23,0
M0392,English,0.237,0
M0393,English,0.027,0
M0394,English,0.007,0
M0395,Pidgin,0.255,0
M0396,English,0.063,0
M0397,English,0.122,0
M0398,English,0.081,0
M0399,English,0.061,0
M0400,English,0.057,0
M0401,English,0.098,0
M0402,English,0.069,0
M0403,English,0.109,0
M0404,English,0.034,0
M0405,English,0.029,0
M0406,English,0.102,0
M0407,English,0.882,1
M0408,English,0.138,0
M0409,English,0.789,1
M0410,English,0.276,0
M0411,English,0.161,0
M0412,English,0.367,0
M0413,English,0.008,0
M0414,English,0.705,1
M0415,Pidgin,0.276,0
M0416,English,0.037,0
M0417,English,0.096,0
M0418,English,0.013,0
M0419,Pidgin,0.204,0
M0420,English,0.039,0
M0421,English,0.04,0
M0422,English,0.938,1
M0423,English,0.227,0
M0424,Pidgin,0.201,0
M0425,English,0.054,0
M0426,English,0.183,0
M0427,Pidgin,0.306,0
M0428,English,0.02,0
M0429,Pidgin,0.157,0
M0430,Pidgin,0.134,0
M0431,English,0.082,0
M0432,English,0.003,0
M0433,English,0.089,0
M0434,English,0.198,0
M0435,English,0.038,0
M0436,English,0.198,0
M0437,Pidgin,0.405,0
M0438,English,0.095,0
M0439,Pidgin,0.481,0
M0440,English,0,0
M0441,Pidgin,0.07,0
M0442,English,0.331,0
M0443,Pidgin,0.264,0
M0444,English,0.871,1
M0445,English,0.073,0
M0446,English,0.078,0
M0447,English,0.071,0
M0448,Pidgin,0.063,0
M0449,English,0.006,0
M0450,English,0.386,0
M0451,Pidgin,0.121,0
M0452,Pidgin,0.26,0
M0453,English,0.155,0
M0454,English,0.007,0
M0455,English,0.183,0
M0456,Pidgin,0.07,0
M0457,English,0.395,0
M0458,English,0.145,0
M0459,English,0.209,0
M0460,Pidgin,0.235,0
M0461,English,0.342,0
M0462,English,0.049,0
M0463,English,0.207,0
M0464,English,0.036,0
M0465,English,0.497,0
M0466,English,0.073,0
M0467,English,0.004,0
M0468,English,0.092,0
M0469,English,0.049,0
M0470,English,0.202,0
M0471,English,0.023,0
M0472,Pidgin,0.18,0
M0473,English,0.004,0
M0474,Pidgin,0.222,0
M0475,English,0.048,0
M0476,English,0.526,1
M0477,English,0.032,0
M0478,English,0.241,0
M0479,English,0.066,0
M0480,English,0.379,0
M0481,English,0.186,0
M0482,English,0.023,0
M0483,English,0.015,0
M0484,English,0.037,0
M0485,English,0.06,0
M0486,English,0.112,0
M0487,English,0.092,0
M0488,English,0.087,0
M0489,Pidgin,0.689,1
M0490,English,0.02,0
M0491,English,0.259,0
M0492,Pidgin,0.048,0
M0493,English,0.122,0
M0494,English,0.09,0
M0495,English,0.227,0
M0496,English,0.448,0
M0497,English,0.407,1
M0498,English,0.837,1
M0499,English,0.097,0
M0500,Pidgin,0.368,0
M0501,English,0.055,0
M0502,English,0.307,0
M0503,English,0.013,0
M0504,English,0.057,0
M0505,English,0.079,0
M0506,Pidgin,0.128,0
M0507,English,0.028,0
M0508,English,0.36,0
M0509,English,0.049,0
M0510,English,0.008,0
M0511,English,0.037,0
M0512,English,0.079,0
M0513,Pidgin,0.172,0
M0514,English,0.021,0
M0515,English,0.001,0
M0516,English,0.027,0
M0517,English,0.007,0
M0518,English,0.039,0
M0519,Pidgin,0.195,0
M0520,English,0.112,0
M0521,English,0.184,0
M0522,English,0.019,0
M0523,English,0.024,0
M0524,English,0.002,0
M0525,English,0.01,0
M0526,English,0.203,0
M0527,Pidgin,0.325,0
M0528,English,0.066,0
M0529,English,0.056,0
M0530,Pidgin,0.162,0
M0531,English,0.063,0
M0532,English,0.046,0
M0533,Pidgin,0.28,0
M0534,Pidgin,0.535,0
M0535,Pidgin,0.301,0
M0536,English,0.139,0
M0537,English,0.031,0
M0538,English,0.033,0
M0539,English,0.139,0
M0540,Pidgin,0.108,0
M0541,English,0.05,0
M0542,English,0.084,0
M0543,English,0.427,0
M0544,English,0.177,0
M0545,English,0.187,0
M0546,English,0.11,0
M0547,English,0.045,0
M0548,English,0.123,0
M0549,English,0.182,0
M0550,English,0.144,0
M0551,English,0.089,0
M0552,Pidgin,0.208,0
M0553,English,0.067,0
M0554,Pidgin,0.051,0
M0555,English,0.073,0
M0556,English,0.198,0
M0557,English,0.197,0
M0558,Pidgin,0.19,0
M0559,English,0.219,0
M0560,Pidgin,0.493,0
M0561,English,0.179,0
M0562,Pidgin,0.285,0
M0563,English,0.299,0
M0564,English,0.111,0
M0565,English,0.065,0
M0566,English,0.171,0
M0567,Pidgin,0.53,0
M0568,English,0.283,0
M0569,English,0.537,0
M0570,Pidgin,0.303,0
M0571,English,0.19,0
M0572,English,0.002,0
M0573,English,0.408,0
M0574,English,0.02,0
M0575,English,0.017,0
M0576,English,0.031,0
M0577,Pidgin,0.25,0
M0578,English,0.133,0
M0579,Pidgin,0.429,0
M0580,English,0.205,0
M0581,Pidgin,0.129,0
M0582,English,0.02,0
M0583,Pidgin,0.059,0
M0584,English,0.01,0
M0585,English,0.342,0
M0586,Pidgin,0.053,0
M0587,English,0.299,0
M0588,English,0.395,0
M0589,English,0.083,0
M0590,English,0.119,0
M0591,English,0.831,1
M0592,English,0.217,0
M0593,English,0.21,0
M0594,English,0.041,0
M0595,English,0.081,0
M0596,English,0.011,0
M0597,English,0.052,0
M0598,English,0.233,0
M0599,English,0.588,1
M0600,English,0.129,0
M0601,English,0.083,0
M0602,English,0.103,0
M0603,Pidgin,0.321,0
M0604,English,0.008,0
M0605,English,0.37,0
M0606,English,0.12,0
M0607,English,0.073,0
M0608,English,0.064,0
M0609,English,0.079,0
M0610,English,0.115,0
M0611,Pidgin,0.25,0
M0612,English,0.044,0
M0613,English,0.003,0
M0614,English,0.159,0
M0615,English,0.015,0
M0616,English,0.421,0
M0617,Pidgin,0.231,0
M0618,English,0.195,0
M0619,English,0.014,0
M0620,English,0.012,0
M0621,English,0.001,0
M0622,English,0.054,0
M0623,English,0.007,0
M0624,Pidgin,0.067,0
M0625,English,0.08,0
M0626,English,0.091,0
M0627,English,0.185,0
M0628,English,0.056,0
M0629,English,0.113,0
M0630,Pidgin,0.126,0
M0631,English,0.379,0
M0632,English,0.099,0
M0633,English,0.199,0
M0634,English,0.374,0
M0635,English,0.02,0
M0636,Pidgin,0.221,0
M0637,English,0.128,0
M0638,English,0.008,0
M0639,English,0.684,1
M0640,Pidgin,0.172,0
M0641,English,0.111,0
M0642,Pidgin,0.286,0
M0643,English,0.103,0
M0644,English,0.064,0
M0645,English,0.189,0
M0646,English,0.025,0
M0647,English,0.079,0
M0648,English,0.242,0
M0649,English,0.002,0
M0650,English,0.039,0
M0651,English,0.036,0
M0652,English,0.111,0
M0653,English,0.008,0
M0654,English,0.068,0
M0655,Pidgin,0.092,0
M0656,English,0.135,0
M0657,Pidgin,0.327,0
M0658,Pidgin,0.238,0
M0659,English,0.029,0
M0660,English,0.009,0
M0661,Pidgin,0.426,0
M0662,English,0.794,1
M0663,English,0.065,0
M0664,Pidgin,0.146,0
M0665,Pidgin,0.865,1
M0666,English,0.298,0
M0667,Pidgin,0.37,0
M0668,English,0.074,0
M0669,English,0.032,0
M0670,English,0.099,0
M0671,English,0.007,0
M0672,English,0.181,0
M0673,English,0.02,0
M0674,English,0.011,0
M0675,Pidgin,0.054,0
M0676,English,0.021,0
M0677,Pidgin,0.119,0
M0678,Pidgin,0.133,0
M0679,English,0.003,0
M0680,English,0.275,0
M0681,English,0.163,0
M0682,English,0.186,0
M0683,English,0.07,0
M0684,Pidgin,0.202,0
M0685,Pidgin,0.042,0
M0686,English,0.029,0
M0687,English,0.129,0
M0688,English,0.066,0
M0689,Pidgin,0.397,0
M0690,English,0.015,0
M0691,English,0.073,0
M0692,English,0.299,0
M0693,English,0.029,0
M0694,English,0.024,0
M0695,English,0.077,0
M0696,English,0.039,0
M0697,English,0.019,0
M0698,Pidgin,0.163,0
M0699,Pidgin,0.066,0
M0700,Pidgin,0.109,0
M0701,English,0.019,0
M0702,Pidgin,0.363,0
M0703,English,0.054,0
M0704,English,0.051,0
M0705,Pidgin,0.102,0
M0706,English,0.079,0
M0707,English,0.071,0
M0708,English,0.104,0
M0709,English,0.168,0
M0710,English,0.059,0
M0711,English,0.121,0
M0712,English,0.218,0
M0713,English,0.005,0
M0714,English,0.6,1
M0715,English,0.132,0
M0716,English,0.004,0
M0717,English,0.033,0
M0718,English,0.172,0
M0719,English,0.26,0
M0720,English,0.167,0
M0721,English,0.155,0
M0722,English,0.182,0
M0723,English,0.062,0
M0724,English,0.014,0
M0725,English,0.168,0
M0726,English,0.111,0
M0727,English,0.251,0
M0728,English,0.21,0
M0729,Pidgin,0.097,0
M0730,English,0.027,0
M0731,English,0.079,0
M0732,English,0.325,0
M0733,English,0.036,0
M0734,English,0.517,0
M0735,English,0.291,0
M0736,English,0.056,0
M0737,Pidgin,0.154,0
M0738,English,0.057,0
M0739,Pidgin,0.057,0
M0740,Pidgin,0.333,0
M0741,English,0.185,0
M0742,English,0.196,0
M0743,English,0.25,0
M0744,English,0.027,0
M0745,English,0.043,0
M0746,Pidgin,0.327,0
M0747,English,0.018,0
M0748,Pidgin,0.02,0
M0749,English,0.003,0
M0750,English,0.152,0
M0751,Pidgin,0.185,0
M0752,English,0.016,0
M0753,English,0.06,0
M0754,English,0.165,0
M0755,Pidgin,0.272,0
M0756,Pidgin,0.206,0
M0757,Pidgin,0.139,0
M0758,English,0.16,0
M0759,Pidgin,0.334,0
M0760,English,0.164,0
M0761,English,0.129,0
M0762,English,0.087,0
M0763,English,0.005,0
M0764,English,0.065,0
M0765,English,0.149,0
M0766,English,0.054,0
M0767,Pidgin,0.269,0
M0768,English,0.072,0
M0769,Pidgin,0.111,0
M0770,English,0.003,0
M0771,English,0.047,0
M0772,English,0.021,0
M0773,English,0.045,0
M0774,Pidgin,0.186,0
M0775,English,0.213,0
M0776,Pidgin,0.304,0
M0777,English,0.027,0
M0778,English,0.023,0
M0779,Pidgin,0.451,0
M0780,English,0.149,0
M0781,English,0,0
M0782,English,0.484,0
M0783,English,0.188,0
M0784,Pidgin,0.144,0
M0785,English,0.018,0
M0786,Pidgin,0.139,0
M0787,English,0.171,0
M0788,Pidgin,0.147,0
M0789,English,0.262,0
M0790,English,0.225,0
M0791,Pidgin,0.232,0
M0792,English,0.105,0
M0793,English,0.171,0
M0794,English,0.23,0
M0795,English,0.185,0
M0796,English,0.02,0
M0797,English,0.144,0
M0798,Pidgin,0.495,0
M0799,English,0.102,0
M0800,English,0.045,0
M0801,English,0.155,0
M0802,English,0.094,0
M0803,English,0.048,0
M0804,Pidgin,0.056,0
M0805,English,0.283,0
M0806,English,0.225,0
M0807,English,0.069,0
M0808,English,0.274,0
M0809,English,0.15,0
M0810,Pidgin,0.521,0
M0811,English,0.277,0
M0812,Pidgin,0.393,0
M0813,English,0.196,0
M0814,English,0.169,0
M0815,English,0.044,0
M0816,English,0.224,0
M0817,English,0.026,0
M0818,English,0.369,0
M0819,Pidgin,0.377,0
M0820,Pidgin,0.185,0
M0821,English,0.053,0
M0822,Pidgin,0.194,0
M0823,English,0.066,0
M0824,English,0.066,0
M0825,English,0.059,0
M0826,English,0.069,0
M0827,English,0.023,0
M0828,English,0.089,0
M0829,English,0.173,0
M0830,English,0.005,0
M0831,English,0.063,0
M0832,Pidgin,0.309,0
M0833,English,0.02,0
M0834,English,0.041,0
M0835,Pidgin,0.056,0
M0836,English,0.112,0
M0837,English,0.14,0
M0838,English,0.207,0
M0839,English,0.006,0
M0840,Pidgin,0.151,0
M0841,Pidgin,0.104,0
M0842,Pidgin,0.078,0
M0843,English,0.243,0
M0844,Pidgin,0.158,0
M0845,English,0.124,0
M0846,Pidgin,0.05,0
M0847,Pidgin,0.258,0
M0848,Pidgin,0.039,0
M0849,English,0.001,0
M0850,English,0.109,0
M0851,Pidgin,0.293,0
M0852,English,0.313,0
M0853,English,0.39,0
M0854,English,0.048,0
M0855,English,0.019,0
M0856,English,0.005,0
M0857,Pidgin,0.104,0
M0858,English,0.079,0
M0859,English,0.202,0
M0860,English,0.156,0
M0861,Pidgin,0.118,0
M0862,Pidgin,0.371,0
M0863,English,0.103,0
M0864,Pidgin,0.246,0
M0865,English,0.211,0
M0866,English,0.131,0
M0867,English,0.021,0
M0868,English,0,0
M0869,English,0.183,0
M0870,English,0.108,0
M0871,Pidgin,0.049,0
M0872,Pidgin,0.193,0
M0873,English,0.047,0
M0874,English,0.077,0
M0875,English,0.287,0
M0876,English,0.01,0
M0877,Pidgin,0.218,0
M0878,English,0.045,0
M0879,English,0.149,0
M0880,English,0.004,0
M0881,English,0.045,0
M0882,English,0.022,0
M0883,English,0.292,0
M0884,Pidgin,0.091,0
M0885,English,0.001,0
M0886,English,0.283,0
M0887,Pidgin,0.285,0
M0888,English,0.374,0
M0889,English,0.719,1
M0890,Pidgin,0.235,0
M0891,English,0.033,0
M0892,Pidgin,0.175,0
M0893,Pidgin,0.123,0
M0894,English,0.292,0
M0895,English,0.119,0
M0896,Pidgin,0.293,0
M0897,English,0.158,0
M0898,English,0.09,0
M0899,English,0.004,0
M0900,English,0.813,1
M0901,Pidgin,0.168,0
M0902,English,0.239,0
M0903,Pidgin,0.176,0
M0904,English,0.158,0
M0905,English,0.096,0
M0906,English,0.016,0
M0907,English,0.022,0
M0908,English,0.094,0
M0909,Pidgin,0.301,0
M0910,English,0.015,0
M0911,English,0.016,0
M0912,Pidgin,0.113,0
M0913,English,0.013,0
M0914,English,0.03,0
M0915,English,0.018,0
M0916,English,0.175,0
M0917,Pidgin,0.752,1
M0918,English,0.026,0
M0919,English,0.046,0
M0920,Pidgin,0.313,0
M0921,English,0.192,0
M0922,English,0.024,0
M0923,English,0.218,0
M0924,English,0.024,0
M0925,English,0.017,0
M0926,English,0.082,0
M0927,English,0.181,0
M0928,English,0.3,0
M0929,English,0.008,0
M0930,English,0.088,0
M0931,English,0.035,0
M0932,Pidgin,0.215,0
M0933,English,0.274,0
M0934,English,0.835,1
M0935,English,0.141,0
M0936,Pidgin,0.274,0
M0937,English,0.022,0
M0938,English,0.149,0
M0939,English,0.133,0
M0940,English,0.205,0
M0941,English,0.126,0
M0942,English,0.049,0
M0943,English,0.044,0
M0944,English,0.107,0
M0945,English,0.012,0
M0946,English,0.007,0
M0947,English,0.1,0
M0948,English,0.056,0
M0949,English,0.695,1
M0950,English,0.086,0
M0951,English,0.038,0
M0952,English,0.143,0
M0953,English,0.011,0
M0954,Pidgin,0.125,0
M0955,English,0.37,0
M0956,English,0.02,0
M0957,English,0.337,0
M0958,English,0.172,0
M0959,English,0.042,0
M0960,English,0.055,0
M0961,English,0.541,0
M0962,English,0.031,0
M0963,English,0.251,0
M0964,Pidgin,0.213,0
M0965,English,0.054,0
M0966,English,0.132,0
M0967,Pidgin,0.268,0
M0968,English,0.097,0
M0969,English,0.088,0
M0970,Pidgin,0.188,0
M0971,English,0.288,0
M0972,English,0.013,0
M0973,English,0.064,0
M0974,English,0.119,0
M0975,Pidgin,0.869,1
M0976,English,0.226,0
M0977,English,0.177,0
M0978,English,0.766,1
M0979,English,0.043,0
M0980,English,0.284,0
M0981,English,0.135,0
M0982,English,0.014,0
M0983,English,0.157,0
M0984,English,0.211,0
M0985,English,0.019,0
M0986,English,0.022,0
M0987,English,0.177,0
M0988,English,0.025,0
M0989,Pidgin,0.433,0
M0990,English,0.119,0
M0991,Pidgin,0.15,0
M0992,Pidgin,0.234,0
M0993,Pidgin,0.287,0
M0994,Pidgin,0.241,0
M0995,Pidgin,0.317,0
M0996,English,0.114,0
M0997,English,0.125,0
M0998,English,0.105,0
M0999,English,0.042,0
M1000,Pidgin,0.097,0
M1001,English,0.225,0
M1002,English,0.03,0
M1003,English,0.08,0
M1004,English,0.169,0
M1005,English,0.054,0
M1006,English,0.04,0
M1007,English,0.195,0
M1008,English,0.038,0
M1009,English,0.052,0
M1010,English,0.319,0
M1011,English,0.277,0
M1012,English,0.011,0
M1013,English,0.002,0
M1014,English,0.193,0
M1015,English,0.001,0
M1016,English,0.18,0
M1017,English,0.185,0
M1018,English,0.171,0
M1019,English,0.049,0
M1020,Pidgin,0.198,0
M1021,English,0.039,0
M1022,English,0.08,0
M1023,English,0.025,0
M1024,English,0.141,0
M1025,English,0.039,0
M1026,English,0.035,0
M1027,Pidgin,0.245,0
M1028,English,0.104,0
M1029,English,0.006,0
M1030,Pidgin,0.09,0
M1031,Pidgin,0.153,0
M1032,English,0.209,0
M1033,English,0.031,0
M1034,English,0.208,0
M1035,English,0.008,0
M1036,English,0.016,0
M1037,English,0.244,0
M1038,English,0.009,0
M1039,Pidgin,0.16,0
M1040,Pidgin,0.226,0
M1041,English,0.259,0
M1042,Pidgin,0.247,0
M1043,English,0.667,1
M1044,English,0.152,0
M1045,English,0.045,0
M1046,English,0.184,0
M1047,Pidgin,0.103,0
M1048,Pidgin,0.344,0
M1049,English,0.091,0
M1050,English,0.193,0
M1051,English,0.06,0
M1052,English,0.016,0
M1053,English,0.018,0
M1054,English,0.125,0
M1055,English,0.04,0
M1056,English,0.278,0
M1057,English,0.198,0
M1058,Pidgin,0.291,0
M1059,Pidgin,0.807,1
M1060,English,0.568,0
M1061,Pidgin,0.109,0
M1062,English,0.045,0
M1063,English,0.315,0
M1064,English,0.097,0
M1065,English,0.014,0
M1066,English,0.253,0
M1067,English,0.064,0
M1068,English,0.171,0
M1069,English,0.13,0
M1070,English,0.062,0
M1071,English,0.277,0
M1072,English,0.115,0
M1073,Pidgin,0.124,0
M1074,English,0.026,0
M1075,English,0.481,0
M1076,English,0.152,0
M1077,English,0.056,0
M1078,English,0.011,0
M1079,Pidgin,0.771,0
M1080,English,0.101,0
M1081,English,0.062,0
M1082,English,0.204,0
M1083,English,0.109,0
M1084,English,0.23,0
M1085,Pidgin,0.838,0
M1086,English,0.034,0
M1087,English,0.059,0
M1088,English,0.469,0
M1089,English,0.003,0
M1090,English,0.087,0
M1091,English,0.02,0
M1092,English,0.162,0
M1093,English,0.061,0
M1094,English,0.215,0
M1095,English,0.092,0
M1096,English,0.066,0
M1097,English,0.064,0
M1098,English,0.015,0
M1099,English,0.087,0
M1100,Pidgin,0.099,0
M1101,English,0.004,0
M1102,English,0.176,0
M1103,English,0.006,0
M1104,English,0.913,1
M1105,English,0.791,1
M1106,English,0.017,0
M1107,English,0.073,0
M1108,English,0.1,0
M1109,English,0.048,0
M1110,English,0.003,0
M1111,Pidgin,0.24,0
M1112,English,0.05,0
M1113,English,0.791,1
M1114,Pidgin,0.152,0
M1115,English,0.119,0
M1116,English,0.044,0
M1117,English,0.079,0
M1118,English,0.194,0
M1119,English,0.001,0
M1120,English,0.251,0
M1121,Pidgin,0.348,0
M1122,English,0.108,0
M1123,English,0.05,0
M1124,Pidgin,0.269,0
M1125,English,0.046,0
M1126,English,0.693,1
M1127,English,0.249,0
M1128,English,0.152,0
M1129,English,0.021,0
M1130,Pidgin,0.077,0
M1131,English,0.148,0
M1132,English,0.165,0
M1133,Pidgin,0.044,0
M1134,English,0.109,0
M1135,English,0.11,0
M1136,English,0.106,0
M1137,English,0.175,0
M1138,English,0.025,0
M1139,Pidgin,0.26,0
M1140,English,0.17,0
M1141,English,0.071,0
M1142,Pidgin,0.327,0
M1143,English,0.135,0
M1144,English,0.181,0
M1145,Pidgin,0.431,0
M1146,Pidgin,0.407,0
M1147,English,0.223,0
M1148,English,0.008,0
M1149,English,0.106,0
M1150,Pidgin,0.111,0
M1151,English,0.083,0
M1152,English,0.131,0
M1153,English,0.11,0
M1154,English,0.081,0
M1155,English,0.013,0
M1156,Pidgin,0.099,0
M1157,English,0.018,0
M1158,English,0.187,0
M1159,English,0.098,0
M1160,English,0.053,0
M1161,English,0.034,0
M1162,Pidgin,0.063,0
M1163,Pidgin,0.429,0
M1164,Pidgin,0.236,0
M1165,Pidgin,0.261,0
M1166,English,0.095,0
M1167,English,0.044,0
M1168,English,0.175,0
M1169,English,0.015,0
M1170,English,0.056,0
M1171,Pidgin,0.111,0
M1172,Pidgin,0.376,0
M1173,English,0.102,0
M1174,English,0.266,0
M1175,English,0,0
M1176,English,0.005,0
M1177,Pidgin,0.548,0
M1178,English,0.064,0
M1179,Pidgin,0.184,0
M1180,English,0.178,0
M1181,Pidgin,0.149,0
M1182,Pidgin,0.143,0
M1183,Pidgin,0.017,0
M1184,Pidgin,0.12,0
M1185,English,0.196,0
M1186,English,0.027,0
M1187,Pidgin,0.417,0
M1188,Pidgin,0.197,0
M1189,English,0.393,0
M1190,English,0.199,0
M1191,English,0.122,0
M1192,English,0.15,0
M1193,English,0.008,0
M1194,English,0.013,0
M1195,English,0.03,0
M1196,English,0.008,0
M1197,English,0.06,0
M1198,English,0.011,0
M1199,English,0.13,0
M1200,Pidgin,0.152,0
M1201,English,0.048,0
M1202,English,0.119,0
M1203,English,0.16,0
M1204,English,0.09,0
M1205,English,0.067,0
M1206,English,0.006,0
M1207,Pidgin,0.323,0
M1208,English,0.078,0
M1209,English,0.639,1
M1210,English,0.826,1
M1211,Pidgin,0.452,0
M1212,English,0.206,0
M1213,English,0.032,0
M1214,English,0.268,0
M1215,Pidgin,0.097,0
M1216,English,0.048,0
M1217,English,0.178,0
M1218,English,0.075,0
M1219,English,0.012,0
M1220,English,0.193,0
M1221,English,0.017,0
M1222,English,0.149,0
M1223,Pidgin,0.304,0
M1224,Pidgin,0.15,0
M1225,English,0.258,0
M1226,English,0.306,0
M1227,English,0.046,0
M1228,Pidgin,0.088,0
M1229,English,0.023,0
M1230,English,0.423,0
M1231,English,0.005,0
M1232,English,0.099,0
M1233,English,0.182,0
M1234,Pidgin,0.171,0
M1235,English,0.099,0
M1236,English,0.047,0
M1237,English,0.045,0
M1238,Pidgin,0.081,0
M1239,English,0.098,0
M1240,Pidgin,0.285,0
M1241,English,0.014,0
M1242,English,0.241,0
M1243,Pidgin,0.456,0
M1244,English,0.004,0
M1245,English,0.028,0
M1246,English,0.098,0
M1247,Pidgin,0.485,0
M1248,Pidgin,0.513,0
M1249,English,0.162,0
M1250,English,0.106,0
M1251,English,0.246,0
M1252,English,0.151,0
M1253,English,0.075,0
M1254,English,0.035,0
M1255,English,0.007,0
M1256,English,0.07,0
M1257,English,0.182,0
M1258,English,0.204,0
M1259,English,0.733,1
M1260,English,0.319,0
M1261,English,0.028,0
M1262,Pidgin,0.071,0
M1263,English,0.298,0
M1264,English,0.075,0
M1265,Pidgin,0.087,0
M1266,English,0.057,0
M1267,English,0.048,0
M1268,English,0.379,0
M1269,Pidgin,0.12,0
M1270,English,0.4,0
M1271,English,0.04,0
M1272,English,0.054,0
M1273,English,0.06,0
M1274,English,0.141,0
M1275,English,0.045,0
M1276,English,0.046,0
M1277,Pidgin,0.123,0
M1278,Pidgin,0.182,0
M1279,English,0.084,0
M1280,English,0.116,0
M1281,English,0.096,0
M1282,Pidgin,0.443,0
M1283,English,0.321,0
M1284,English,0.052,0
M1285,English,0.04,0
M1286,Pidgin,0.187,0
M1287,English,0.035,0
M1288,English,0.12,0
M1289,English,0.036,0
M1290,Pidgin,0.396,0
M1291,English,0.083,0
M1292,English,0.048,0
M1293,English,0.055,0
M1294,Pidgin,0.219,0
M1295,English,0.144,0
M1296,English,0.278,0
M1297,English,0.125,0
M1298,English,0.017,0
M1299,English,0.128,0
M1300,English,0.046,0
M1301,English,0.033,0
M1302,English,0.037,0
M1303,English,0.008,0
M1304,Pidgin,0.455,0
M1305,English,0.077,0
M1306,English,0.076,0
M1307,Pidgin,0.23,0
M1308,Pidgin,0.273,0
M1309,English,0.12,0
M1310,English,0.053,0
M1311,English,0.029,0
M1312,English,0.137,0
M1313,English,0.222,0
M1314,English,0.252,0
M1315,English,0.157,0
M1316,English,0.314,0
M1317,English,0.136,0
M1318,English,0.104,0
M1319,English,0.002,0
M1320,English,0.452,0
M1321,English,0.014,0
M1322,English,0.011,0
M1323,English,0.26,0
M1324,English,0.217,0
M1325,English,0.098,0
M1326,English,0.06,0
M1327,English,0.033,0
M1328,Pidgin,0.163,0
M1329,English,0.204,0
M1330,English,0.029,0
M1331,English,0.146,0
M1332,English,0.01,0
M1333,English,0.261,0
M1334,English,0.196,0
M1335,English,0.139,0
M1336,Pidgin,0.387,0
M1337,Pidgin,0.288,0
M1338,English,0.165,0
M1339,English,0.189,0
M1340,English,0.039,0
M1341,Pidgin,0.516,0
M1342,English,0.183,0
M1343,Pidgin,0.851,1
M1344,English,0.095,0
M1345,English,0.077,0
M1346,English,0.053,0
M1347,English,0.118,0
M1348,Pidgin,0.187,0
M1349,English,0.027,0
M1350,English,0.18,0
M1351,English,0.066,0
M1352,English,0.074,0
M1353,Pidgin,0.618,0
M1354,Pidgin,0.474,0
M1355,English,0.008,0
M1356,Pidgin,0.363,0
M1357,English,0.187,0
M1358,English,0.036,0
M1359,English,0.086,0
M1360,English,0.392,0
M1361,Pidgin,0.09,0
M1362,English,0.055,0
M1363,English,0.076,0
M1364,English,0.295,0
M1365,English,0.682,1
M1366,English,0.309,0
M1367,English,0.064,0
M1368,English,0.142,0
M1369,English,0.081,0
M1370,English,0.07,0
M1371,Pidgin,0.219,0
M1372,English,0.328,0
M1373,English,0.048,0
M1374,English,0.24,0
M1375,English,0.072,0
M1376,Pidgin,0.379,0
M1377,English,0.275,0
M1378,English,0.104,0
M1379,Pidgin,0.073,0
M1380,English,0.218,0
M1381,English,0.08,0
M1382,English,0.007,0
M1383,English,0.322,0
M1384,Pidgin,0.224,0
M1385,English,0.237,0
M1386,Pidgin,0.13,0
M1387,English,0.235,0
M1388,Pidgin,0.135,0
M1389,English,0.256,0
M1390,English,0.038,0
M1391,English,0.098,0
M1392,English,0.002,0
M1393,English,0.169,0
M1394,Pidgin,0.186,0
M1395,English,0.044,0
M1396,English,0.042,0
M1397,English,0.196,0
M1398,English,0.088,0
M1399,English,0.9,1
M1400,English,0.135,0
M1401,English,0.04,0
M1402,English,0.235,0
M1403,English,0.003,0
M1404,English,0.021,0
M1405,English,0.165,0
M1406,English,0.042,0
M1407,Pidgin,0.104,0
M1408,English,0.011,0
M1409,English,0.062,0
M1410,English,0.007,0
M1411,English,0.223,0
M1412,English,0.002,0
M1413,English,0.078,0
M1414,English,0.125,0
M1415,English,0.249,0
M1416,English,0.121,0
M1417,English,0.082,0
M1418,English,0.085,0
M1419,Pidgin,0.45,0
M1420,English,0.072,0
M1421,English,0.178,0
M1422,English,0.261,0
M1423,English,0.143,0
M1424,Pidgin,0.312,0
M1425,English,0.016,0
M1426,English,0.011,0
M1427,English,0.108,0
M1428,English,0.065,0
M1429,Pidgin,0.713,0
M1430,English,0.08,0
M1431,English,0.111,0
M1432,Pidgin,0.409,0
M1433,Pidgin,0.407,0
M1434,English,0.153,0
M1435,English,0.418,0
M1436,Pidgin,0.439,0
M1437,English,0.01,0
M1438,English,0.044,0
M1439,English,0.022,0
M1440,English,0.011,0
M1441,English,0.183,0
M1442,English,0.079,0
M1443,English,0.037,0
M1444,English,0.115,0
M1445,English,0.085,0
M1446,English,0.13,0
M1447,English,0.051,0
M1448,English,0.042,0
M1449,English,0.093,0
M1450,Pidgin,0.29,0
M1451,Pidgin,0.417,0
M1452,English,0.014,0
M1453,English,0.103,0
M1454,Pidgin,0.253,0
M1455,English,0.086,0
M1456,English,0.026,0
M1457,English,0.082,0
M1458,Pidgin,0.212,0
M1459,English,0.008,0
M1460,English,0.306,0
M1461,English,0.111,0
M1462,Pidgin,0.413,0
M1463,English,0.067,0
M1464,Pidgin,0.465,0
M1465,Pidgin,0.193,0
M1466,English,0.116,0
M1467,English,0.15,0
M1468,English,0.014,0
M1469,Pidgin,0.109,0
M1470,English,0.298,0
M1471,English,0.047,0
M1472,English,0.006,0
M1473,Pidgin,0.033,0
M1474,English,0.01,0
M1475,Pidgin,0.092,0
M1476,English,0.038,0
M1477,English,0.037,0
M1478,English,0.194,0
M1479,English,0.177,0
M1480,English,0.193,0
M1481,English,0.243,0
M1482,English,0.119,0
M1483,English,0.221,0
M1484,English,0.009,0
M1485,English,0.202,0
M1486,Pidgin,0.372,0
M1487,English,0.257,0
M1488,English,0.156,0
M1489,English,0.083,0
M1490,English,0.328,0
M1491,English,0.067,0
M1492,English,0.085,0
M1493,English,0.159,0
M1494,English,0.378,0
M1495,English,0.14,0
M1496,Pidgin,0.475,0
M1497,English,0.103,0
M1498,Pidgin,0.116,0
M1499,English,0.05,0
M1500,English,0.163,0
M1501,English,0.066,0
M1502,English,0.223,0
M1503,English,0.023,0
M1504,English,0.085,0
M1505,English,0.022,0
M1506,English,0.032,0
M1507,English,0.041,0
M1508,English,0.066,0
M1509,Pidgin,0.326,0
M1510,English,0.285,0
M1511,English,0.194,0
M1512,English,0.176,0
M1513,English,0.045,0
M1514,Pidgin,0.13,0
M1515,Pidgin,0.621,0
M1516,English,0.224,0
M1517,Pidgin,0.528,0
M1518,English,0.206,0
M1519,English,0.048,0
M1520,English,0.904,1
M1521,English,0.408,0
M1522,English,0.119,0
M1523,English,0.216,0
M1524,English,0.931,1
M1525,Pidgin,0.16,0
M1526,English,0.004,0
M1527,Pidgin,0.099,0
M1528,Pidgin,0.075,0
M1529,English,0.35,0
M1530,English,0.196,0
M1531,English,0.108,0
M1532,English,0.111,0
M1533,English,0.135,0
M1534,English,0.054,0
M1535,English,0.039,0
M1536,English,0.079,0
M1537,English,0.267,0
M1538,English,0.276,0
M1539,English,0.031,0
M1540,Pidgin,0.437,0
M1541,English,0.027,0
M1542,English,0.07,0
M1543,Pidgin,0.063,0
M1544,English,0.01,0
M1545,English,0.084,0
M1546,English,0.028,0
M1547,English,0.073,0
M1548,Pidgin,0.089,0
M1549,English,0.223,0
M1550,Pidgin,0.246,0
M1551,English,0.176,0
M1552,English,0.227,0
M1553,Pidgin,0.452,0
M1554,English,0.115,0
M1555,English,0.04,0
M1556,Pidgin,0.165,0
M1557,English,0.041,0
M1558,Pidgin,0.04,0
M1559,English,0.016,0
M1560,English,0.053,0
M1561,English,0.15,0
M1562,English,0.076,0
M1563,English,0.059,0
M1564,Pidgin,0.929,1
M1565,Pidgin,0.375,0
M1566,English,0.069,0
M1567,Pidgin,0.137,0
M1568,Pidgin,0.137,0
M1569,English,0.644,1
M1570,English,0.105,0
M1571,English,0.053,0
M1572,Pidgin,0.485,0
M1573,Pidgin,0.172,0
M1574,Pidgin,0.164,0
M1575,English,0.208,0
M1576,English,0.105,0
M1577,English,0.115,0
M1578,English,0.003,0
M1579,English,0.314,0
M1580,English,0.259,0
M1581,English,0.033,0
M1582,English,0.159,0
M1583,Pidgin,0.096,0
M1584,English,0.13,0
M1585,English,0.141,0
M1586,Pidgin,0.023,0
M1587,English,0.05,0
M1588,English,0,0
M1589,English,0.077,0
M1590,English,0.691,1
M1591,English,0.216,0
M1592,English,0.068,0
M1593,English,0.017,0
M1594,Pidgin,0.279,0
M1595,English,0.939,1
M1596,Pidgin,0.45,0
M1597,English,0.091,0
M1598,English,0.098,0
M1599,Pidgin,0.176,0
M1600,Pidgin,0.369,0
M1601,English,0.799,1
M1602,English,0.083,0
M1603,English,0.037,0
M1604,English,0.94,1
M1605,English,0.06,0
M1606,English,0.073,0
M1607,English,0.023,0
M1608,English,0.319,0
M1609,Pidgin,0.292,0
M1610,English,0.017,0
M1611,English,0.07,0
M1612,English,0.261,0
M1613,English,0.797,1
M1614,English,0.162,0
M1615,English,0.039,0
M1616,English,0.1,0
M1617,English,0.747,1
M1618,English,0.085,0
M1619,English,0.104,0
M1620,English,0.039,0
M1621,English,0.028,0
M1622,English,0.291,0
M1623,English,0.05,0
M1624,English,0.086,0
M1625,Pidgin,0.391,0
M1626,Pidgin,0.24,0
M1627,English,0.127,0
M1628,English,0.06,0
M1629,Pidgin,0.058,0
M1630,English,0.148,0
M1631,English,0.012,0
M1632,English,0,0
M1633,English,0.42,0
M1634,English,0.771,1
M1635,English,0.044,0
M1636,English,0.198,0
M1637,English,0.009,0
M1638,English,0.175,0
M1639,English,0.624,1
M1640,Pidgin,0.342,0
M1641,English,0.081,0
M1642,English,0.024,0
M1643,English,0.356,0
M1644,English,0.096,0
M1645,English,0.013,0
M1646,English,0.08,0
M1647,Pidgin,0.31,0
M1648,English,0.043,0
M1649,English,0.166,0
M1650,English,0.058,0
M1651,English,0.17,0
M1652,English,0.159,0
M1653,English,0.003,0
M1654,English,0.024,0
M1655,Pidgin,0.143,0
M1656,English,0.127,0
M1657,English,0.694,1
M1658,English,0.344,0
M1659,English,0.092,0
M1660,Pidgin,0.183,0
M1661,Pidgin,0.064,0
M1662,Pidgin,0.36,0
M1663,English,0.013,0
M1664,Pidgin,0.186,0
M1665,English,0.041,0
M1666,English,0.026,0
M1667,English,0.02,0
M1668,English,0.885,1
M1669,English,0.053,0
M1670,English,0.082,0
M1671,English,0.157,0
M1672,English,0.127,0
M1673,English,0.109,0
M1674,English,0.029,0
M1675,Pidgin,0.066,0
M1676,English,0.12,0
M1677,English,0.104,0
M1678,English,0.078,0
M1679,English,0.071,0
M1680,English,0.097,0
M1681,English,0.046,0
M1682,Pidgin,0.177,0
M1683,Pidgin,0.275,0
M1684,Pidgin,0.783,0
M1685,English,0.095,0
M1686,Pidgin,0.123,0
M1687,Pidgin,0.342,0
M1688,English,0.222,0
M1689,English,0.129,0
M1690,English,0.073,0
M1691,Pidgin,0.112,0
M1692,English,0.079,0
M1693,Pidgin,0.306,0
M1694,Pidgin,0.035,0
M1695,English,0.021,0
M1696,English,0.032,0
M1697,Pidgin,0.22,0
M1698,English,0.046,0
M1699,English,0.003,0
M1700,Pidgin,0.407,0
M1701,English,0.266,0
M1702,Pidgin,0.104,0
M1703,English,0.157,0
M1704,English,0.039,0
M1705,English,0.039,0
M1706,English,0.328,0
M1707,Pidgin,0.07,0
M1708,English,0.109,0
M1709,English,0.018,0
M1710,English,0.019,0
M1711,English,0.109,0
M1712,Pidgin,0.17,0
M1713,English,0.092,0
M1714,English,0.563,0
M1715,English,0.097,0
M1716,English,0.042,0
M1717,English,0.066,0
M1718,English,0.04,0
M1719,Pidgin,0.438,0
M1720,English,0.051,0
M1721,Pidgin,0.192,0
M1722,Pidgin,0.806,1
M1723,English,0.101,0
M1724,English,0.053,0
M1725,English,0.045,0
M1726,English,0.035,0
M1727,English,0.696,1
M1728,Pidgin,0.222,0
M1729,Pidgin,0.244,0
M1730,Pidgin,0.445,0
M1731,English,0.015,0
M1732,English,0.128,0
M1733,Pidgin,0.11,0
M1734,English,0.039,0
M1735,English,0.221,0
M1736,English,0.029,0
M1737,English,0.044,0
M1738,English,0.169,0
M1739,English,0.008,0
M1740,English,0.064,0
M1741,Pidgin,0.652,0
M1742,English,0.286,0
M1743,Pidgin,0.216,0
M1744,English,0.13,0
M1745,English,0.059,0
M1746,Pidgin,0.155,0
M1747,English,0.097,0
M1748,English,0.055,0
M1749,English,0.164,0
M1750,English,0.107,0
M1751,English,0.023,0
M1752,English,0.077,0
M1753,English,0.002,0
M1754,English,0.057,0
M1755,English,0.389,0
M1756,English,0.139,0
M1757,English,0.147,0
M1758,English,0.098,0
M1759,Pidgin,0.286,0
M1760,English,0.05,0
M1761,English,0.165,0
M1762,Pidgin,0.106,0
M1763,Pidgin,0.137,0
M1764,English,0.084,0
M1765,English,0.059,0
M1766,English,0.285,0
M1767,Pidgin,0.054,0
M1768,English,0.151,0
M1769,English,0.025,0
M1770,English,0.012,0
M1771,Pidgin,0.254,0
M1772,English,0.005,0
M1773,Pidgin,0.118,0
M1774,English,0.155,0
M1775,English,0.078,0
M1776,Pidgin,0.113,0
M1777,Pidgin,0.133,0
M1778,Pidgin,0.167,0
M1779,English,0.112,0
M1780,English,0.186,0
M1781,English,0.1,0
M1782,English,0.308,0
M1783,English,0.124,0
M1784,English,0.056,0
M1785,English,0.056,0
M1786,English,0.053,0
M1787,English,0.042,0
M1788,English,0.132,0
M1789,English,0.072,0
M1790,Pidgin,0.236,0
M1791,English,0.049,0
M1792,English,0.396,0
M1793,Pidgin,0.089,0
M1794,Pidgin,0.37,0
M1795,English,0.139,0
M1796,English,0.013,0
M1797,English,0.017,0
M1798,English,0.002,0
M1799,English,0.086,0
M1800,English,0.05,0
M1801,English,0.172,0
M1802,English,0.009,0
M1803,English,0.179,0
M1804,English,0.052,0
M1805,Pidgin,0.254,0
M1806,English,0.157,0
M1807,English,0.221,0
M1808,English,0.041,0
M1809,English,0.025,0
M1810,English,0.094,0
M1811,English,0.133,0
M1812,English,0.036,0
M1813,English,0.074,0
M1814,English,0.017,0
M1815,English,0.158,0
M1816,English,0.056,0
M1817,English,0.181,0
M1818,Pidgin,0.39,0
M1819,English,0.017,0
M1820,English,0.146,0
M1821,English,0.047,0
M1822,English,0.108,0
M1823,English,0.078,0
M1824,English,0.012,0
M1825,English,0.017,0
M1826,English,0.062,0
M1827,Pidgin,0.159,0
M1828,English,0.379,0
M1829,Pidgin,0.129,0
M1830,English,0.007,0
M1831,English,0.453,1
M1832,English,0.015,0
M1833,Pidgin,0.515,0
M1834,Pidgin,0.147,0
M1835,Pidgin,0.06,0
M1836,English,0.127,0
M1837,English,0.037,0
M1838,English,0.027,0
M1839,English,0.054,0
M1840,Pidgin,0.252,0
M1841,English,0.063,0
M1842,Pidgin,0.185,0
M1843,English,0.041,0
M1844,English,0.26,0
M1845,English,0.234,0
M1846,Pidgin,0.028,0
M1847,Pidgin,0.569,0
M1848,Pidgin,0.069,0
M1849,English,0.136,0
M1850,English,0.037,0
M1851,English,0.132,0
M1852,English,0.184,0
M1853,English,0.05,0
M1854,English,0.661,1
M1855,English,0.034,0
M1856,English,0.778,1
M1857,English,0.037,0
M1858,Pidgin,0.259,0
M1859,English,0.023,0
M1860,English,0.022,0
M1861,Pidgin,0.176,0
M1862,English,0.062,0
M1863,English,0.042,0
M1864,English,0.16,0
M1865,English,0.037,0
M1866,Pidgin,0.277,0
M1867,English,0.008,0
M1868,English,0.126,0
M1869,English,0.019,0
M1870,English,0.019,0
M1871,English,0.91,1
M1872,English,0.1,0
M1873,Pidgin,0.323,0
M1874,English,0.016,0
M1875,English,0.107,0
M1876,English,0.314,0
M1877,English,0.01,0
M1878,Pidgin,0.247,0
M1879,English,0.071,0
M1880,Pidgin,0.26,0
M1881,English,0.014,0
M1882,English,0.016,0
M1883,English,0.152,0
M1884,English,0.204,0
M1885,English,0.016,0
M1886,English,0.045,0
M1887,English,0.232,0
M1888,English,0.199,0
M1889,English,0.557,0
M1890,English,0.2,0
M1891,Pidgin,0.15,0
M1892,English,0.066,0
M1893,English,0.095,0
M1894,English,0.015,0
M1895,English,0.01,0
M1896,Pidgin,0.167,0
M1897,Pidgin,0.196,0
M1898,English,0.118,0
M1899,English,0.02,0
M1900,English,0.174,0
M1901,Pidgin,0.299,0
M1902,English,0.172,0
M1903,English,0.204,0
M1904,English,0.057,0
M1905,English,0.036,0
M1906,English,0.016,0
M1907,English,0.007,0
M1908,Pidgin,0.331,0
M1909,English,0.019,0
M1910,English,0.082,0
M1911,English,0.703,1
M1912,English,0.044,0
M1913,English,0.012,0
M1914,English,0.163,0
M1915,Pidgin,0.259,0
M1916,English,0.072,0
M1917,Pidgin,0.089,0
M1918,English,0.121,0
M1919,Pidgin,0.068,0
M1920,English,0.227,0
M1921,English,0.027,0
M1922,English,0.001,0
M1923,English,0.128,0
M1924,Pidgin,0.289,0
M1925,English,0.07,0
M1926,English,0.054,0
M1927,English,0.003,0
M1928,English,0.057,0
M1929,Pidgin,0.138,0
M1930,English,0.005,0
M1931,English,0.071,0
M1932,English,0.029,0
M1933,English,0.12,0
M1934,English,0.095,0
M1935,English,0.004,0
M1936,Pidgin,0.409,0
M1937,Pidgin,0.323,0
M1938,English,0.172,0
M1939,English,0.023,0
M1940,Pidgin,0.169,0
M1941,English,0.063,0
M1942,Pidgin,0.131,0
M1943,English,0.013,0
M1944,English,0.083,0
M1945,Pidgin,0.351,0
M1946,English,0.061,0
M1947,English,0.131,0
M1948,English,0.076,0
M1949,English,0.086,0
M1950,English,0.189,0
M1951,Pidgin,0.219,0
M1952,Pidgin,0.109,0
M1953,English,0.339,0
M1954,English,0.057,0
M1955,English,0.136,0
M1956,English,0.015,0
M1957,English,0.012,0
M1958,English,0.112,0
M1959,English,0.044,0
M1960,English,0.255,0
M1961,Pidgin,0.584,0
M1962,Pidgin,0.13,0
M1963,Pidgin,0.294,0
M1964,English,0.139,0
M1965,English,0.021,0
M1966,English,0.022,0
M1967,English,0.118,0
M1968,English,0.063,0
M1969,English,0.024,0
M1970,English,0.149,0
M1971,English,0.229,0
M1972,English,0.072,0
M1973,English,0.062,0
M1974,English,0.156,0
M1975,Pidgin,0.207,0
M1976,English,0.353,0
M1977,Pidgin,0.512,0
M1978,Pidgin,0.021,0
M1979,English,0.091,0
M1980,English,0.018,0
M1981,English,0.066,0
M1982,Pidgin,0.511,0
M1983,English,0.126,0
M1984,English,0.011,0
M1985,English,0.169,0
M1986,English,0.041,0
M1987,English,0.127,0
M1988,English,0.116,0
M1989,English,0.047,0
M1990,English,0.039,0
M1991,English,0.17,0
M1992,English,0.032,0
M1993,Pidgin,0.326,0
M1994,Pidgin,0.197,0
M1995,English,0.129,0
M1996,English,0.033,0
M1997,Pidgin,0.436,0
M1998,Pidgin,0.092,0
M1999,English,0.313,0
M2000,English,0.064,0
M2001,English,0.35,0
M2002,Pidgin,0.526,0
M2003,English,0.008,0
M2004,English,0.292,0
M2005,English,0.109,0
M2006,Pidgin,0.077,0
M2007,English,0.006,0
M2008,Pidgin,0.267,0
M2009,English,0.148,0
M2010,English,0.006,0
M2011,English,0.07,0
M2012,English,0.018,0
M2013,English,0.062,0
M2014,English,0.02,0
M2015,English,0.218,0
M2016,Pidgin,0.229,0
M2017,English,0.005,0
M2018,Pidgin,0.079,0
M2019,English,0.097,0
M2020,English,0.113,0
M2021,English,0.167,0
M2022,English,0.428,0
M2023,English,0.221,0
M2024,English,0.041,0
M2025,English,0.079,0
M2026,English,0.096,0
M2027,Pidgin,0.343,0
M2028,English,0.119,0
M2029,English,0.007,0
M2030,English,0.743,1
M2031,English,0.185,0
M2032,English,0.274,0
M2033,English,0.023,0
M2034,English,0.03,0
M2035,English,0.068,0
M2036,English,0.119,0
M2037,English,0.127,0
M2038,English,0.097,0
M2039,English,0.775,1
M2040,English,0.049,0
M2041,English,0.018,0
M2042,English,0.016,0
M2043,Pidgin,0.02,0
M2044,English,0.218,0
M2045,English,0.018,0
M2046,English,0.875,1
M2047,English,0.083,0
M2048,Pidgin,0.204,0
M2049,English,0.034,0
M2050,Pidgin,0.823,1
M2051,English,0.008,0
M2052,English,0.662,1
M2053,English,0.033,0
M2054,English,0.005,0
M2055,English,0.089,0
M2056,English,0.081,0
M2057,Pidgin,0.214,0
M2058,Pidgin,0.131,0
M2059,English,0.047,0
M2060,English,0.11,0
M2061,English,0.184,0
M2062,English,0.79,1
M2063,Pidgin,0.052,0
M2064,English,0.266,0
M2065,English,0.065,0
M2066,Pidgin,0.091,0
M2067,English,0.064,0
M2068,English,0.08,0
M2069,English,0.022,0
M2070,Pidgin,0.507,0
M2071,English,0.031,0
M2072,English,0.116,0
M2073,English,0.188,0
M2074,Pidgin,0.359,0
M2075,Pidgin,0.034,0
M2076,English,0.032,0
M2077,English,0.192,0
M2078,Pidgin,0.154,0
M2079,Pidgin,0.176,0
M2080,English,0.44,0
M2081,English,0.062,0
M2082,Pidgin,0.498,0
M2083,English,0.118,0
M2084,Pidgin,0.299,0
M2085,Pidgin,0.158,0
M2086,English,0.019,0
M2087,English,0.021,0
M2088,English,0.276,0
M2089,English,0.03,0
M2090,English,0.111,0
M2091,Pidgin,0.253,0
M2092,English,0.088,0
M2093,English,0.165,0
M2094,English,0.086,0
M2095,English,0.157,0
M2096,English,0.223,0
M2097,Pidgin,0.847,1
M2098,English,0.094,0
M2099,English,0.043,0
M2100,Pidgin,0.12,0
M2101,English,0.065,0
M2102,English,0.03,0
M2103,English,0.11,0
M2104,Pidgin,0.522,0
M2105,English,0.333,0
M2106,English,0.179,0
M2107,English,0.012,0
M2108,English,0.131,0
M2109,English,0.121,0
M2110,English,0.351,0
M2111,English,0.029,0
M2112,English,0.07,0
M2113,Pidgin,0.252,0
M2114,English,0.141,0
M2115,English,0.078,0
M2116,English,0.049,0
M2117,Pidgin,0.079,0
M2118,English,0.204,0
M2119,English,0.078,0
M2120,Pidgin,0.096,0
M2121,English,0.18,0
M2122,English,0.01,0
M2123,English,0.053,0
M2124,English,0.065,0
M2125,English,0.307,0
M2126,English,0.067,0
M2127,English,0.148,0
M2128,English,0.746,1
M2129,Pidgin,0.123,0
M2130,English,0.102,0
M2131,English,0.06,0
M2132,English,0.295,0
M2133,English,0.13,0
M2134,English,0.166,0
M2135,English,0.047,0
M2136,Pidgin,0.244,0
M2137,English,0.03,0
M2138,English,0.206,0
M2139,English,0.129,0
M2140,English,0.024,0
M2141,English,0.024,0
M2142,English,0.03,0
M2143,English,0.172,0
M2144,English,0.021,0
M2145,English,0.69,1
M2146,English,0.142,0
M2147,English,0.366,0
M2148,Pidgin,0.165,0
M2149,English,0.211,0
M2150,English,0.159,0
M2151,English,0.019,0
M2152,English,0.007,0
M2153,Pidgin,0.431,0
M2154,English,0.054,0
M2155,English,0.062,0
M2156,English,0.161,0
M2157,English,0.004,0
M2158,Pidgin,0.089,0
M2159,English,0.204,0
M2160,English,0.008,0
M2161,Pidgin,0.082,0
M2162,English,0.071,0
M2163,English,0.016,0
M2164,English,0.165,0
M2165,English,0.144,0
M2166,English,0.08,0
M2167,Pidgin,0.191,0
M2168,Pidgin,0.373,0
M2169,Pidgin,0.151,0
M2170,Pidgin,0.37,0
M2171,English,0.209,0
M2172,Pidgin,0.27,0
M2173,English,0.131,0
M2174,Pidgin,0.353,0
M2175,English,0.023,0
M2176,English,0.075,0
M2177,English,0.508,1
M2178,English,0.11,0
M2179,English,0.024,0
M2180,Pidgin,0.251,0
M2181,English,0.405,0
M2182,English,0.22,0
M2183,English,0.161,0
M2184,English,0.223,0
M2185,English,0.262,0
M2186,Pidgin,0.233,0
M2187,English,0.075,0
M2188,Pidgin,0.091,0
M2189,English,0.043,0
M2190,English,0.572,0
M2191,Pidgin,0.103,0
M2192,English,0.029,0
M2193,English,0.009,0
M2194,Pidgin,0.346,0
M2195,English,0.053,0
M2196,Pidgin,0.234,0
M2197,Pidgin,0.4,0
M2198,English,0.097,0
M2199,English,0.06,0
M2200,English,0.008,0
M2201,English,0.053,0
M2202,Pidgin,0.154,0
M2203,Pidgin,0.549,0
M2204,English,0.256,0
M2205,English,0.032,0
M2206,English,0.006,0
M2207,Pidgin,0.459,0
M2208,English,0.017,0
M2209,English,0.025,0
M2210,Pidgin,0.005,0
M2211,English,0.008,0
M2212,English,0.048,0
M2213,English,0.31,0
M2214,English,0.044,0
M2215,English,0.146,0
M2216,Pidgin,0.182,0
M2217,English,0.113,0
M2218,English,0.092,0
M2219,English,0.152,0
M2220,English,0.3,0
M2221,English,0.844,1
M2222,English,0.056,0
M2223,English,0.031,0
M2224,English,0.274,0
M2225,English,0.11,0
M2226,English,0.069,0
M2227,English,0.074,0
M2228,English,0.237,0
M2229,Pidgin,0.273,0
M2230,Pidgin,0.075,0
M2231,English,0.001,0
M2232,English,0.262,0
M2233,English,0.014,0
M2234,English,0.111,0
M2235,English,0.133,0
M2236,English,0.106,0
M2237,English,0.121,0
M2238,English,0.027,0
M2239,Pidgin,0.071,0
M2240,English,0.201,0
M2241,English,0.074,0
M2242,English,0.012,0
M2243,English,0.07,0
M2244,English,0.231,0
M2245,English,0.027,0
M2246,English,0.28,0
M2247,English,0.117,0
M2248,English,0.042,0
M2249,English,0.08,0
M2250,English,0.024,0
M2251,English,0.024,0
M2252,English,0.166,0
M2253,English,0.089,0
M2254,Pidgin,0.203,0
M2255,English,0.092,0
M2256,English,0.005,0
M2257,English,0.027,0
M2258,English,0.034,0
M2259,English,0.226,0
M2260,English,0.043,0
M2261,English,0.019,0
M2262,English,0.007,0
M2263,English,0.078,0
M2264,English,0.009,0
M2265,English,0.078,0
M2266,English,0.091,0
M2267,English,0.081,0
M2268,English,0.235,0
M2269,English,0.062,0
M2270,Pidgin,0.436,0
M2271,Pidgin,0.205,0
M2272,English,0.194,0
M2273,Pidgin,0.635,0
M2274,English,0.254,0
M2275,English,0.114,0
M2276,English,0.072,0
M2277,English,0.023,0
M2278,English,0.057,0
M2279,English,0.084,0
M2280,English,0.035,0
M2281,English,0.02,0
M2282,English,0.054,0
M2283,English,0.126,0
M2284,English,0.009,0
M2285,Pidgin,0.267,0
M2286,English,0.046,0
M2287,Pidgin,0.401,0
M2288,Pidgin,0.206,0
M2289,English,0.035,0
M2290,Pidgin,0.774,1
M2291,English,0.054,0
M2292,English,0.099,0
M2293,English,0.092,0
M2294,Pidgin,0.436,0
M2295,English,0.025,0
M2296,English,0.155,0
M2297,Pidgin,0.303,0
M2298,English,0.155,0
M2299,English,0.018,0
M2300,English,0.104,0
M2301,English,0.166,0
M2302,Pidgin,0.261,0
M2303,English,0.139,0
M2304,English,0.152,0
M2305,English,0.41,0
M2306,English,0.039,0
M2307,English,0.017,0
M2308,English,0.343,0
M2309,English,0.228,0
M2310,English,0.107,0
M2311,English,0.452,0
M2312,English,0.041,0
M2313,English,0.147,0
M2314,English,0.274,0
M2315,English,0.092,0
M2316,English,0.208,0
M2317,English,0.039,0
M2318,Pidgin,0.31,0
M2319,English,0.077,0
M2320,English,0.21,0
M2321,English,0.074,0
M2322,English,0.049,0
M2323,Pidgin,0.157,0
M2324,English,0.199,0
M2325,English,0.163,0
M2326,English,0.05,0
M2327,English,0.143,0
M2328,English,0.124,0
M2329,English,0.149,0
M2330,English,0.167,0
M2331,Pidgin,0.228,0
M2332,English,0.295,0
M2333,English,0.08,0
M2334,English,0.189,0
M2335,English,0.109,0
M2336,Pidgin,0.155,0
M2337,English,0.069,0
M2338,English,0.085,0
M2339,English,0.144,0
M2340,Pidgin,0.31,0
M2341,English,0.111,0
M2342,English,0.059,0
M2343,English,0.119,0
M2344,English,0.2,0
M2345,English,0.086,0
M2346,English,0.016,0
M2347,English,0.19,0
M2348,English,0.014,0
M2349,Pidgin,0.366,0
M2350,English,0.148,0
M2351,Pidgin,0.166,0
M2352,English,0.669,1
M2353,English,0.007,0
M2354,English,0.07,0
M2355,English,0.035,0
M2356,English,0.125,0
M2357,English,0.259,0
M2358,Pidgin,0.045,0
M2359,English,0.092,0
M2360,Pidgin,0.208,0
M2361,English,0.197,0
M2362,English,0.132,0
M2363,Pidgin,0.322,0
M2364,English,0.431,1
M2365,English,0.099,0
M2366,English,0.058,0
M2367,English,0.448,0
M2368,English,0.085,0
M2369,English,0.008,0
M2370,English,0.173,0
M2371,English,0.26,0
M2372,English,0.168,0
M2373,Pidgin,0.024,0
M2374,English,0.044,0
M2375,English,0.889,1
M2376,English,0.333,0
M2377,English,0.114,0
M2378,English,0.109,0
M2379,English,0.064,0
M2380,English,0.021,0
M2381,English,0.249,0
M2382,English,0.051,0
M2383,English,0.086,0
M2384,English,0.003,0
M2385,English,0.023,0
M2386,English,0.013,0
M2387,English,0.29,0
M2388,English,0.13,0
M2389,English,0.027,0
M2390,English,0.033,0
M2391,English,0.002,0
M2392,English,0.031,0
M2393,English,0.17,0
M2394,English,0.015,0
M2395,Pidgin,0.177,0
M2396,English,0.1,0
M2397,English,0.047,0
M2398,Pidgin,0.039,0
M2399,English,0.174,0
M2400,English,0.089,0
M2401,English,0.141,0
M2402,Pidgin,0.312,0
M2403,English,0.049,0
M2404,English,0.303,0
M2405,English,0.167,0
M2406,English,0.11,0
M2407,English,0.056,0
M2408,English,0.005,0
M2409,English,0.231,0
M2410,English,0.079,0
M2411,Pidgin,0.203,0
M2412,Pidgin,0.107,0
M2413,Pidgin,0.113,0
M2414,English,0.156,0
M2415,Pidgin,0.457,0
M2416,Pidgin,0.181,0
M2417,English,0.049,0
M2418,Pidgin,0.115,0
M2419,Pidgin,0.1,0
M2420,English,0.098,0
M2421,Pidgin,0.774,0
M2422,English,0.124,0
M2423,Pidgin,0.08,0
M2424,English,0.053,0
M2425,English,0.238,0
M2426,Pidgin,0.302,0
M2427,Pidgin,0.112,0
M2428,English,0.038,0
M2429,English,0.054,0
M2430,English,0.013,0
M2431,Pidgin,0.434,0
M2432,English,0.14,0
M2433,Pidgin,0.069,0
M2434,English,0.019,0
M2435,English,0.027,0
M2436,English,0.13,0
M2437,Pidgin,0.465,0
M2438,English,0.19,0
M2439,English,0,0
M2440,English,0.087,0
M2441,English,0.026,0
M2442,English,0.018,0
M2443,English,0.124,0
M2444,English,0.095,0
M2445,English,0.135,0
M2446,English,0.042,0
M2447,Pidgin,0.562,0
M2448,Pidgin,0.158,0
M2449,English,0.037,0
M2450,English,0.032,0
M2451,English,0.018,0
M2452,Pidgin,0.253,0
M2453,English,0.07,0
M2454,English,0.059,0
M2455,Pidgin,0.092,0
M2456,English,0.06,0
M2457,English,0.235,0
M2458,English,0.091,0
M2459,Pidgin,0.466,0
M2460,English,0.02,0
M2461,English,0.094,0
M2462,English,0.123,0
M2463,English,0.171,0
M2464,Pidgin,0.67,1
M2465,English,0.175,0
M2466,Pidgin,0.297,0
M2467,Pidgin,0.268,0
M2468,Pidgin,0.115,0
M2469,English,0.25,0
M2470,English,0.226,0
M2471,English,0.096,0
M2472,Pidgin,0.207,0
M2473,English,0.107,0
M2474,English,0.02,0
M2475,English,0.142,0
M2476,English,0.003,0
M2477,English,0.043,0
M2478,English,0.163,0
M2479,English,0.075,0
M2480,English,0.009,0
M2481,English,0.048,0
M2482,Pidgin,0.149,0
M2483,Pidgin,0.182,0
M2484,English,0.096,0
M2485,English,0.127,0
M2486,English,0.172,0
M2487,Pidgin,0.178,0
M2488,Pidgin,0.235,0
M2489,English,0.057,0
M2490,English,0.032,0
M2491,Pidgin,0.105,0
M2492,English,0.06,0
M2493,English,0.06,0
M2494,English,0.212,0
M2495,English,0.34,0
M2496,Pidgin,0.388,0
M2497,Pidgin,0.032,0
M2498,English,0.068,0
M2499,English,0.287,0
M2500,English,0.233,0
M2501,English,0.189,0
M2502,English,0.184,0
M2503,English,0.01,0
M2504,Pidgin,0.058,0
M2505,English,0.015,0
M2506,English,0.184,0
M2507,English,0.039,0
M2508,English,0.151,0
M2509,English,0.006,0
M2510,English,0.002,0
M2511,English,0.014,0
M2512,Pidgin,0.426,0
M2513,English,0.024,0
M2514,English,0.012,0
M2515,English,0.025,0
M2516,Pidgin,0.409,0
M2517,Pidgin,0.132,0
M2518,English,0.031,0
M2519,English,0.063,0
M2520,English,0.012,0
M2521,English,0.048,0
M2522,English,0.005,0
M2523,English,0.076,0
M2524,Pidgin,0.058,0
M2525,English,0.057,0
M2526,English,0.007,0
M2527,Pidgin,0.238,0
M2528,Pidgin,0.095,0
M2529,English,0.258,0
M2530,English,0.314,0
M2531,English,0.108,0
M2532,Pidgin,0.42,0
M2533,English,0.207,0
M2534,English,0.041,0
M2535,English,0.079,0
M2536,English,0.068,0
M2537,Pidgin,0.428,0
M2538,English,0.093,0
M2539,English,0.019,0
M2540,English,0.049,0
M2541,English,0.122,0
M2542,English,0.041,0
M2543,English,0.016,0
M2544,English,0.014,0
M2545,English,0.125,0
M2546,Pidgin,0.555,0
M2547,English,0.015,0
M2548,English,0.056,0
M2549,English,0.112,0
M2550,English,0.22,0
M2551,English,0.015,0
M2552,Pidgin,0.046,0
M2553,English,0.193,0
M2554,Pidgin,0.214,0
M2555,English,0.256,0
M2556,English,0.024,0
M2557,English,0.089,0
M2558,English,0.006,0
M2559,English,0.066,0
M2560,English,0.04,0
M2561,English,0.237,0
M2562,English,0.325,0
M2563,Pidgin,0.435,0
M2564,English,0.056,0
M2565,Pidgin,0.218,0
M2566,English,0.145,0
M2567,English,0.181,0
M2568,English,0.012,0
M2569,English,0.004,0
M2570,Pidgin,0.141,0
M2571,English,0.079,0
M2572,English,0.023,0
M2573,Pidgin,0.079,0
M2574,English,0.007,0
M2575,English,0.025,0
M2576,English,0.292,0
M2577,English,0.024,0
M2578,English,0.118,0
M2579,English,0.011,0
M2580,Pidgin,0.27,0
M2581,English,0.036,0
M2582,English,0.146,0
M2583,English,0.071,0
M2584,English,0.155,0
M2585,English,0.81,1
M2586,Pidgin,0.196,0
M2587,Pidgin,0.103,0
M2588,English,0.27,0
M2589,Pidgin,0.303,0
M2590,English,0.742,1
M2591,English,0.134,0
M2592,English,0.214,0
M2593,Pidgin,0.244,0
M2594,English,0.123,0
M2595,English,0.078,0
M2596,English,0.084,0
M2597,English,0.004,0
M2598,English,0.124,0
M2599,Pidgin,0.087,0
M2600,English,0.095,0
M2601,English,0.002,0
M2602,Pidgin,0.077,0
M2603,English,0.035,0
M2604,English,0.077,0
M2605,English,0.471,0
M2606,Pidgin,0.104,0
M2607,English,0.034,0
M2608,English,0.022,0
M2609,Pidgin,0.189,0
M2610,Pidgin,0.228,0
M2611,Pidgin,0.11,0
M2612,English,0.127,0
M2613,English,0.049,0
M2614,English,0.268,0
M2615,English,0.867,1
M2616,Pidgin,0.137,0
M2617,English,0.109,0
M2618,English,0.006,0
M2619,Pidgin,0.394,0
M2620,Pidgin,0.822,1
M2621,English,0.14,0
M2622,English,0.171,0
M2623,English,0.043,0
M2624,English,0.064,0
M2625,Pidgin,0.171,0
M2626,English,0.086,0
M2627,English,0.163,0
M2628,English,0.027,0
M2629,English,0.195,0
M2630,Pidgin,0.095,0
M2631,English,0.144,0
M2632,English,0.111,0
M2633,English,0.019,0
M2634,English,0.002,0
M2635,English,0.032,0
M2636,Pidgin,0.347,0
M2637,English,0.017,0
M2638,Pidgin,0.103,0
M2639,English,0.054,0
M2640,Pidgin,0.099,0
M2641,English,0.062,0
M2642,English,0.138,0
M2643,Pidgin,0.174,0
M2644,English,0.113,0
M2645,Pidgin,0.148,0
M2646,English,0.06,0
M2647,Pidgin,0.195,0
M2648,English,0.202,0
M2649,English,0.225,0
M2650,English,0.111,0
M2651,English,0.103,0
M2652,English,0.082,0
M2653,English,0.034,0
M2654,English,0.004,0
M2655,Pidgin,0.056,0
M2656,Pidgin,0.285,0
M2657,English,0.122,0
M2658,English,0.072,0
M2659,English,0.073,0
M2660,English,0.027,0
M2661,English,0.019,0
M2662,English,0.006,0
M2663,Pidgin,0.291,0
M2664,English,0.053,0
M2665,Pidgin,0.131,0
M2666,English,0.019,0
M2667,English,0.171,0
M2668,English,0.066,0
M2669,Pidgin,0.126,0
M2670,English,0.389,0
M2671,English,0.103,0
M2672,Pidgin,0.475,0
M2673,English,0.037,0
M2674,English,0.268,0
M2675,English,0.042,0
M2676,English,0.159,0
M2677,Pidgin,0.282,0
M2678,English,0.217,0
M2679,English,0.098,0
M2680,English,0.767,1
M2681,English,0.21,0
M2682,English,0.217,0
M2683,Pidgin,0.541,0
M2684,English,0.019,0
M2685,English,0.015,0
M2686,English,0.214,0
M2687,English,0.008,0
M2688,Pidgin,0.351,0
M2689,English,0.133,0
M2690,English,0.106,0
M2691,English,0.086,0
M2692,English,0.623,1
M2693,English,0.183,0
M2694,English,0.943,1
M2695,English,0.219,0
M2696,English,0.003,0
M2697,English,0.288,0
M2698,English,0.236,0
M2699,English,0.055,0
M2700,English,0.006,0
M2701,English,0.205,0
M2702,English,0.14,0
M2703,English,0.107,0
M2704,Pidgin,0.465,0
M2705,English,0.389,0
M2706,English,0.016,0
M2707,English,0.004,0
M2708,English,0.01,0
M2709,English,0.191,0
M2710,Pidgin,0.284,0
M2711,English,0.045,0
M2712,English,0.173,0
M2713,English,0.142,0
M2714,English,0.02,0
M2715,English,0.136,0
M2716,English,0.056,0
M2717,English,0.002,0
M2718,English,0.023,0
M2719,English,0.255,0
M2720,English,0.903,1
M2721,Pidgin,0.8,1
M2722,English,0.21,0
M2723,English,0.053,0
M2724,English,0.061,0
M2725,English,0.182,0
M2726,Pidgin,0.252,0
M2727,Pidgin,0.347,0
M2728,Pidgin,0.183,0
M2729,English,0.028,0
M2730,English,0.19,0
M2731,English,0.096,0
M2732,English,0.062,0
M2733,English,0.108,0
M2734,English,0.005,0
M2735,English,0.158,0
M2736,English,0.134,0
M2737,Pidgin,0.323,0
M2738,English,0.035,0
M2739,English,0.123,0
M2740,English,0.012,0
M2741,English,0.032,0
M2742,English,0.02,0
M2743,Pidgin,0.457,0
M2744,English,0.013,0
M2745,English,0.01,0
M2746,English,0.028,0
M2747,Pidgin,0.243,0
M2748,English,0.041,0
M2749,English,0.454,0
M2750,English,0.023,0
M2751,English,0.024,0
M2752,English,0.629,1
M2753,English,0.143,0
M2754,English,0.359,0
M2755,Pidgin,0.126,0
M2756,English,0.02,0
M2757,English,0.011,0
M2758,English,0.1,0
M2759,English,0.067,0
M2760,English,0.889,1
M2761,English,0.089,0
M2762,English,0.117,0
M2763,Pidgin,0.081,0
M2764,Pidgin,0.731,1
M2765,Pidgin,0.262,0
M2766,English,0.056,0
M2767,English,0.203,0
M2768,English,0.37,0
M2769,English,0.105,0
M2770,English,0.252,0
M2771,English,0.159,0
M2772,Pidgin,0.275,0
M2773,English,0.055,0
M2774,English,0.322,0
M2775,English,0.202,0
M2776,English,0.191,0
M2777,Pidgin,0.314,0
M2778,Pidgin,0.167,0
M2779,English,0.002,0
M2780,Pidgin,0.302,0
M2781,Pidgin,0.282,0
M2782,English,0.045,0
M2783,English,0.056,0
M2784,English,0.07,0
M2785,English,0.116,0
M2786,English,0.036,0
M2787,English,0.87,1
M2788,English,0.117,0
M2789,English,0.166,0
M2790,English,0.082,0
M2791,English,0.299,0
M2792,English,0.101,0
M2793,English,0.614,1
M2794,English,0.559,1
M2795,English,0.334,0
M2796,English,0.284,0
M2797,English,0.222,0
M2798,English,0.1,0
M2799,English,0.217,0
M2800,Pidgin,0.16,0
M2801,Pidgin,0.109,0
M2802,Pidgin,0.21,0
M2803,English,0.115,0
M2804,English,0.111,0
M2805,English,0.2,0
M2806,English,0.908,1
M2807,English,0.17,0
M2808,Pidgin,0.121,0
M2809,English,0.076,0
M2810,English,0.072,0
M2811,English,0.285,0
M2812,English,0.105,0
M2813,English,0.128,0
M2814,English,0.356,0
M2815,English,0.073,0
M2816,English,0.87,1
M2817,Pidgin,0.346,0
M2818,English,0.272,0
M2819,English,0.221,0
M2820,English,0.188,0
M2821,English,0.069,0
M2822,English,0.118,0
M2823,English,0.146,0
M2824,English,0.447,0
M2825,English,0.13,0
M2826,English,0.15,0
M2827,English,0.185,0
M2828,English,0.016,0
M2829,English,0.403,0
M2830,Pidgin,0.285,0
M2831,English,0.264,0
M2832,English,0.126,0
M2833,Pidgin,0.252,0
M2834,English,0.118,0
M2835,Pidgin,0.253,0
M2836,English,0.146,0
M2837,Pidgin,0.875,1
M2838,Pidgin,0.077,0
M2839,English,0.002,0
M2840,English,0.099,0
M2841,English,0.132,0
M2842,English,0.656,1
M2843,English,0.09,0
M2844,Pidgin,0.032,0
M2845,English,0.051,0
M2846,English,0.042,0
M2847,English,0.134,0
M2848,Pidgin,0.246,0
M2849,English,0.114,0
M2850,English,0.086,0
M2851,English,0.02,0
M2852,English,0.035,0
M2853,Pidgin,0.084,0
M2854,Pidgin,0.319,0
M2855,Pidgin,0.427,0
M2856,Pidgin,0.105,0
M2857,English,0.235,0
M2858,English,0.025,0
M2859,Pidgin,0.42,0
M2860,English,0.114,0
M2861,Pidgin,0.358,0
M2862,English,0.008,0
M2863,English,0.138,0
M2864,English,0.21,0
M2865,English,0.042,0
M2866,English,0.037,0
M2867,Pidgin,0.273,0
M2868,English,0.096,0
M2869,English,0.018,0
M2870,English,0.01,0
M2871,English,0.068,0
M2872,English,0.103,0
M2873,English,0.226,0
M2874,Pidgin,0.185,0
M2875,English,0.059,0
M2876,English,0.145,0
M2877,Pidgin,0.22,0
M2878,English,0.264,0
M2879,English,0.124,0
M2880,English,0.057,0
M2881,Pidgin,0.227,0
M2882,English,0.101,0
M2883,English,0.19,0
M2884,English,0.161,0
M2885,Pidgin,0.274,0
M2886,English,0.219,0
M2887,English,0.127,0
M2888,English,0.027,0
M2889,Pidgin,0.333,0
M2890,English,0.053,0
M2891,English,0.114,0
M2892,English,0.046,0
M2893,English,0.018,0
M2894,English,0.121,0
M2895,English,0.094,0
M2896,Pidgin,0.16,0
M2897,English,0.059,0
M2898,English,0.155,0
M2899,English,0.217,0
M2900,English,0.082,0
M2901,Pidgin,0.694,0
M2902,English,0.033,0
M2903,English,0.152,0
M2904,English,0.287,0
M2905,English,0.024,0
M2906,Pidgin,0.336,0
M2907,English,0.259,0
M2908,English,0.042,0
M2909,Pidgin,0.3,0
M2910,Pidgin,0.285,0
M2911,English,0.132,0
M2912,English,0.055,0
M2913,Pidgin,0.196,0
M2914,Pidgin,0.41,0
M2915,English,0.254,0
M2916,Pidgin,0.101,0
M2917,English,0.033,0
M2918,English,0.306,0
M2919,Pidgin,0.09,0
M2920,English,0.012,0
M2921,Pidgin,0.471,0
M2922,English,0.048,0
M2923,English,0.021,0
M2924,English,0.018,0
M2925,Pidgin,0.101,0
M2926,English,0.094,0
M2927,English,0.003,0
M2928,English,0.024,0
M2929,Pidgin,0.265,0
M2930,English,0.044,0
M2931,English,0.013,0
M2932,English,0.028,0
M2933,English,0.001,0
M2934,English,0.121,0
M2935,English,0.046,0
M2936,English,0.003,0
M2937,English,0.232,0
M2938,English,0.022,0
M2939,English,0.024,0
M2940,English,0.135,0
M2941,English,0.082,0
M2942,English,0.001,0
M2943,Pidgin,0.258,0
M2944,English,0.104,0
M2945,English,0.129,0
M2946,Pidgin,0.298,0
M2947,English,0.884,1
M2948,English,0.07,0
M2949,English,0.088,0
M2950,English,0.227,0
M2951,English,0.229,0
M2952,English,0.006,0
M2953,English,0.018,0
M2954,English,0.021,0
M2955,English,0.018,0
M2956,English,0.069,0
M2957,English,0.082,0
M2958,English,0.001,0
M2959,Pidgin,0.148,0
M2960,English,0.202,0
M2961,English,0.097,0
M2962,English,0.23,0
M2963,English,0.103,0
M2964,English,0.152,0
M2965,English,0.046,0
M2966,English,0.061,0
M2967,English,0.035,0
M2968,English,0.025,0
M2969,Pidgin,0.388,0
M2970,English,0.121,0
M2971,English,0.049,0
M2972,Pidgin,0.201,0
M2973,Pidgin,0.467,0
M2974,English,0.309,0
M2975,English,0.007,0
M2976,English,0.116,0
M2977,English,0.148,0
M2978,English,0.054,0
M2979,English,0.155,0
M2980,Pidgin,0.087,0
M2981,Pidgin,0.039,0
M2982,Pidgin,0.084,0
M2983,Pidgin,0.357,0
M2984,English,0.026,0
M2985,English,0.094,0
M2986,Pidgin,0.203,0
M2987,Pidgin,0.207,0
M2988,English,0.038,0
M2989,English,0.002,0
M2990,English,0.137,0
M2991,Pidgin,0.305,1
M2992,Pidgin,0.055,0
M2993,English,0.279,0
M2994,English,0.196,0
M2995,English,0.163,0
M2996,English,0.036,0
M2997,Pidgin,0.123,0
M2998,Pidgin,0.099,0
M2999,English,0.17,0
M3000,English,0.086,0
